發生年度,發生月份,發生日期,發生時間,事故類別名稱,處理單位名稱警局層,發生地點,天候名稱,光線名稱,道路類別-第1當事者-名稱,速限-第1當事者,道路型態大類別名稱,道路型態子類別名稱,事故位置大類別名稱,事故位置子類別名稱,路面狀況-路面鋪裝名稱,路面狀況-路面狀態名稱,路面狀況-路面缺陷名稱,道路障礙-障礙物名稱,道路障礙-視距品質名稱,道路障礙-視距名稱,號誌-號誌種類名稱,號誌-號誌動作名稱,車道劃分設施-分向設施大類別名稱,車道劃分設施-分向設施子類別名稱,車道劃分設施-分道設施-快車道或一般車道間名稱,車道劃分設施-分道設施-快慢車道間名稱,車道劃分設施-分道設施-路面邊線名稱,事故類型及型態大類別名稱,事故類型及型態子類別名稱,肇因研判大類別名稱-主要,肇因研判子類別名稱-主要,死亡受傷人數,當事者順位,當事者區分-類別-大類別名稱-車種,當事者區分-類別-子類別名稱-車種,當事者屬-性-別名稱,當事者事故發生時年齡,保護裝備名稱,行動電話或電腦或其他相類功能裝置名稱,當事者行動狀態大類別名稱,當事者行動狀態子類別名稱,車輛撞擊部位大類別名稱-最初,車輛撞擊部位子類別名稱-最初,車輛撞擊部位大類別名稱-其他,車輛撞擊部位子類別名稱-其他,肇因研判大類別名稱-個別,肇因研判子類別名稱-個別,肇事逃逸類別名稱-是否肇逃,經度,緯度
2021,1,20210121,125024,A1,宜蘭縣政府警察局,宜蘭縣三星鄉上將路七段與雙和一路口,晴,日間自然光線,村里道路,50,交岔路,四岔路,交叉路口,交叉路口內,柏油,乾燥,無缺陷,無障礙物,良好,良好,閃光號誌,正常,無,無分向設施,未繪設車道線,未繪設快慢車道分隔線,無,車與車,路口交岔撞,駕駛人,違反號誌管制或指揮,死亡1;受傷3,3,人,乘客,男,43,不明,非駕駛人,人的狀態,其他,其他,非汽(機)車,,,無(非車輛駕駛人因素),尚未發現肇事因素,否,121.644155,24.677092
2021,1,20210121,125024,A1,宜蘭縣政府警察局,宜蘭縣三星鄉上將路七段與雙和一路口,晴,日間自然光線,村里道路,50,交岔路,四岔路,交叉路口,交叉路口內,柏油,乾燥,無缺陷,無障礙物,良好,良好,閃光號誌,正常,無,無分向設施,未繪設車道線,未繪設快慢車道分隔線,無,車與車,路口交岔撞,駕駛人,違反號誌管制或指揮,死亡1;受傷3,4,人,乘客,男,39,不明,非駕駛人,人的狀態,其他,其他,非汽(機)車,,,無(非車輛駕駛人因素),尚未發現肇事因素,否,121.644155,24.677092
2021,1,20210121,125024,A1,宜蘭縣政府警察局,宜蘭縣三星鄉上將路七段與雙和一路口,晴,日間自然光線,村里道路,50,交岔路,四岔路,交叉路口,交叉路口內,柏油,乾燥,無缺陷,無障礙物,良好,良好,閃光號誌,正常,無,無分向設施,未繪設車道線,未繪設快慢車道分隔線,無,車與車,路口交岔撞,駕駛人,違反號誌管制或指揮,死亡1;受傷3,1,小客車,自用,女,65,戴安全帽或繫安全帶(使用幼童安全椅),未使用,車的狀態,向前直行中,汽車,前車頭,,,駕駛人,違反號誌管制或指揮,否,121.644155,24.677092
2021,1,20210121,125024,A1,宜蘭縣政府警察局,宜蘭縣三星鄉上將路七段與雙和一路口,晴,日間自然光線,村里道路,50,交岔路,四岔路,交叉路口,交叉路口內,柏油,乾燥,無缺陷,無障礙物,良好,良好,閃光號誌,正常,無,無分向設施,未繪設車道線,未繪設快慢車道分隔線,無,車與車,路口交岔撞,駕駛人,違反號誌管制或指揮,死亡1;受傷3,2,小貨車(含客、貨兩用),自用,男,22,未戴案全帽或未繫安全帶(未使用幼童安全椅),未使用,車的狀態,向前直行中,汽車,左側車身,,,駕駛人,未依規定減速,否,121.644155,24.677092
2021,1,20210121,175200,A1,臺中市政府警察局,臺中市西區中興里公益路 / 臺中市西區中興里美村路,晴,夜間(或隧道、地下道、涵洞)有照明,市區道路,50,交岔路,四岔路,交叉路口,交叉路口內,柏油,乾燥,無缺陷,無障礙物,良好,良好,行車管制號誌,正常,無,無分向設施,未繪設車道線,未繪設快慢車道分隔線,無,車與車,其他,駕駛人,未依規定讓車,死亡1;受傷0,1,小貨車(含客、貨兩用),營業用,男,24,不明,不明,車的狀態,左轉彎,汽車,右側車身,,,駕駛人,未依規定讓車,否,120.661669,24.150855
2021,1,20210121,175200,A1,臺中市政府警察局,臺中市西區中興里公益路 / 臺中市西區中興里美村路,晴,夜間(或隧道、地下道、涵洞)有照明,市區道路,50,交岔路,四岔路,交叉路口,交叉路口內,柏油,乾燥,無缺陷,無障礙物,良好,良好,行車管制號誌,正常,無,無分向設施,未繪設車道線,未繪設快慢車道分隔線,無,車與車,其他,駕駛人,未依規定讓車,死亡1;受傷0,2,機車,普通重型,男,23,戴安全帽或繫安全帶(使用幼童安全椅),未使用,車的狀態,向前直行中,機車,前車頭,,,駕駛人,未注意車前狀態,否,120.661669,24.150855
2021,1,20210121,182000,A1,臺東縣警察局,臺東縣東河鄉台11線 126公里400.0公尺處附近,陰,夜間(或隧道、地下道、涵洞)無照明,省道,60,單路部分,直路,路段,快車道,柏油,乾燥,無缺陷,無障礙物,良好,良好,無號誌,無號誌,雙向禁止超車線,附標記,未繪設車道線,快慢車道分隔線,有,車與車,側撞,駕駛人,酒醉(後)駕駛失控,死亡1;受傷4,1,小客車,自用,男,49,戴安全帽或繫安全帶(使用幼童安全椅),不明,車的狀態,向前直行中,汽車,前車頭,,,駕駛人,酒醉(後)駕駛失控,否,121.344379,23.059007
2021,1,20210121,182000,A1,臺東縣警察局,臺東縣東河鄉台11線 126公里400.0公尺處附近,陰,夜間(或隧道、地下道、涵洞)無照明,省道,60,單路部分,直路,路段,快車道,柏油,乾燥,無缺陷,無障礙物,良好,良好,無號誌,無號誌,雙向禁止超車線,附標記,未繪設車道線,快慢車道分隔線,有,車與車,側撞,駕駛人,酒醉(後)駕駛失控,死亡1;受傷4,3,人,乘客,女,16,未戴案全帽或未繫安全帶(未使用幼童安全椅),非駕駛人,人的狀態,其他,其他,非汽(機)車,,,無(非車輛駕駛人因素),尚未發現肇事因素,否,121.344379,23.059007
2021,1,20210121,182000,A1,臺東縣警察局,臺東縣東河鄉台11線 126公里400.0公尺處附近,陰,夜間(或隧道、地下道、涵洞)無照明,省道,60,單路部分,直路,路段,快車道,柏油,乾燥,無缺陷,無障礙物,良好,良好,無號誌,無號誌,雙向禁止超車線,附標記,未繪設車道線,快慢車道分隔線,有,車與車,側撞,駕駛人,酒醉(後)駕駛失控,死亡1;受傷4,4,人,乘客,女,17,未戴案全帽或未繫安全帶(未使用幼童安全椅),非駕駛人,人的狀態,其他,其他,非汽(機)車,,,無(非車輛駕駛人因素),尚未發現肇事因素,否,121.344379,23.059007
2021,1,20210121,182000,A1,臺東縣警察局,臺東縣東河鄉台11線 126公里400.0公尺處附近,陰,夜間(或隧道、地下道、涵洞)無照明,省道,60,單路部分,直路,路段,快車道,柏油,乾燥,無缺陷,無障礙物,良好,良好,無號誌,無號誌,雙向禁止超車線,附標記,未繪設車道線,快慢車道分隔線,有,車與車,側撞,駕駛人,酒醉(後)駕駛失控,死亡1;受傷4,5,人,乘客,女,42,未戴案全帽或未繫安全帶(未使用幼童安全椅),非駕駛人,人的狀態,其他,其他,非汽(機)車,,,無(非車輛駕駛人因素),尚未發現肇事因素,否,121.344379,23.059007
2021,1,20210121,182000,A1,臺東縣警察局,臺東縣東河鄉台11線 126公里400.0公尺處附近,陰,夜間(或隧道、地下道、涵洞)無照明,省道,60,單路部分,直路,路段,快車道,柏油,乾燥,無缺陷,無障礙物,良好,良好,無號誌,無號誌,雙向禁止超車線,附標記,未繪設車道線,快慢車道分隔線,有,車與車,側撞,駕駛人,酒醉(後)駕駛失控,死亡1;受傷4,6,人,乘客,女,26,未戴案全帽或未繫安全帶(未使用幼童安全椅),非駕駛人,人的狀態,其他,其他,非汽(機)車,,,無(非車輛駕駛人因素),尚未發現肇事因素,否,121.344379,23.059007
2021,1,20210121,182000,A1,臺東縣警察局,臺東縣東河鄉台11線 126公里400.0公尺處附近,陰,夜間(或隧道、地下道、涵洞)無照明,省道,60,單路部分,直路,路段,快車道,柏油,乾燥,無缺陷,無障礙物,良好,良好,無號誌,無號誌,雙向禁止超車線,附標記,未繪設車道線,快慢車道分隔線,有,車與車,側撞,駕駛人,酒醉(後)駕駛失控,死亡1;受傷4,2,大客車,民營公車,男,48,戴安全帽或繫安全帶(使用幼童安全椅),未使用,車的狀態,向前直行中,汽車,前車頭,,,無(車輛駕駛人因素),尚未發現肇事因素,否,121.344379,23.059007
2021,1,20210121,200500,A1,彰化縣警察局,彰化縣大村鄉黃厝村美港路415號前0.0公尺前,晴,夜間(或隧道、地下道、涵洞)有照明,村里道路,50,單路部分,直路,路段,一般車道(未劃分快慢車道),柏油,乾燥,無缺陷,無障礙物,良好,良好,無號誌,無號誌,行車分向線,無標記,未繪設車道線,未繪設快慢車道分隔線,有,汽(機)車本身,撞路樹、電桿,其他,不明原因肇事,死亡1;受傷0,2,,,無或物(動物、堆置物),0,,,,,,,,,無(非車輛駕駛人因素),尚未發現肇事因素,否,120.582267,23.984253
2021,1,20210121,200500,A1,彰化縣警察局,彰化縣大村鄉黃厝村美港路415號前0.0公尺前,晴,夜間(或隧道、地下道、涵洞)有照明,村里道路,50,單路部分,直路,路段,一般車道(未劃分快慢車道),柏油,乾燥,無缺陷,無障礙物,良好,良好,無號誌,無號誌,行車分向線,無標記,未繪設車道線,未繪設快慢車道分隔線,有,汽(機)車本身,撞路樹、電桿,其他,不明原因肇事,死亡1;受傷0,1,機車,普通重型,男,26,戴安全帽或繫安全帶(使用幼童安全椅),未使用,車的狀態,向前直行中,機車,前車頭,,,其他,不明原因肇事,否,120.582267,23.984253
2021,1,20210121,201800,A1,雲林縣警察局,雲林縣四湖鄉林厝村文化路20巷,陰,夜間(或隧道、地下道、涵洞)無照明,村里道路,30,單路部分,直路,路段,一般車道(未劃分快慢車道),柏油,濕潤,無缺陷,無障礙物,良好,良好,無號誌,無號誌,無,無分向設施,未繪設車道線,未繪設快慢車道分隔線,無,汽(機)車本身,撞路樹、電桿,其他,不明原因肇事,死亡1;受傷0,2,,,無或物(動物、堆置物),-1,,,,,,,,,無(非車輛駕駛人因素),尚未發現肇事因素,否,120.193566,23.637083
2021,1,20210121,201800,A1,雲林縣警察局,雲林縣四湖鄉林厝村文化路20巷,陰,夜間(或隧道、地下道、涵洞)無照明,村里道路,30,單路部分,直路,路段,一般車道(未劃分快慢車道),柏油,濕潤,無缺陷,無障礙物,良好,良好,無號誌,無號誌,無,無分向設施,未繪設車道線,未繪設快慢車道分隔線,無,汽(機)車本身,撞路樹、電桿,其他,不明原因肇事,死亡1;受傷0,1,機車,普通重型,男,81,不明,不明,車的狀態,向前直行中,機車,前車頭,,,其他,不明原因肇事,否,120.193566,23.637083
2021,1,20210121,205500,A1,桃園市政府警察局,桃園市楊梅區中山北路1段16號前0.0公尺,晴,夜間(或隧道、地下道、涵洞)有照明,市區道路,50,單路部分,直路,路段,一般車道(未劃分快慢車道),柏油,乾燥,無缺陷,無障礙物,良好,良好,無號誌,無號誌,行車分向線,無標記,車道線(無標記),未繪設快慢車道分隔線,有,人與汽(機)車,穿越道路中,行人(或乘客),未依規定行走行人穿越道、地下道、天橋而穿越道路,死亡1;受傷0,2,小客車,自用,男,51,戴安全帽或繫安全帶(使用幼童安全椅),未使用,車的狀態,向前直行中,汽車,前車頭,汽車,前車頭,駕駛人,未注意車前狀態,否,121.149606,24.907525
2021,1,20210121,205500,A1,桃園市政府警察局,桃園市楊梅區中山北路1段16號前0.0公尺,晴,夜間(或隧道、地下道、涵洞)有照明,市區道路,50,單路部分,直路,路段,一般車道(未劃分快慢車道),柏油,乾燥,無缺陷,無障礙物,良好,良好,無號誌,無號誌,行車分向線,無標記,車道線(無標記),未繪設快慢車道分隔線,有,人與汽(機)車,穿越道路中,行人(或乘客),未依規定行走行人穿越道、地下道、天橋而穿越道路,死亡1;受傷0,1,人,行人,男,69,其他(無需使用保護裝備之人),未使用,人的狀態,步行,其他,非汽(機)車,其他,非汽(機)車,行人(或乘客),未依規定行走行人穿越道、地下道、天橋而穿越道路,否,121.149606,24.907525
2021,1,20210121,235600,A1,臺東縣警察局,臺東縣大武鄉台9線 408公里700.0公尺處北側向外側,晴,夜間(或隧道、地下道、涵洞)無照明,省道,60,單路部分,直路,路段,路肩、路緣,柏油,濕潤,無缺陷,無障礙物,良好,良好,無號誌,無號誌,雙向禁止超車線,附標記,車道線(無標記),未繪設快慢車道分隔線,有,汽(機)車本身,撞橋樑、建築物,其他,其他引起事故之違規或不當行為,死亡1;受傷0,2,,,無或物(動物、堆置物),-1,,,,,,,,,無(非車輛駕駛人因素),尚未發現肇事因素,否,120.938144,22.440477
2021,1,20210121,235600,A1,臺東縣警察局,臺東縣大武鄉台9線 408公里700.0公尺處北側向外側,晴,夜間(或隧道、地下道、涵洞)無照明,省道,60,單路部分,直路,路段,路肩、路緣,柏油,濕潤,無缺陷,無障礙物,良好,良好,無號誌,無號誌,雙向禁止超車線,附標記,車道線(無標記),未繪設快慢車道分隔線,有,汽(機)車本身,撞橋樑、建築物,其他,其他引起事故之違規或不當行為,死亡1;受傷0,1,小貨車(含客、貨兩用),自用,男,64,戴安全帽或繫安全帶(使用幼童安全椅),未使用,車的狀態,向前直行中,汽車,前車頭,,,其他,其他引起事故之違規或不當行為,否,120.938144,22.440477
2021,1,20210122,5423,A1,臺南市政府警察局,臺南市仁德區後壁里中正路二段附近 / 臺南市仁德區後壁里德洋路附近,晴,夜間(或隧道、地下道、涵洞)有照明,市區道路,50,交岔路,四岔路,交叉路口,交叉口附近,柏油,乾燥,無缺陷,無障礙物,良好,良好,閃光號誌,正常,行車分向線,無標記,車道線(無標記),快慢車道分隔線,有,人與汽(機)車,穿越道路中,駕駛人,超速失控,死亡1;受傷1,1,機車,普通重型,男,19,戴安全帽或繫安全帶(使用幼童安全椅),未使用,車的狀態,向前直行中,機車,前車頭,,,駕駛人,超速失控,否,120.251436,22.950224
2021,1,20210122,5423,A1,臺南市政府警察局,臺南市仁德區後壁里中正路二段附近 / 臺南市仁德區後壁里德洋路附近,晴,夜間(或隧道、地下道、涵洞)有照明,市區道路,50,交岔路,四岔路,交叉路口,交叉口附近,柏油,乾燥,無缺陷,無障礙物,良好,良好,閃光號誌,正常,行車分向線,無標記,車道線(無標記),快慢車道分隔線,有,人與汽(機)車,穿越道路中,駕駛人,超速失控,死亡1;受傷1,2,人,行人,女,84,其他(無需使用保護裝備之人),非駕駛人,人的狀態,步行,其他,非汽(機)車,,,無(非車輛駕駛人因素),尚未發現肇事因素,否,120.251436,22.950224
2021,1,20210122,45100,A1,基隆市警察局,基隆市安樂區安樂路二段145號前0.0公尺,陰,夜間(或隧道、地下道、涵洞)有照明,市區道路,50,交岔路,三岔路,交叉路口,交叉路口內,柏油,乾燥,無缺陷,無障礙物,良好,良好,行車管制號誌(附設行人專用號誌),正常,無,無分向設施,未繪設車道線,未繪設快慢車道分隔線,無,人與汽(機)車,穿越道路中,駕駛人,搶越行人穿越道,死亡1;受傷1,1,機車,普通重型,男,30,戴安全帽或繫安全帶(使用幼童安全椅),未使用,車的狀態,向前直行中,機車,前車頭,機車,前車頭,駕駛人,搶越行人穿越道,否,121.724197,25.121314
2021,1,20210122,45100,A1,基隆市警察局,基隆市安樂區安樂路二段145號前0.0公尺,陰,夜間(或隧道、地下道、涵洞)有照明,市區道路,50,交岔路,三岔路,交叉路口,交叉路口內,柏油,乾燥,無缺陷,無障礙物,良好,良好,行車管制號誌(附設行人專用號誌),正常,無,無分向設施,未繪設車道線,未繪設快慢車道分隔線,無,人與汽(機)車,穿越道路中,駕駛人,搶越行人穿越道,死亡1;受傷1,2,人,行人,女,89,其他(無需使用保護裝備之人),非駕駛人,人的狀態,步行,其他,非汽(機)車,其他,非汽(機)車,無(非車輛駕駛人因素),尚未發現肇事因素,否,121.724197,25.121314
2021,1,20210122,50800,A1,臺北市政府警察局,臺北市大安區仁愛路4段 / 臺北市大安區復興南路1段,晴,夜間(或隧道、地下道、涵洞)有照明,市區道路,50,交岔路,多岔路,交叉路口,交叉路口內,柏油,乾燥,無缺陷,無障礙物,良好,良好,行車管制號誌,正常,中央分向島,寛式(50公分以上),車道線(無標記),寛式快慢車道分隔島(50公分以上),無,車與車,其他,駕駛人,未依規定讓車,死亡1;受傷0,1,機車,普通重型,男,21,戴安全帽或繫安全帶(使用幼童安全椅),不明,車的狀態,左轉彎,機車,前車頭,機車,前車頭,駕駛人,未依規定讓車,否,121.543741,25.038088
2021,1,20210122,50800,A1,臺北市政府警察局,臺北市大安區仁愛路4段 / 臺北市大安區復興南路1段,晴,夜間(或隧道、地下道、涵洞)有照明,市區道路,50,交岔路,多岔路,交叉路口,交叉路口內,柏油,乾燥,無缺陷,無障礙物,良好,良好,行車管制號誌,正常,中央分向島,寛式(50公分以上),車道線(無標記),寛式快慢車道分隔島(50公分以上),無,車與車,其他,駕駛人,未依規定讓車,死亡1;受傷0,2,小客車,計程車,男,33,戴安全帽或繫安全帶(使用幼童安全椅),不明,車的狀態,向前直行中,汽車,左側車身,汽車,左側車身,駕駛人,未注意車前狀態,否,121.543741,25.038088
2021,1,20210122,110200,A1,高雄市政府警察局,高雄市左營區大中二路 / 高雄市左營區博愛三路,晴,日間自然光線,市區道路,50,交岔路,四岔路,交叉路口,交叉路口內,柏油,乾燥,無缺陷,無障礙物,良好,良好,行車管制號誌,正常,無,無分向設施,未繪設車道線,未繪設快慢車道分隔線,無,車與車,側撞,駕駛人,未依規定讓車,死亡1;受傷0,2,機車,普通重型,女,30,戴安全帽或繫安全帶(使用幼童安全椅),未使用,車的狀態,向前直行中,機車,前車頭,機車,前車頭,無(車輛駕駛人因素),尚未發現肇事因素,否,120.310175,22.681073
2021,1,20210122,110200,A1,高雄市政府警察局,高雄市左營區大中二路 / 高雄市左營區博愛三路,晴,日間自然光線,市區道路,50,交岔路,四岔路,交叉路口,交叉路口內,柏油,乾燥,無缺陷,無障礙物,良好,良好,行車管制號誌,正常,無,無分向設施,未繪設車道線,未繪設快慢車道分隔線,無,車與車,側撞,駕駛人,未依規定讓車,死亡1;受傷0,1,小貨車(含客、貨兩用),自用,男,53,戴安全帽或繫安全帶(使用幼童安全椅),未使用,車的狀態,左轉彎,汽車,右後車尾(身),汽車,右後車尾(身),駕駛人,未依規定讓車,否,120.310175,22.681073
2021,1,20210122,190900,A1,苗栗縣警察局,苗栗縣苗栗市上苗里為公路口 / 苗栗縣苗栗市上苗里中正路口,雨,夜間(或隧道、地下道、涵洞)有照明,市區道路,50,交岔路,四岔路,交叉路口,交叉口附近,柏油,濕潤,無缺陷,無障礙物,良好,良好,行車管制號誌,正常,雙向禁止超車線,無標記,車道線(無標記),快慢車道分隔線,有,人與汽(機)車,穿越道路中,行人(或乘客),未依規定行走行人穿越道、地下道、天橋而穿越道路,死亡1;受傷0,2,大客車,民營公車,男,53,未戴案全帽或未繫安全帶(未使用幼童安全椅),未使用,車的狀態,右轉彎,汽車,左前車頭(身),,,駕駛人,未注意車前狀態,否,120.824529,24.56997
2021,1,20210122,190900,A1,苗栗縣警察局,苗栗縣苗栗市上苗里為公路口 / 苗栗縣苗栗市上苗里中正路口,雨,夜間(或隧道、地下道、涵洞)有照明,市區道路,50,交岔路,四岔路,交叉路口,交叉口附近,柏油,濕潤,無缺陷,無障礙物,良好,良好,行車管制號誌,正常,雙向禁止超車線,無標記,車道線(無標記),快慢車道分隔線,有,人與汽(機)車,穿越道路中,行人(或乘客),未依規定行走行人穿越道、地下道、天橋而穿越道路,死亡1;受傷0,1,人,行人,女,86,其他(無需使用保護裝備之人),非駕駛人,人的狀態,步行,其他,非汽(機)車,,,行人(或乘客),未依規定行走行人穿越道、地下道、天橋而穿越道路,否,120.824529,24.56997
2021,1,20210123,1600,A1,屏東縣政府警察局,屏東縣里港鄉載興村載南路40號前0.0公尺,晴,夜間(或隧道、地下道、涵洞)有照明,省道,50,單路部分,直路,路段,一般車道(未劃分快慢車道),柏油,乾燥,無缺陷,無障礙物,良好,良好,行車管制號誌,正常,雙向禁止超車線,附標記,未繪設車道線,未繪設快慢車道分隔線,有,車與車,追撞,駕駛人,未注意車前狀態,死亡1;受傷0,1,小客車,自用,男,53,戴安全帽或繫安全帶(使用幼童安全椅),未使用,車的狀態,向前直行中,汽車,前車頭,,,駕駛人,未注意車前狀態,否,120.529878,22.779269
2021,1,20210123,1600,A1,屏東縣政府警察局,屏東縣里港鄉載興村載南路40號前0.0公尺,晴,夜間(或隧道、地下道、涵洞)有照明,省道,50,單路部分,直路,路段,一般車道(未劃分快慢車道),柏油,乾燥,無缺陷,無障礙物,良好,良好,行車管制號誌,正常,雙向禁止超車線,附標記,未繪設車道線,未繪設快慢車道分隔線,有,車與車,追撞,駕駛人,未注意車前狀態,死亡1;受傷0,2,曳引車,營業用,男,43,戴安全帽或繫安全帶(使用幼童安全椅),未使用,車的狀態,等待(引擎未熄火),汽車,後車尾,,,無(車輛駕駛人因素),尚未發現肇事因素,否,120.529878,22.779269
2021,1,20210123,15800,A1,臺南市政府警察局,臺南市新化區台20線 17.1公里,霧或煙,夜間(或隧道、地下道、涵洞)有照明,省道,60,單路部分,直路,路段,路肩、路緣,柏油,乾燥,無缺陷,無障礙物,良好,良好,無號誌,無號誌,雙向禁止超車線,附標記,車道線(無標記),快慢車道分隔線,有,汽(機)車本身,撞路樹、電桿,駕駛人,未注意車前狀態,死亡1;受傷0,2,,,無或物(動物、堆置物),-1,,,,,,,,,無(非車輛駕駛人因素),尚未發現肇事因素,否,120.342676,23.066532
2021,1,20210123,15800,A1,臺南市政府警察局,臺南市新化區台20線 17.1公里,霧或煙,夜間(或隧道、地下道、涵洞)有照明,省道,60,單路部分,直路,路段,路肩、路緣,柏油,乾燥,無缺陷,無障礙物,良好,良好,無號誌,無號誌,雙向禁止超車線,附標記,車道線(無標記),快慢車道分隔線,有,汽(機)車本身,撞路樹、電桿,駕駛人,未注意車前狀態,死亡1;受傷0,1,機車,普通重型,男,39,戴安全帽或繫安全帶(使用幼童安全椅),未使用,車的狀態,向前直行中,機車,前車頭,,,駕駛人,未注意車前狀態,否,120.342676,23.066532
2021,1,20210123,60000,A1,新北市政府警察局,新北市鶯歌區新北市鶯歌區環河路32號,雨,夜間(或隧道、地下道、涵洞)有照明,市區道路,40,單路部分,直路,路段,一般車道(未劃分快慢車道),柏油,濕潤,無缺陷,無障礙物,良好,良好,無號誌,無號誌,雙向禁止超車線,無標記,未繪設車道線,未繪設快慢車道分隔線,有,汽(機)車本身,其他,其他,不明原因肇事,死亡2;受傷0,2,,,無或物(動物、堆置物),0,,,,,,,,,無(非車輛駕駛人因素),尚未發現肇事因素,否,121.351623,24.94468
2021,1,20210123,60000,A1,新北市政府警察局,新北市鶯歌區新北市鶯歌區環河路32號,雨,夜間(或隧道、地下道、涵洞)有照明,市區道路,40,單路部分,直路,路段,一般車道(未劃分快慢車道),柏油,濕潤,無缺陷,無障礙物,良好,良好,無號誌,無號誌,雙向禁止超車線,無標記,未繪設車道線,未繪設快慢車道分隔線,有,汽(機)車本身,其他,其他,不明原因肇事,死亡2;受傷0,1,機車,普通重型,男,42,戴安全帽或繫安全帶(使用幼童安全椅),未使用,車的狀態,向前直行中,機車,左側車身,機車,左側車身,其他,不明原因肇事,否,121.351623,24.94468
2021,1,20210123,60000,A1,新北市政府警察局,新北市鶯歌區新北市鶯歌區環河路32號,雨,夜間(或隧道、地下道、涵洞)有照明,市區道路,40,單路部分,直路,路段,一般車道(未劃分快慢車道),柏油,濕潤,無缺陷,無障礙物,良好,良好,無號誌,無號誌,雙向禁止超車線,無標記,未繪設車道線,未繪設快慢車道分隔線,有,汽(機)車本身,其他,其他,不明原因肇事,死亡2;受傷0,3,人,乘客,男,37,其他(無需使用保護裝備之人),非駕駛人,人的狀態,其他,其他,非汽(機)車,其他,非汽(機)車,無(非車輛駕駛人因素),尚未發現肇事因素,否,121.351623,24.94468
2021,1,20210123,61200,A1,屏東縣政府警察局,屏東縣屏東市潭墘里環河路前0.0公尺,晴,晨或暮光,市區道路,60,單路部分,彎曲路及附近,路段,快車道,柏油,乾燥,無缺陷,無障礙物,良好,良好,無號誌,無號誌,中央分向島,寛式(50公分以上),車道線(無標記),快慢車道分隔線,有,車與車,追撞,駕駛人,未注意車前狀態,死亡1;受傷1,3,機車,普通重型,男,35,戴安全帽或繫安全帶(使用幼童安全椅),未使用,車的狀態,向前直行中,機車,前車頭,,,駕駛人,未注意車前狀態,否,120.446722,22.664956
2021,1,20210123,61200,A1,屏東縣政府警察局,屏東縣屏東市潭墘里環河路前0.0公尺,晴,晨或暮光,市區道路,60,單路部分,彎曲路及附近,路段,快車道,柏油,乾燥,無缺陷,無障礙物,良好,良好,無號誌,無號誌,中央分向島,寛式(50公分以上),車道線(無標記),快慢車道分隔線,有,車與車,追撞,駕駛人,未注意車前狀態,死亡1;受傷1,1,小貨車(含客、貨兩用),自用,男,48,戴安全帽或繫安全帶(使用幼童安全椅),未使用,車的狀態,向前直行中,汽車,前車頭,,,駕駛人,未注意車前狀態,否,120.446722,22.664956
2021,1,20210123,61200,A1,屏東縣政府警察局,屏東縣屏東市潭墘里環河路前0.0公尺,晴,晨或暮光,市區道路,60,單路部分,彎曲路及附近,路段,快車道,柏油,乾燥,無缺陷,無障礙物,良好,良好,無號誌,無號誌,中央分向島,寛式(50公分以上),車道線(無標記),快慢車道分隔線,有,車與車,追撞,駕駛人,未注意車前狀態,死亡1;受傷1,2,機車,普通重型,男,60,戴安全帽或繫安全帶(使用幼童安全椅),未使用,車的狀態,向前直行中,機車,後車尾,,,無(車輛駕駛人因素),尚未發現肇事因素,否,120.446722,22.664956
2021,1,20210123,83600,A1,國道公路警察局,桃園市楊梅區國道1號 68公里900.0公尺處南側向外側,晴,日間自然光線,國道,90,單路部分,直路,路段,快車道,柏油,乾燥,無缺陷,無障礙物,良好,良好,無號誌,無號誌,中央分向島,寛式(50公分以上),車道線(附標記),未繪設快慢車道分隔線,有,車與車,同向擦撞,駕駛人,變換車道或方向不當,死亡1;受傷3,3,,,無或物(動物、堆置物),-1,,,,,,,,,無(非車輛駕駛人因素),尚未發現肇事因素,否,121.126577,24.89384
2021,1,20210123,83600,A1,國道公路警察局,桃園市楊梅區國道1號 68公里900.0公尺處南側向外側,晴,日間自然光線,國道,90,單路部分,直路,路段,快車道,柏油,乾燥,無缺陷,無障礙物,良好,良好,無號誌,無號誌,中央分向島,寛式(50公分以上),車道線(附標記),未繪設快慢車道分隔線,有,車與車,同向擦撞,駕駛人,變換車道或方向不當,死亡1;受傷3,4,人,乘客,男,71,戴安全帽或繫安全帶(使用幼童安全椅),非駕駛人,人的狀態,其他,其他,非汽(機)車,,,無(非車輛駕駛人因素),尚未發現肇事因素,否,121.126577,24.89384
2021,1,20210123,83600,A1,國道公路警察局,桃園市楊梅區國道1號 68公里900.0公尺處南側向外側,晴,日間自然光線,國道,90,單路部分,直路,路段,快車道,柏油,乾燥,無缺陷,無障礙物,良好,良好,無號誌,無號誌,中央分向島,寛式(50公分以上),車道線(附標記),未繪設快慢車道分隔線,有,車與車,同向擦撞,駕駛人,變換車道或方向不當,死亡1;受傷3,1,半聯結車,營業用,男,49,戴安全帽或繫安全帶(使用幼童安全椅),未使用,車的狀態,向右變換車道,汽車,右前車頭(身),,,駕駛人,變換車道或方向不當,否,121.126577,24.89384
2021,1,20210123,83600,A1,國道公路警察局,桃園市楊梅區國道1號 68公里900.0公尺處南側向外側,晴,日間自然光線,國道,90,單路部分,直路,路段,快車道,柏油,乾燥,無缺陷,無障礙物,良好,良好,無號誌,無號誌,中央分向島,寛式(50公分以上),車道線(附標記),未繪設快慢車道分隔線,有,車與車,同向擦撞,駕駛人,變換車道或方向不當,死亡1;受傷3,5,人,乘客,男,11,未戴案全帽或未繫安全帶(未使用幼童安全椅),非駕駛人,人的狀態,其他,其他,非汽(機)車,,,無(非車輛駕駛人因素),尚未發現肇事因素,否,121.126577,24.89384