發生年度,發生月份,發生日期,發生時間,事故類別名稱,處理單位名稱警局層,發生地點,天候名稱,光線名稱,道路類別-第1當事者-名稱,速限-第1當事者,道路型態大類別名稱,道路型態子類別名稱,事故位置大類別名稱,事故位置子類別名稱,路面狀況-路面鋪裝名稱,路面狀況-路面狀態名稱,路面狀況-路面缺陷名稱,道路障礙-障礙物名稱,道路障礙-視距品質名稱,道路障礙-視距名稱,號誌-號誌種類名稱,號誌-號誌動作名稱,車道劃分設施-分向設施大類別名稱,車道劃分設施-分向設施子類別名稱,車道劃分設施-分道設施-快車道或一般車道間名稱,車道劃分設施-分道設施-快慢車道間名稱,車道劃分設施-分道設施-路面邊線名稱,事故類型及型態大類別名稱,事故類型及型態子類別名稱,肇因研判大類別名稱-主要,肇因研判子類別名稱-主要,死亡受傷人數,當事者順位,當事者區分-類別-大類別名稱-車種,當事者區分-類別-子類別名稱-車種,當事者屬-性-別名稱,當事者事故發生時年齡,保護裝備名稱,行動電話或電腦或其他相類功能裝置名稱,當事者行動狀態大類別名稱,當事者行動狀態子類別名稱,車輛撞擊部位大類別名稱-最初,車輛撞擊部位子類別名稱-最初,車輛撞擊部位大類別名稱-其他,車輛撞擊部位子類別名稱-其他,肇因研判大類別名稱-個別,肇因研判子類別名稱-個別,肇事逃逸類別名稱-是否肇逃,經度,緯度
2021,2,20210212,40200,A1,屏東縣政府警察局,屏東縣內埔鄉東寧村德光巷(路燈編號912-02209),晴,夜間(或隧道、地下道、涵洞)有照明,村里道路,30,單路部分,直路,路段,一般車道(未劃分快慢車道),柏油,乾燥,無缺陷,無障礙物,良好,良好,無號誌,無號誌,無,無分向設施,未繪設車道線,未繪設快慢車道分隔線,無,汽(機)車本身,撞路樹、電桿,駕駛人,酒醉(後)駕駛失控,死亡1;受傷0,2,,,無或物(動物、堆置物),-1,,,,,,,,,無(非車輛駕駛人因素),尚未發現肇事因素,否,120.561492,22.614317
2021,2,20210212,40200,A1,屏東縣政府警察局,屏東縣內埔鄉東寧村德光巷(路燈編號912-02209),晴,夜間(或隧道、地下道、涵洞)有照明,村里道路,30,單路部分,直路,路段,一般車道(未劃分快慢車道),柏油,乾燥,無缺陷,無障礙物,良好,良好,無號誌,無號誌,無,無分向設施,未繪設車道線,未繪設快慢車道分隔線,無,汽(機)車本身,撞路樹、電桿,駕駛人,酒醉(後)駕駛失控,死亡1;受傷0,1,機車,普通重型,男,62,戴安全帽或繫安全帶(使用幼童安全椅),不明,車的狀態,向前直行中,機車,前車頭,,,駕駛人,酒醉(後)駕駛失控,否,120.561492,22.614317
2021,2,20210212,82500,A1,桃園市政府警察局,桃園市楊梅區老莊路800號前0.0公尺,雨,日間自然光線,市區道路,50,單路部分,彎曲路及附近,路段,一般車道(未劃分快慢車道),柏油,濕潤,無缺陷,無障礙物,良好,良好,無號誌,無號誌,行車分向線,無標記,車道線(附標記),寛式快慢車道分隔島(50公分以上),有,汽(機)車本身,撞路樹、電桿,駕駛人,未依規定減速,死亡1;受傷0,2,,,無或物(動物、堆置物),-1,,,,,,,,,無(非車輛駕駛人因素),尚未發現肇事因素,否,121.165369,24.881085
2021,2,20210212,82500,A1,桃園市政府警察局,桃園市楊梅區老莊路800號前0.0公尺,雨,日間自然光線,市區道路,50,單路部分,彎曲路及附近,路段,一般車道(未劃分快慢車道),柏油,濕潤,無缺陷,無障礙物,良好,良好,無號誌,無號誌,行車分向線,無標記,車道線(附標記),寛式快慢車道分隔島(50公分以上),有,汽(機)車本身,撞路樹、電桿,駕駛人,未依規定減速,死亡1;受傷0,1,小客車,自用,男,32,戴安全帽或繫安全帶(使用幼童安全椅),未使用,車的狀態,向前直行中,汽車,右側車身,汽車,右側車身,駕駛人,未依規定減速,否,121.165369,24.881085
2021,2,20210212,142900,A1,高雄市政府警察局,高雄市阿蓮區玉庫里無名路玉庫282電桿號前0.0公尺,晴,日間自然光線,市區道路,30,單路部分,直路,路段,路肩、路緣,柏油,乾燥,無缺陷,無障礙物,良好,良好,無號誌,無號誌,無,無分向設施,車道線(無標記),未繪設快慢車道分隔線,有,汽(機)車本身,撞路樹、電桿,駕駛人,未注意車前狀態,死亡1;受傷1,2,,,無或物(動物、堆置物),110,,,,,,,,,無(非車輛駕駛人因素),尚未發現肇事因素,否,120.3103,22.85011
2021,2,20210212,142900,A1,高雄市政府警察局,高雄市阿蓮區玉庫里無名路玉庫282電桿號前0.0公尺,晴,日間自然光線,市區道路,30,單路部分,直路,路段,路肩、路緣,柏油,乾燥,無缺陷,無障礙物,良好,良好,無號誌,無號誌,無,無分向設施,車道線(無標記),未繪設快慢車道分隔線,有,汽(機)車本身,撞路樹、電桿,駕駛人,未注意車前狀態,死亡1;受傷1,1,機車,普通重型,女,28,戴安全帽或繫安全帶(使用幼童安全椅),未使用,車的狀態,向前直行中,機車,前車頭,機車,前車頭,駕駛人,未注意車前狀態,否,120.3103,22.85011
2021,2,20210212,142900,A1,高雄市政府警察局,高雄市阿蓮區玉庫里無名路玉庫282電桿號前0.0公尺,晴,日間自然光線,市區道路,30,單路部分,直路,路段,路肩、路緣,柏油,乾燥,無缺陷,無障礙物,良好,良好,無號誌,無號誌,無,無分向設施,車道線(無標記),未繪設快慢車道分隔線,有,汽(機)車本身,撞路樹、電桿,駕駛人,未注意車前狀態,死亡1;受傷1,3,人,乘客,女,1,戴安全帽或繫安全帶(使用幼童安全椅),非駕駛人,人的狀態,不明,其他,不明,其他,不明,行人(或乘客),其他引起事故之疏失或行為,否,120.3103,22.85011
2021,2,20210212,154000,A1,彰化縣警察局,彰化縣大城鄉山腳村鐵樹巷前0.0公尺,晴,日間自然光線,村里道路,50,交岔路,四岔路,交叉路口,交叉路口內,柏油,乾燥,無缺陷,無障礙物,良好,良好,無號誌,無號誌,雙向禁止超車線,無標記,未繪設車道線,未繪設快慢車道分隔線,有,車與車,路口交岔撞,駕駛人,未依規定讓車,死亡1;受傷0,1,機車,普通重型,男,88,不明,不明,車的狀態,向前直行中,機車,前車頭,,,駕駛人,未依規定讓車,否,120.318026,23.840901
2021,2,20210212,154000,A1,彰化縣警察局,彰化縣大城鄉山腳村鐵樹巷前0.0公尺,晴,日間自然光線,村里道路,50,交岔路,四岔路,交叉路口,交叉路口內,柏油,乾燥,無缺陷,無障礙物,良好,良好,無號誌,無號誌,雙向禁止超車線,無標記,未繪設車道線,未繪設快慢車道分隔線,有,車與車,路口交岔撞,駕駛人,未依規定讓車,死亡1;受傷0,2,小客車,自用,男,38,不明,不明,車的狀態,向前直行中,汽車,左側車身,,,駕駛人,未依規定減速,否,120.318026,23.840901
2021,2,20210212,155500,A1,嘉義市政府警察局,嘉義市西區北新里世賢路1段420號前0.0公尺,晴,日間自然光線,市區道路,40,單路部分,直路,路段,慢車道,柏油,乾燥,無缺陷,無障礙物,良好,良好,行車管制號誌,正常,中央分向島,寛式(50公分以上),車道線(無標記),寛式快慢車道分隔島(50公分以上),有,車與車,其他,其他,其他引起事故之違規或不當行為,死亡1;受傷1,1,慢車,腳踏自行車,男,68,不明,非駕駛人,車的狀態,左轉彎,其他,非汽(機)車,,,其他,其他引起事故之違規或不當行為,否,120.45493,23.481443
2021,2,20210212,155500,A1,嘉義市政府警察局,嘉義市西區北新里世賢路1段420號前0.0公尺,晴,日間自然光線,市區道路,40,單路部分,直路,路段,慢車道,柏油,乾燥,無缺陷,無障礙物,良好,良好,行車管制號誌,正常,中央分向島,寛式(50公分以上),車道線(無標記),寛式快慢車道分隔島(50公分以上),有,車與車,其他,其他,其他引起事故之違規或不當行為,死亡1;受傷1,2,機車,普通重型,男,26,戴安全帽或繫安全帶(使用幼童安全椅),未使用,車的狀態,向前直行中,機車,右側車身,機車,前車頭,駕駛人,未注意車前狀態,否,120.45493,23.481443
2021,2,20210212,171100,A1,屏東縣政府警察局,屏東縣枋山鄉台9線 451公里500.0公尺處南側向內側,晴,日間自然光線,省道,60,單路部分,直路,路段,快車道,柏油,乾燥,無缺陷,無障礙物,良好,良好,無號誌,無號誌,雙向禁止超車線,附標記,車道線(附標記),快慢車道分隔線,有,車與車,對撞,駕駛人,違反特定標誌(線)禁制,死亡1;受傷7,3,人,乘客,女,59,不明,非駕駛人,人的狀態,不明,其他,不明,,,無(非車輛駕駛人因素),尚未發現肇事因素,否,120.702129,22.206985
2021,2,20210212,171100,A1,屏東縣政府警察局,屏東縣枋山鄉台9線 451公里500.0公尺處南側向內側,晴,日間自然光線,省道,60,單路部分,直路,路段,快車道,柏油,乾燥,無缺陷,無障礙物,良好,良好,無號誌,無號誌,雙向禁止超車線,附標記,車道線(附標記),快慢車道分隔線,有,車與車,對撞,駕駛人,違反特定標誌(線)禁制,死亡1;受傷7,4,人,乘客,男,65,不明,非駕駛人,人的狀態,不明,其他,不明,,,無(非車輛駕駛人因素),尚未發現肇事因素,否,120.702129,22.206985
2021,2,20210212,171100,A1,屏東縣政府警察局,屏東縣枋山鄉台9線 451公里500.0公尺處南側向內側,晴,日間自然光線,省道,60,單路部分,直路,路段,快車道,柏油,乾燥,無缺陷,無障礙物,良好,良好,無號誌,無號誌,雙向禁止超車線,附標記,車道線(附標記),快慢車道分隔線,有,車與車,對撞,駕駛人,違反特定標誌(線)禁制,死亡1;受傷7,5,人,乘客,男,30,不明,非駕駛人,人的狀態,不明,其他,非汽(機)車,,,無(非車輛駕駛人因素),尚未發現肇事因素,否,120.702129,22.206985
2021,2,20210212,171100,A1,屏東縣政府警察局,屏東縣枋山鄉台9線 451公里500.0公尺處南側向內側,晴,日間自然光線,省道,60,單路部分,直路,路段,快車道,柏油,乾燥,無缺陷,無障礙物,良好,良好,無號誌,無號誌,雙向禁止超車線,附標記,車道線(附標記),快慢車道分隔線,有,車與車,對撞,駕駛人,違反特定標誌(線)禁制,死亡1;受傷7,1,小客車,自用,女,31,戴安全帽或繫安全帶(使用幼童安全椅),未使用,車的狀態,向前直行中,汽車,前車頭,,,駕駛人,違反特定標誌(線)禁制,否,120.702129,22.206985
2021,2,20210212,171100,A1,屏東縣政府警察局,屏東縣枋山鄉台9線 451公里500.0公尺處南側向內側,晴,日間自然光線,省道,60,單路部分,直路,路段,快車道,柏油,乾燥,無缺陷,無障礙物,良好,良好,無號誌,無號誌,雙向禁止超車線,附標記,車道線(附標記),快慢車道分隔線,有,車與車,對撞,駕駛人,違反特定標誌(線)禁制,死亡1;受傷7,6,人,乘客,男,66,戴安全帽或繫安全帶(使用幼童安全椅),非駕駛人,人的狀態,不明,其他,非汽(機)車,,,無(非車輛駕駛人因素),尚未發現肇事因素,否,120.702129,22.206985
2021,2,20210212,171100,A1,屏東縣政府警察局,屏東縣枋山鄉台9線 451公里500.0公尺處南側向內側,晴,日間自然光線,省道,60,單路部分,直路,路段,快車道,柏油,乾燥,無缺陷,無障礙物,良好,良好,無號誌,無號誌,雙向禁止超車線,附標記,車道線(附標記),快慢車道分隔線,有,車與車,對撞,駕駛人,違反特定標誌(線)禁制,死亡1;受傷7,7,人,乘客,女,55,戴安全帽或繫安全帶(使用幼童安全椅),非駕駛人,人的狀態,不明,其他,非汽(機)車,,,無(非車輛駕駛人因素),尚未發現肇事因素,否,120.702129,22.206985
2021,2,20210212,171100,A1,屏東縣政府警察局,屏東縣枋山鄉台9線 451公里500.0公尺處南側向內側,晴,日間自然光線,省道,60,單路部分,直路,路段,快車道,柏油,乾燥,無缺陷,無障礙物,良好,良好,無號誌,無號誌,雙向禁止超車線,附標記,車道線(附標記),快慢車道分隔線,有,車與車,對撞,駕駛人,違反特定標誌(線)禁制,死亡1;受傷7,8,人,乘客,女,31,戴安全帽或繫安全帶(使用幼童安全椅),非駕駛人,人的狀態,不明,其他,非汽(機)車,,,無(非車輛駕駛人因素),尚未發現肇事因素,否,120.702129,22.206985
2021,2,20210212,171100,A1,屏東縣政府警察局,屏東縣枋山鄉台9線 451公里500.0公尺處南側向內側,晴,日間自然光線,省道,60,單路部分,直路,路段,快車道,柏油,乾燥,無缺陷,無障礙物,良好,良好,無號誌,無號誌,雙向禁止超車線,附標記,車道線(附標記),快慢車道分隔線,有,車與車,對撞,駕駛人,違反特定標誌(線)禁制,死亡1;受傷7,2,小客車,自用,男,29,戴安全帽或繫安全帶(使用幼童安全椅),未使用,車的狀態,向前直行中,汽車,前車頭,,,無(車輛駕駛人因素),尚未發現肇事因素,否,120.702129,22.206985
2021,2,20210212,221100,A1,彰化縣警察局,彰化縣福興鄉秀厝村南環路3段前500.0公尺西側,晴,夜間(或隧道、地下道、涵洞)有照明,村里道路,60,單路部分,彎曲路及附近,路段,一般車道(未劃分快慢車道),柏油,乾燥,無缺陷,無障礙物,良好,良好,無號誌,無號誌,中央分向島,寛式(50公分以上),車道線(無標記),未繪設快慢車道分隔線,有,汽(機)車本身,路上翻車、摔倒,駕駛人,未注意車前狀態,死亡1;受傷0,2,,,無或物(動物、堆置物),0,,,,,,,,,無(非車輛駕駛人因素),尚未發現肇事因素,否,120.425372,24.035457
2021,2,20210212,221100,A1,彰化縣警察局,彰化縣福興鄉秀厝村南環路3段前500.0公尺西側,晴,夜間(或隧道、地下道、涵洞)有照明,村里道路,60,單路部分,彎曲路及附近,路段,一般車道(未劃分快慢車道),柏油,乾燥,無缺陷,無障礙物,良好,良好,無號誌,無號誌,中央分向島,寛式(50公分以上),車道線(無標記),未繪設快慢車道分隔線,有,汽(機)車本身,路上翻車、摔倒,駕駛人,未注意車前狀態,死亡1;受傷0,1,機車,普通重型,男,18,戴安全帽或繫安全帶(使用幼童安全椅),未使用,車的狀態,向前直行中,其他,不明,,,駕駛人,未注意車前狀態,否,120.425372,24.035457
2021,2,20210212,222200,A1,臺北市政府警察局,臺北市中正區汀州路1段136號前0.0公尺,雨,夜間(或隧道、地下道、涵洞)有照明,市區道路,50,單路部分,直路,路段,一般車道(未劃分快慢車道),柏油,濕潤,無缺陷,無障礙物,良好,良好,無號誌,無號誌,行車分向線,無標記,車道線(無標記),未繪設快慢車道分隔線,無,人與汽(機)車,佇立路邊(外),駕駛人,未注意車前狀態,死亡1;受傷0,1,機車,普通重型,女,41,戴安全帽或繫安全帶(使用幼童安全椅),未使用,車的狀態,向前直行中,機車,前車頭,機車,前車頭,駕駛人,未注意車前狀態,否,121.508073,25.029433
2021,2,20210212,222200,A1,臺北市政府警察局,臺北市中正區汀州路1段136號前0.0公尺,雨,夜間(或隧道、地下道、涵洞)有照明,市區道路,50,單路部分,直路,路段,一般車道(未劃分快慢車道),柏油,濕潤,無缺陷,無障礙物,良好,良好,無號誌,無號誌,行車分向線,無標記,車道線(無標記),未繪設快慢車道分隔線,無,人與汽(機)車,佇立路邊(外),駕駛人,未注意車前狀態,死亡1;受傷0,3,小客車,計程車,男,54,戴安全帽或繫安全帶(使用幼童安全椅),未使用,車的狀態,向前直行中,汽車,前車頭,汽車,前車頭,駕駛人,未注意車前狀態,否,121.508073,25.029433
2021,2,20210212,222200,A1,臺北市政府警察局,臺北市中正區汀州路1段136號前0.0公尺,雨,夜間(或隧道、地下道、涵洞)有照明,市區道路,50,單路部分,直路,路段,一般車道(未劃分快慢車道),柏油,濕潤,無缺陷,無障礙物,良好,良好,無號誌,無號誌,行車分向線,無標記,車道線(無標記),未繪設快慢車道分隔線,無,人與汽(機)車,佇立路邊(外),駕駛人,未注意車前狀態,死亡1;受傷0,2,人,行人,男,58,其他(無需使用保護裝備之人),非駕駛人,人的狀態,靜立(止),其他,非汽(機)車,其他,非汽(機)車,行人(或乘客),其他引起事故之疏失或行為,否,121.508073,25.029433
2021,2,20210213,41300,A1,臺北市政府警察局,臺北市萬華區和平西路3段 / 臺北市萬華區廣州街,雨,夜間(或隧道、地下道、涵洞)有照明,市區道路,50,交岔路,三岔路,交叉路口,交叉路口內,柏油,濕潤,無缺陷,無障礙物,良好,良好,無號誌,無號誌,中央分向島,寛式(50公分以上),車道線(附標記),寛式快慢車道分隔島(50公分以上),無,人與汽(機)車,同向通行中,駕駛人,未注意車前狀態,死亡1;受傷1,1,小客車,自用,男,67,戴安全帽或繫安全帶(使用幼童安全椅),未使用,車的狀態,向前直行中,汽車,前車頭,汽車,前車頭,駕駛人,未注意車前狀態,是,121.496965,25.036721
2021,2,20210213,41300,A1,臺北市政府警察局,臺北市萬華區和平西路3段 / 臺北市萬華區廣州街,雨,夜間(或隧道、地下道、涵洞)有照明,市區道路,50,交岔路,三岔路,交叉路口,交叉路口內,柏油,濕潤,無缺陷,無障礙物,良好,良好,無號誌,無號誌,中央分向島,寛式(50公分以上),車道線(附標記),寛式快慢車道分隔島(50公分以上),無,人與汽(機)車,同向通行中,駕駛人,未注意車前狀態,死亡1;受傷1,2,人,行人,女,59,其他(無需使用保護裝備之人),非駕駛人,人的狀態,步行,其他,非汽(機)車,其他,非汽(機)車,行人(或乘客),未依規定行走行人穿越道、地下道、天橋而穿越道路,否,121.496965,25.036721
2021,2,20210213,60036,A1,新竹市警察局,新竹市東區東大路橋往食品匝道口,晴,夜間(或隧道、地下道、涵洞)有照明,市區道路,50,單路部分,直路,交流道,直線匝道,柏油,乾燥,無缺陷,無障礙物,良好,良好,無號誌,無號誌,中央分向島,窄式無柵欄,車道線(無標記),未繪設快慢車道分隔線,無,汽(機)車本身,撞交通島,駕駛人,酒醉(後)駕駛失控,死亡1;受傷0,2,,,無或物(動物、堆置物),-1,,,,,,,,,無(非車輛駕駛人因素),尚未發現肇事因素,否,120.977131,24.803769
2021,2,20210213,60036,A1,新竹市警察局,新竹市東區東大路橋往食品匝道口,晴,夜間(或隧道、地下道、涵洞)有照明,市區道路,50,單路部分,直路,交流道,直線匝道,柏油,乾燥,無缺陷,無障礙物,良好,良好,無號誌,無號誌,中央分向島,窄式無柵欄,車道線(無標記),未繪設快慢車道分隔線,無,汽(機)車本身,撞交通島,駕駛人,酒醉(後)駕駛失控,死亡1;受傷0,1,小客車,自用,男,42,未戴案全帽或未繫安全帶(未使用幼童安全椅),未使用,車的狀態,向前直行中,汽車,前車頭,,,駕駛人,酒醉(後)駕駛失控,否,120.977131,24.803769
2021,2,20210213,133252,A1,雲林縣警察局,雲林縣斗南鎮建國一路南側 / 雲林縣斗南鎮文化街東側,晴,日間自然光線,村里道路,50,交岔路,三岔路,交叉路口,交叉路口內,柏油,乾燥,無缺陷,無障礙物,良好,良好,行車管制號誌,正常,中央分向島,寛式(50公分以上),車道線(無標記),快慢車道分隔線,有,車與車,對向擦撞,駕駛人,違反號誌管制或指揮,死亡1;受傷0,1,小客車,自用,男,46,戴安全帽或繫安全帶(使用幼童安全椅),不明,車的狀態,左轉彎,汽車,右側車身,,,駕駛人,違反號誌管制或指揮,否,120.478224,23.683628
2021,2,20210213,133252,A1,雲林縣警察局,雲林縣斗南鎮建國一路南側 / 雲林縣斗南鎮文化街東側,晴,日間自然光線,村里道路,50,交岔路,三岔路,交叉路口,交叉路口內,柏油,乾燥,無缺陷,無障礙物,良好,良好,行車管制號誌,正常,中央分向島,寛式(50公分以上),車道線(無標記),快慢車道分隔線,有,車與車,對向擦撞,駕駛人,違反號誌管制或指揮,死亡1;受傷0,2,機車,普通重型,男,28,戴安全帽或繫安全帶(使用幼童安全椅),不明,車的狀態,向前直行中,機車,右側車身,,,駕駛人,違反號誌管制或指揮,否,120.478224,23.683628
2021,2,20210213,161500,A1,臺中市政府警察局,臺中市大安區中庄里中松路85號前0.0公尺,晴,日間自然光線,市區道路,50,單路部分,直路,路段,一般車道(未劃分快慢車道),柏油,乾燥,無缺陷,無障礙物,良好,良好,無號誌,無號誌,行車分向線,無標記,未繪設車道線,未繪設快慢車道分隔線,無,汽(機)車本身,撞路樹、電桿,駕駛人,未注意車前狀態,死亡1;受傷0,2,,,無或物(動物、堆置物),0,,,,,,,,,無(非車輛駕駛人因素),尚未發現肇事因素,否,120.588791,24.348886
2021,2,20210213,161500,A1,臺中市政府警察局,臺中市大安區中庄里中松路85號前0.0公尺,晴,日間自然光線,市區道路,50,單路部分,直路,路段,一般車道(未劃分快慢車道),柏油,乾燥,無缺陷,無障礙物,良好,良好,無號誌,無號誌,行車分向線,無標記,未繪設車道線,未繪設快慢車道分隔線,無,汽(機)車本身,撞路樹、電桿,駕駛人,未注意車前狀態,死亡1;受傷0,1,機車,普通重型,男,35,不明,不明,車的狀態,向前直行中,機車,前車頭,,,駕駛人,未注意車前狀態,否,120.588791,24.348886
2021,2,20210214,11858,A1,嘉義縣警察局,嘉義縣鹿草鄉施家村163線21公里900公尺處,陰,夜間(或隧道、地下道、涵洞)有照明,縣道,60,單路部分,彎曲路及附近,路段,一般車道(未劃分快慢車道),柏油,乾燥,無缺陷,無障礙物,良好,良好,無號誌,無號誌,雙向禁止超車線,無標記,未繪設車道線,未繪設快慢車道分隔線,有,汽(機)車本身,撞路樹、電桿,駕駛人,未注意車前狀態,死亡1;受傷0,2,,,無或物(動物、堆置物),-1,,,,,,,,,無(非車輛駕駛人因素),尚未發現肇事因素,否,120.300878,23.39699
2021,2,20210214,11858,A1,嘉義縣警察局,嘉義縣鹿草鄉施家村163線21公里900公尺處,陰,夜間(或隧道、地下道、涵洞)有照明,縣道,60,單路部分,彎曲路及附近,路段,一般車道(未劃分快慢車道),柏油,乾燥,無缺陷,無障礙物,良好,良好,無號誌,無號誌,雙向禁止超車線,無標記,未繪設車道線,未繪設快慢車道分隔線,有,汽(機)車本身,撞路樹、電桿,駕駛人,未注意車前狀態,死亡1;受傷0,1,機車,普通重型,男,13,未戴案全帽或未繫安全帶(未使用幼童安全椅),不明,車的狀態,向前直行中,機車,前車頭,,,駕駛人,未注意車前狀態,否,120.300878,23.39699
2021,2,20210214,151500,A1,桃園市政府警察局,桃園市大園區海港路口 / 桃園市大園區產業道路,晴,日間自然光線,市區道路,50,交岔路,四岔路,交叉路口,交叉路口內,柏油,乾燥,無缺陷,無障礙物,良好,良好,無號誌,無號誌,無,無分向設施,未繪設車道線,未繪設快慢車道分隔線,無,車與車,側撞,駕駛人,左轉彎未依規定,死亡1;受傷0,1,慢車,腳踏自行車,男,68,戴安全帽或繫安全帶(使用幼童安全椅),未使用,車的狀態,左轉彎,其他,非汽(機)車,,,駕駛人,左轉彎未依規定,否,121.231895,25.107666
2021,2,20210214,151500,A1,桃園市政府警察局,桃園市大園區海港路口 / 桃園市大園區產業道路,晴,日間自然光線,市區道路,50,交岔路,四岔路,交叉路口,交叉路口內,柏油,乾燥,無缺陷,無障礙物,良好,良好,無號誌,無號誌,無,無分向設施,未繪設車道線,未繪設快慢車道分隔線,無,車與車,側撞,駕駛人,左轉彎未依規定,死亡1;受傷0,2,小客車,自用,女,41,戴安全帽或繫安全帶(使用幼童安全椅),未使用,車的狀態,向前直行中,汽車,右前車頭(身),,,駕駛人,未注意車前狀態,否,121.231895,25.107666
2021,2,20210214,171000,A1,屏東縣政府警察局,屏東縣枋山鄉台1線451.5KM,晴,日間自然光線,省道,70,交岔路,三岔路,交叉路口,交叉路口內,柏油,乾燥,無缺陷,無障礙物,良好,良好,無號誌,無號誌,中央分向島,寛式(50公分以上),車道線(附標記),快慢車道分隔線,有,車與車,側撞,駕駛人,未依規定讓車,死亡1;受傷0,1,小客車,自用,男,40,戴安全帽或繫安全帶(使用幼童安全椅),未使用,車的狀態,左轉彎,汽車,右前車頭(身),,,駕駛人,未依規定讓車,否,120.65182,22.270348
2021,2,20210214,171000,A1,屏東縣政府警察局,屏東縣枋山鄉台1線451.5KM,晴,日間自然光線,省道,70,交岔路,三岔路,交叉路口,交叉路口內,柏油,乾燥,無缺陷,無障礙物,良好,良好,無號誌,無號誌,中央分向島,寛式(50公分以上),車道線(附標記),快慢車道分隔線,有,車與車,側撞,駕駛人,未依規定讓車,死亡1;受傷0,2,機車,大型重型2(250-550C.C.),男,50,戴安全帽或繫安全帶(使用幼童安全椅),未使用,車的狀態,向前直行中,機車,前車頭,,,駕駛人,未注意車前狀態,否,120.65182,22.270348
2021,2,20210214,220812,A1,桃園市政府警察局,桃園市觀音區二聖路口 / 桃園市觀音區六合街,晴,夜間(或隧道、地下道、涵洞)有照明,市區道路,50,交岔路,四岔路,交叉路口,交叉路口內,柏油,乾燥,無缺陷,無障礙物,良好,良好,閃光號誌,正常,無,無分向設施,未繪設車道線,未繪設快慢車道分隔線,無,車與車,路口交岔撞,駕駛人,未依規定讓車,死亡1;受傷1,1,機車,普通重型,男,19,戴安全帽或繫安全帶(使用幼童安全椅),未使用,車的狀態,向前直行中,機車,前車頭,,,駕駛人,未依規定讓車,否,121.138048,25.039155
2021,2,20210214,220812,A1,桃園市政府警察局,桃園市觀音區二聖路口 / 桃園市觀音區六合街,晴,夜間(或隧道、地下道、涵洞)有照明,市區道路,50,交岔路,四岔路,交叉路口,交叉路口內,柏油,乾燥,無缺陷,無障礙物,良好,良好,閃光號誌,正常,無,無分向設施,未繪設車道線,未繪設快慢車道分隔線,無,車與車,路口交岔撞,駕駛人,未依規定讓車,死亡1;受傷1,2,小客車,自用,男,25,戴安全帽或繫安全帶(使用幼童安全椅),未使用,車的狀態,向前直行中,汽車,左前車頭(身),,,駕駛人,未依規定減速,否,121.138048,25.039155
2021,2,20210215,1800,A1,高雄市政府警察局,高雄市林園區潭頭路226號前0.0公尺,晴,日間自然光線,市區道路,50,單路部分,直路,路段,一般車道(未劃分快慢車道),柏油,乾燥,無缺陷,無障礙物,良好,良好,無號誌,無號誌,行車分向線,附標記,未繪設車道線,未繪設快慢車道分隔線,有,汽(機)車本身,撞號誌、標誌桿,駕駛人,酒醉(後)駕駛失控,死亡1;受傷0,2,,,無或物(動物、堆置物),110,,,,,,,,,無(非車輛駕駛人因素),尚未發現肇事因素,否,120.396907,22.525924
2021,2,20210215,1800,A1,高雄市政府警察局,高雄市林園區潭頭路226號前0.0公尺,晴,日間自然光線,市區道路,50,單路部分,直路,路段,一般車道(未劃分快慢車道),柏油,乾燥,無缺陷,無障礙物,良好,良好,無號誌,無號誌,行車分向線,附標記,未繪設車道線,未繪設快慢車道分隔線,有,汽(機)車本身,撞號誌、標誌桿,駕駛人,酒醉(後)駕駛失控,死亡1;受傷0,1,機車,普通重型,男,49,未戴案全帽或未繫安全帶(未使用幼童安全椅),未使用,車的狀態,向前直行中,機車,前車頭,機車,前車頭,駕駛人,酒醉(後)駕駛失控,否,120.396907,22.525924
2021,2,20210215,13000,A1,彰化縣警察局,彰化縣和美鎮嘉寶里嘉卿路1段390號前0.0公尺,晴,夜間(或隧道、地下道、涵洞)有照明,村里道路,60,單路部分,彎曲路及附近,路段,一般車道(未劃分快慢車道),柏油,乾燥,無缺陷,無障礙物,良好,良好,無號誌,無號誌,中央分向島,寛式(50公分以上),車道線(無標記),未繪設快慢車道分隔線,有,汽(機)車本身,撞護欄(樁),駕駛人,酒醉(後)駕駛失控,死亡2;受傷1,2,,,無或物(動物、堆置物),0,,,,,,,,,無(非車輛駕駛人因素),尚未發現肇事因素,否,120.518783,24.13715
2021,2,20210215,13000,A1,彰化縣警察局,彰化縣和美鎮嘉寶里嘉卿路1段390號前0.0公尺,晴,夜間(或隧道、地下道、涵洞)有照明,村里道路,60,單路部分,彎曲路及附近,路段,一般車道(未劃分快慢車道),柏油,乾燥,無缺陷,無障礙物,良好,良好,無號誌,無號誌,中央分向島,寛式(50公分以上),車道線(無標記),未繪設快慢車道分隔線,有,汽(機)車本身,撞護欄(樁),駕駛人,酒醉(後)駕駛失控,死亡2;受傷1,1,小客車,自用,男,21,不明,不明,車的狀態,向前直行中,汽車,右前車頭(身),,,駕駛人,酒醉(後)駕駛失控,否,120.518783,24.13715
2021,2,20210215,13000,A1,彰化縣警察局,彰化縣和美鎮嘉寶里嘉卿路1段390號前0.0公尺,晴,夜間(或隧道、地下道、涵洞)有照明,村里道路,60,單路部分,彎曲路及附近,路段,一般車道(未劃分快慢車道),柏油,乾燥,無缺陷,無障礙物,良好,良好,無號誌,無號誌,中央分向島,寛式(50公分以上),車道線(無標記),未繪設快慢車道分隔線,有,汽(機)車本身,撞護欄(樁),駕駛人,酒醉(後)駕駛失控,死亡2;受傷1,3,人,乘客,男,22,不明,不明,人的狀態,其他,其他,非汽(機)車,,,無(非車輛駕駛人因素),尚未發現肇事因素,否,120.518783,24.13715