發生年度,發生月份,發生日期,發生時間,事故類別名稱,處理單位名稱警局層,發生地點,天候名稱,光線名稱,道路類別-第1當事者-名稱,速限-第1當事者,道路型態大類別名稱,道路型態子類別名稱,事故位置大類別名稱,事故位置子類別名稱,路面狀況-路面鋪裝名稱,路面狀況-路面狀態名稱,路面狀況-路面缺陷名稱,道路障礙-障礙物名稱,道路障礙-視距品質名稱,道路障礙-視距名稱,號誌-號誌種類名稱,號誌-號誌動作名稱,車道劃分設施-分向設施大類別名稱,車道劃分設施-分向設施子類別名稱,車道劃分設施-分道設施-快車道或一般車道間名稱,車道劃分設施-分道設施-快慢車道間名稱,車道劃分設施-分道設施-路面邊線名稱,事故類型及型態大類別名稱,事故類型及型態子類別名稱,肇因研判大類別名稱-主要,肇因研判子類別名稱-主要,死亡受傷人數,當事者順位,當事者區分-類別-大類別名稱-車種,當事者區分-類別-子類別名稱-車種,當事者屬-性-別名稱,當事者事故發生時年齡,保護裝備名稱,行動電話或電腦或其他相類功能裝置名稱,當事者行動狀態大類別名稱,當事者行動狀態子類別名稱,車輛撞擊部位大類別名稱-最初,車輛撞擊部位子類別名稱-最初,車輛撞擊部位大類別名稱-其他,車輛撞擊部位子類別名稱-其他,肇因研判大類別名稱-個別,肇因研判子類別名稱-個別,肇事逃逸類別名稱-是否肇逃,經度,緯度
2021,3,20210328,112500,A1,嘉義縣警察局,嘉義縣中埔鄉石硦村台三線309公里400公尺處,晴,日間自然光線,省道,40,單路部分,彎曲路及附近,路段,一般車道(未劃分快慢車道),柏油,乾燥,無缺陷,無障礙物,良好,良好,無號誌,無號誌,雙向禁止超車線,附標記,未繪設車道線,未繪設快慢車道分隔線,有,汽(機)車本身,路上翻車、摔倒,駕駛人,未依規定減速,死亡1;受傷0,1,機車,普通重型,男,15,戴安全帽或繫安全帶(使用幼童安全椅),未使用,車的狀態,向前直行中,機車,後車尾,,,駕駛人,未依規定減速,否,120.583205,23.373379
2021,3,20210328,112500,A1,嘉義縣警察局,嘉義縣中埔鄉石硦村台三線309公里400公尺處,晴,日間自然光線,省道,40,單路部分,彎曲路及附近,路段,一般車道(未劃分快慢車道),柏油,乾燥,無缺陷,無障礙物,良好,良好,無號誌,無號誌,雙向禁止超車線,附標記,未繪設車道線,未繪設快慢車道分隔線,有,汽(機)車本身,路上翻車、摔倒,駕駛人,未依規定減速,死亡1;受傷0,3,小貨車(含客、貨兩用),自用,男,59,戴安全帽或繫安全帶(使用幼童安全椅),未使用,車的狀態,向前直行中,汽車,前車頭,,,無(車輛駕駛人因素),尚未發現肇事因素,否,120.583205,23.373379
2021,3,20210328,182000,A1,臺南市政府警察局,臺南市安南區安明路2段路燈117號前0.0公尺,晴,夜間(或隧道、地下道、涵洞)有照明,市區道路,70,單路部分,直路,路段,快車道,柏油,乾燥,無缺陷,無障礙物,良好,良好,無號誌,無號誌,中央分向島,寛式(50公分以上),車道線(無標記),快慢車道分隔線,有,汽(機)車本身,撞交通島,駕駛人,疲勞(患病)駕駛失控,死亡1;受傷1,2,,,無或物(動物、堆置物),-1,,,,,,,,,無(非車輛駕駛人因素),尚未發現肇事因素,否,120.159562,23.03887
2021,3,20210328,182000,A1,臺南市政府警察局,臺南市安南區安明路2段路燈117號前0.0公尺,晴,夜間(或隧道、地下道、涵洞)有照明,市區道路,70,單路部分,直路,路段,快車道,柏油,乾燥,無缺陷,無障礙物,良好,良好,無號誌,無號誌,中央分向島,寛式(50公分以上),車道線(無標記),快慢車道分隔線,有,汽(機)車本身,撞交通島,駕駛人,疲勞(患病)駕駛失控,死亡1;受傷1,1,機車,普通重型,男,41,戴安全帽或繫安全帶(使用幼童安全椅),未使用,車的狀態,向前直行中,機車,左側車身,,,駕駛人,疲勞(患病)駕駛失控,否,120.159562,23.03887
2021,3,20210328,182000,A1,臺南市政府警察局,臺南市安南區安明路2段路燈117號前0.0公尺,晴,夜間(或隧道、地下道、涵洞)有照明,市區道路,70,單路部分,直路,路段,快車道,柏油,乾燥,無缺陷,無障礙物,良好,良好,無號誌,無號誌,中央分向島,寛式(50公分以上),車道線(無標記),快慢車道分隔線,有,汽(機)車本身,撞交通島,駕駛人,疲勞(患病)駕駛失控,死亡1;受傷1,3,人,乘客,女,23,戴安全帽或繫安全帶(使用幼童安全椅),非駕駛人,人的狀態,其他,其他,非汽(機)車,,,無(非車輛駕駛人因素),尚未發現肇事因素,否,120.159562,23.03887
2021,3,20210329,50800,A1,彰化縣警察局,彰化縣伸港鄉大同村中興路2段88號前0.0公尺前,晴,夜間(或隧道、地下道、涵洞)有照明,村里道路,60,單路部分,直路,路段,路肩、路緣,柏油,乾燥,無缺陷,無障礙物,良好,良好,無號誌,無號誌,中央分向島,寛式(50公分以上),車道線(無標記),未繪設快慢車道分隔線,有,車與車,其他,駕駛人,逆向行駛,死亡1;受傷0,1,小客車,自用,男,54,不明,不明,車的狀態,其他,汽車,前車頭,,,駕駛人,逆向行駛,否,120.485895,24.15892
2021,3,20210329,50800,A1,彰化縣警察局,彰化縣伸港鄉大同村中興路2段88號前0.0公尺前,晴,夜間(或隧道、地下道、涵洞)有照明,村里道路,60,單路部分,直路,路段,路肩、路緣,柏油,乾燥,無缺陷,無障礙物,良好,良好,無號誌,無號誌,中央分向島,寛式(50公分以上),車道線(無標記),未繪設快慢車道分隔線,有,車與車,其他,駕駛人,逆向行駛,死亡1;受傷0,3,小客車,自用,男,35,不明,不明,車的狀態,靜止(引擎熄火),汽車,右前車頭(身),,,無(車輛駕駛人因素),尚未發現肇事因素,否,120.485895,24.15892
2021,3,20210329,50800,A1,彰化縣警察局,彰化縣伸港鄉大同村中興路2段88號前0.0公尺前,晴,夜間(或隧道、地下道、涵洞)有照明,村里道路,60,單路部分,直路,路段,路肩、路緣,柏油,乾燥,無缺陷,無障礙物,良好,良好,無號誌,無號誌,中央分向島,寛式(50公分以上),車道線(無標記),未繪設快慢車道分隔線,有,車與車,其他,駕駛人,逆向行駛,死亡1;受傷0,4,小客車,自用,女,25,不明,不明,車的狀態,靜止(引擎熄火),汽車,右前車頭(身),,,無(車輛駕駛人因素),尚未發現肇事因素,否,120.485895,24.15892
2021,3,20210329,50800,A1,彰化縣警察局,彰化縣伸港鄉大同村中興路2段88號前0.0公尺前,晴,夜間(或隧道、地下道、涵洞)有照明,村里道路,60,單路部分,直路,路段,路肩、路緣,柏油,乾燥,無缺陷,無障礙物,良好,良好,無號誌,無號誌,中央分向島,寛式(50公分以上),車道線(無標記),未繪設快慢車道分隔線,有,車與車,其他,駕駛人,逆向行駛,死亡1;受傷0,2,小貨車(含客、貨兩用),自用,男,36,不明,不明,車的狀態,靜止(引擎熄火),汽車,右前車頭(身),,,無(車輛駕駛人因素),尚未發現肇事因素,否,120.485895,24.15892
2021,3,20210329,105500,A1,臺中市政府警察局,臺中市新社區電桿成功幹163旁,晴,日間自然光線,市區道路,40,單路部分,彎曲路及附近,路段,路肩、路緣,柏油,乾燥,無缺陷,無障礙物,不良,彎道,無號誌,無號誌,雙向禁止超車線,無標記,未繪設車道線,未繪設快慢車道分隔線,有,汽(機)車本身,撞路樹、電桿,駕駛人,未注意車前狀態,死亡1;受傷0,2,,,無或物(動物、堆置物),0,,,,,,,,,無(非車輛駕駛人因素),尚未發現肇事因素,否,120.888245,24.097551
2021,3,20210329,105500,A1,臺中市政府警察局,臺中市新社區電桿成功幹163旁,晴,日間自然光線,市區道路,40,單路部分,彎曲路及附近,路段,路肩、路緣,柏油,乾燥,無缺陷,無障礙物,不良,彎道,無號誌,無號誌,雙向禁止超車線,無標記,未繪設車道線,未繪設快慢車道分隔線,有,汽(機)車本身,撞路樹、電桿,駕駛人,未注意車前狀態,死亡1;受傷0,1,機車,大型重型2(250-550C.C.),男,38,戴安全帽或繫安全帶(使用幼童安全椅),未使用,車的狀態,向前直行中,機車,右側車身,,,駕駛人,未注意車前狀態,否,120.888245,24.097551
2021,3,20210329,161700,A1,桃園市政府警察局,桃園市桃園區龍壽街125號前0.0公尺附近,晴,日間自然光線,市區道路,50,單路部分,直路,路段,一般車道(未劃分快慢車道),柏油,乾燥,無缺陷,無障礙物,良好,良好,無號誌,無號誌,無,無分向設施,未繪設車道線,未繪設快慢車道分隔線,有,車與車,側撞,駕駛人,逆向行駛,死亡1;受傷1,3,小客車,自用,男,48,不明,不明,車的狀態,靜止(引擎熄火),其他,不明,,,其他,違規停車或暫停不當而肇事,否,121.268315,24.981672
2021,3,20210329,161700,A1,桃園市政府警察局,桃園市桃園區龍壽街125號前0.0公尺附近,晴,日間自然光線,市區道路,50,單路部分,直路,路段,一般車道(未劃分快慢車道),柏油,乾燥,無缺陷,無障礙物,良好,良好,無號誌,無號誌,無,無分向設施,未繪設車道線,未繪設快慢車道分隔線,有,車與車,側撞,駕駛人,逆向行駛,死亡1;受傷1,1,慢車,腳踏自行車,男,16,其他(無需使用保護裝備之人),未使用,車的狀態,右轉彎,其他,非汽(機)車,,,駕駛人,逆向行駛,否,121.268315,24.981672
2021,3,20210329,161700,A1,桃園市政府警察局,桃園市桃園區龍壽街125號前0.0公尺附近,晴,日間自然光線,市區道路,50,單路部分,直路,路段,一般車道(未劃分快慢車道),柏油,乾燥,無缺陷,無障礙物,良好,良好,無號誌,無號誌,無,無分向設施,未繪設車道線,未繪設快慢車道分隔線,有,車與車,側撞,駕駛人,逆向行駛,死亡1;受傷1,2,機車,普通重型,男,51,戴安全帽或繫安全帶(使用幼童安全椅),未使用,車的狀態,向前直行中,機車,前車頭,,,駕駛人,未注意車前狀態,否,121.268315,24.981672
2021,3,20210329,183200,A1,南投縣政府警察局,南投縣南投市中正路194號,晴,夜間(或隧道、地下道、涵洞)無照明,市區道路,50,單路部分,直路,路段,一般車道(未劃分快慢車道),柏油,乾燥,無缺陷,無障礙物,不良,其他,閃光號誌,正常,雙向禁止超車線,附標記,未繪設車道線,未繪設快慢車道分隔線,有,人與汽(機)車,穿越道路中,駕駛人,搶越行人穿越道,死亡1;受傷0,1,小客車,自用,男,33,戴安全帽或繫安全帶(使用幼童安全椅),未使用,車的狀態,向前直行中,汽車,前車頭,,,駕駛人,搶越行人穿越道,否,120.691121,23.948843
2021,3,20210329,183200,A1,南投縣政府警察局,南投縣南投市中正路194號,晴,夜間(或隧道、地下道、涵洞)無照明,市區道路,50,單路部分,直路,路段,一般車道(未劃分快慢車道),柏油,乾燥,無缺陷,無障礙物,不良,其他,閃光號誌,正常,雙向禁止超車線,附標記,未繪設車道線,未繪設快慢車道分隔線,有,人與汽(機)車,穿越道路中,駕駛人,搶越行人穿越道,死亡1;受傷0,2,人,其他人,男,80,未戴案全帽或未繫安全帶(未使用幼童安全椅),未使用,人的狀態,其他,其他,非汽(機)車,,,行人(或乘客),穿越道路未注意左右來車,否,120.691121,23.948843
2021,3,20210329,210200,A1,臺中市政府警察局,臺中市神岡區圳前里中山路1720巷60號前0.0公尺,陰,夜間(或隧道、地下道、涵洞)有照明,市區道路,30,單路部分,直路,路段,一般車道(未劃分快慢車道),柏油,乾燥,無缺陷,無障礙物,良好,良好,無號誌,無號誌,無,無分向設施,未繪設車道線,未繪設快慢車道分隔線,無,人與汽(機)車,穿越道路中,駕駛人,未注意車前狀態,死亡1;受傷0,1,機車,普通重型,男,19,戴安全帽或繫安全帶(使用幼童安全椅),未使用,車的狀態,向前直行中,機車,前車頭,,,駕駛人,未注意車前狀態,否,120.652993,24.264298
2021,3,20210329,210200,A1,臺中市政府警察局,臺中市神岡區圳前里中山路1720巷60號前0.0公尺,陰,夜間(或隧道、地下道、涵洞)有照明,市區道路,30,單路部分,直路,路段,一般車道(未劃分快慢車道),柏油,乾燥,無缺陷,無障礙物,良好,良好,無號誌,無號誌,無,無分向設施,未繪設車道線,未繪設快慢車道分隔線,無,人與汽(機)車,穿越道路中,駕駛人,未注意車前狀態,死亡1;受傷0,2,人,行人,男,89,其他(無需使用保護裝備之人),非駕駛人,人的狀態,步行,其他,非汽(機)車,,,無(非車輛駕駛人因素),尚未發現肇事因素,否,120.652993,24.264298
2021,3,20210330,93000,A1,嘉義縣警察局,嘉義縣民雄鄉福興村牛稠溪1739號旁路口,晴,日間自然光線,鄉道,50,交岔路,四岔路,交叉路口,交叉路口內,柏油,乾燥,無缺陷,無障礙物,良好,良好,無號誌,無號誌,無,無分向設施,未繪設車道線,未繪設快慢車道分隔線,無,汽(機)車本身,衝出路外,其他,不明原因肇事,死亡1;受傷0,2,,,無或物(動物、堆置物),-1,,,,,,,,,無(非車輛駕駛人因素),尚未發現肇事因素,否,120.420861,23.515962
2021,3,20210330,93000,A1,嘉義縣警察局,嘉義縣民雄鄉福興村牛稠溪1739號旁路口,晴,日間自然光線,鄉道,50,交岔路,四岔路,交叉路口,交叉路口內,柏油,乾燥,無缺陷,無障礙物,良好,良好,無號誌,無號誌,無,無分向設施,未繪設車道線,未繪設快慢車道分隔線,無,汽(機)車本身,衝出路外,其他,不明原因肇事,死亡1;受傷0,1,機車,普通重型,男,66,戴安全帽或繫安全帶(使用幼童安全椅),未使用,車的狀態,向前直行中,機車,前車頭,,,其他,不明原因肇事,否,120.420861,23.515962
2021,3,20210330,110800,A1,屏東縣政府警察局,屏東縣新園鄉港墘村港墘路2之398號號前0.0公尺附近,晴,日間自然光線,縣道,50,單路部分,直路,路段,一般車道(未劃分快慢車道),柏油,乾燥,無缺陷,無障礙物,良好,良好,無號誌,無號誌,行車分向線,附標記,未繪設車道線,未繪設快慢車道分隔線,有,汽(機)車本身,撞路樹、電桿,駕駛人,未注意車前狀態,死亡1;受傷0,2,,,無或物(動物、堆置物),-1,,,,,,,,,無(非車輛駕駛人因素),尚未發現肇事因素,否,120.46587,22.534542
2021,3,20210330,110800,A1,屏東縣政府警察局,屏東縣新園鄉港墘村港墘路2之398號號前0.0公尺附近,晴,日間自然光線,縣道,50,單路部分,直路,路段,一般車道(未劃分快慢車道),柏油,乾燥,無缺陷,無障礙物,良好,良好,無號誌,無號誌,行車分向線,附標記,未繪設車道線,未繪設快慢車道分隔線,有,汽(機)車本身,撞路樹、電桿,駕駛人,未注意車前狀態,死亡1;受傷0,1,機車,普通重型,男,88,不明,不明,車的狀態,向前直行中,機車,前車頭,,,駕駛人,未注意車前狀態,否,120.46587,22.534542
2021,3,20210331,74500,A1,高雄市政府警察局,高雄市鳥松區文前路鳥松0047號前0.0公尺,晴,日間自然光線,市區道路,40,單路部分,其他,路段,慢車道,柏油,乾燥,無缺陷,無障礙物,良好,良好,無號誌,無號誌,雙向禁止超車線,無標記,未繪設車道線,快慢車道分隔線,無,汽(機)車本身,路上翻車、摔倒,駕駛人,疲勞(患病)駕駛失控,死亡1;受傷0,2,,,無或物(動物、堆置物),110,,,,,,,,,無(非車輛駕駛人因素),尚未發現肇事因素,否,120.348819,22.667292
2021,3,20210331,74500,A1,高雄市政府警察局,高雄市鳥松區文前路鳥松0047號前0.0公尺,晴,日間自然光線,市區道路,40,單路部分,其他,路段,慢車道,柏油,乾燥,無缺陷,無障礙物,良好,良好,無號誌,無號誌,雙向禁止超車線,無標記,未繪設車道線,快慢車道分隔線,無,汽(機)車本身,路上翻車、摔倒,駕駛人,疲勞(患病)駕駛失控,死亡1;受傷0,1,機車,普通重型,女,47,戴安全帽或繫安全帶(使用幼童安全椅),未使用,車的狀態,向前直行中,機車,前車頭,機車,前車頭,駕駛人,疲勞(患病)駕駛失控,否,120.348819,22.667292
2021,3,20210331,105500,A1,臺中市政府警察局,臺中市南屯區楓樹里環中路五段 / 臺中市南屯區楓樹里永春東三路,晴,日間自然光線,市區道路,50,交岔路,四岔路,交叉路口,交叉路口內,柏油,乾燥,無缺陷,無障礙物,良好,良好,行車管制號誌(附設行人專用號誌),正常,無,無分向設施,未繪設車道線,未繪設快慢車道分隔線,無,車與車,側撞,駕駛人,違反特定標誌(線)禁制,死亡1;受傷0,1,大貨車,自用,男,44,戴安全帽或繫安全帶(使用幼童安全椅),未使用,車的狀態,右轉彎,汽車,右側車身,,,駕駛人,違反特定標誌(線)禁制,否,120.631041,24.149175
2021,3,20210331,105500,A1,臺中市政府警察局,臺中市南屯區楓樹里環中路五段 / 臺中市南屯區楓樹里永春東三路,晴,日間自然光線,市區道路,50,交岔路,四岔路,交叉路口,交叉路口內,柏油,乾燥,無缺陷,無障礙物,良好,良好,行車管制號誌(附設行人專用號誌),正常,無,無分向設施,未繪設車道線,未繪設快慢車道分隔線,無,車與車,側撞,駕駛人,違反特定標誌(線)禁制,死亡1;受傷0,2,機車,普通重型,女,22,戴安全帽或繫安全帶(使用幼童安全椅),未使用,車的狀態,向前直行中,機車,左側車身,,,無(車輛駕駛人因素),尚未發現肇事因素,否,120.631041,24.149175
2021,3,20210331,120900,A1,高雄市政府警察局,高雄市左營區軍校路82號前0.0公尺,晴,日間自然光線,市區道路,50,單路部分,直路,路段,快車道,柏油,乾燥,無缺陷,無障礙物,良好,良好,無號誌,無號誌,行車分向線,無標記,車道線(無標記),快慢車道分隔線,無,車與車,同向擦撞,駕駛人,未保持行車安全間隔,死亡1;受傷1,1,機車,普通重型,女,67,戴安全帽或繫安全帶(使用幼童安全椅),未使用,車的狀態,向前直行中,機車,左側車身,機車,左側車身,駕駛人,未保持行車安全間隔,否,120.292626,22.689906
2021,3,20210331,120900,A1,高雄市政府警察局,高雄市左營區軍校路82號前0.0公尺,晴,日間自然光線,市區道路,50,單路部分,直路,路段,快車道,柏油,乾燥,無缺陷,無障礙物,良好,良好,無號誌,無號誌,行車分向線,無標記,車道線(無標記),快慢車道分隔線,無,車與車,同向擦撞,駕駛人,未保持行車安全間隔,死亡1;受傷1,2,小客車,自用,男,64,戴安全帽或繫安全帶(使用幼童安全椅),未使用,車的狀態,向前直行中,汽車,右側車身,汽車,右側車身,無(車輛駕駛人因素),尚未發現肇事因素,否,120.292626,22.689906
2021,3,20210331,120900,A1,高雄市政府警察局,高雄市左營區軍校路82號前0.0公尺,晴,日間自然光線,市區道路,50,單路部分,直路,路段,快車道,柏油,乾燥,無缺陷,無障礙物,良好,良好,無號誌,無號誌,行車分向線,無標記,車道線(無標記),快慢車道分隔線,無,車與車,同向擦撞,駕駛人,未保持行車安全間隔,死亡1;受傷1,3,機車,普通重型,男,64,戴安全帽或繫安全帶(使用幼童安全椅),未使用,車的狀態,向前直行中,機車,左側車身,機車,左側車身,無(車輛駕駛人因素),尚未發現肇事因素,否,120.292626,22.689906
2021,4,20210401,65600,A1,臺中市政府警察局,臺中市南區江川里建成路 / 臺中市南區江川里復興園路,晴,日間自然光線,市區道路,50,交岔路,四岔路,交叉路口,交叉路口內,柏油,乾燥,無缺陷,無障礙物,良好,良好,行車管制號誌,正常,無,無分向設施,未繪設車道線,未繪設快慢車道分隔線,無,車與車,其他,駕駛人,未依規定讓車,死亡1;受傷0,2,機車,普通重型,男,18,戴安全帽或繫安全帶(使用幼童安全椅),未使用,車的狀態,向前直行中,其他,不明,,,駕駛人,未注意車前狀態,否,120.672009,24.126484
2021,4,20210401,65600,A1,臺中市政府警察局,臺中市南區江川里建成路 / 臺中市南區江川里復興園路,晴,日間自然光線,市區道路,50,交岔路,四岔路,交叉路口,交叉路口內,柏油,乾燥,無缺陷,無障礙物,良好,良好,行車管制號誌,正常,無,無分向設施,未繪設車道線,未繪設快慢車道分隔線,無,車與車,其他,駕駛人,未依規定讓車,死亡1;受傷0,1,小貨車(含客、貨兩用),自用,男,71,戴安全帽或繫安全帶(使用幼童安全椅),未使用,車的狀態,左轉彎,汽車,右後車尾(身),,,駕駛人,未依規定讓車,是,120.672009,24.126484
2021,4,20210401,90100,A1,高雄市政府警察局,高雄市前鎮區中山四路.號前0.0公尺,晴,日間自然光線,市區道路,60,單路部分,直路,路段,快車道,柏油,乾燥,無缺陷,無障礙物,良好,良好,行車管制號誌,正常,中央分向島,寛式(50公分以上),車道線(無標記),寛式快慢車道分隔島(50公分以上),無,車與車,同向擦撞,駕駛人,未保持行車安全間隔,死亡1;受傷1,1,大貨車,營業用,男,51,戴安全帽或繫安全帶(使用幼童安全椅),未使用,車的狀態,向前直行中,汽車,前車頭,汽車,前車頭,駕駛人,未保持行車安全間隔,否,120.332117,22.576724
2021,4,20210401,90100,A1,高雄市政府警察局,高雄市前鎮區中山四路.號前0.0公尺,晴,日間自然光線,市區道路,60,單路部分,直路,路段,快車道,柏油,乾燥,無缺陷,無障礙物,良好,良好,行車管制號誌,正常,中央分向島,寛式(50公分以上),車道線(無標記),寛式快慢車道分隔島(50公分以上),無,車與車,同向擦撞,駕駛人,未保持行車安全間隔,死亡1;受傷1,2,半聯結車,營業用,男,53,戴安全帽或繫安全帶(使用幼童安全椅),未使用,車的狀態,急減速或急停止,汽車,後車尾,汽車,後車尾,駕駛人,違反特定標誌(線)禁制,否,120.332117,22.576724
2021,4,20210401,90100,A1,高雄市政府警察局,高雄市前鎮區中山四路.號前0.0公尺,晴,日間自然光線,市區道路,60,單路部分,直路,路段,快車道,柏油,乾燥,無缺陷,無障礙物,良好,良好,行車管制號誌,正常,中央分向島,寛式(50公分以上),車道線(無標記),寛式快慢車道分隔島(50公分以上),無,車與車,同向擦撞,駕駛人,未保持行車安全間隔,死亡1;受傷1,4,人,乘客,男,50,戴安全帽或繫安全帶(使用幼童安全椅),非駕駛人,人的狀態,不明,其他,非汽(機)車,其他,非汽(機)車,無(非車輛駕駛人因素),尚未發現肇事因素,否,120.332117,22.576724
2021,4,20210401,90100,A1,高雄市政府警察局,高雄市前鎮區中山四路.號前0.0公尺,晴,日間自然光線,市區道路,60,單路部分,直路,路段,快車道,柏油,乾燥,無缺陷,無障礙物,良好,良好,行車管制號誌,正常,中央分向島,寛式(50公分以上),車道線(無標記),寛式快慢車道分隔島(50公分以上),無,車與車,同向擦撞,駕駛人,未保持行車安全間隔,死亡1;受傷1,3,小貨車(含客、貨兩用),自用,男,46,戴安全帽或繫安全帶(使用幼童安全椅),未使用,車的狀態,向前直行中,汽車,右側車身,汽車,右側車身,無(車輛駕駛人因素),尚未發現肇事因素,否,120.332117,22.576724
2021,4,20210401,105011,A1,花蓮縣警察局,花蓮縣壽豐鄉中山路3段92號前0.0公尺,晴,日間自然光線,省道,60,單路部分,直路,路段,路肩、路緣,柏油,乾燥,無缺陷,有堆積物,良好,良好,無號誌,無號誌,中央分向島,寛式(50公分以上),車道線(無標記),快慢車道分隔線,有,人與汽(機)車,佇立路邊(外),駕駛人,起步未注意其他車(人)安全,死亡1;受傷0,4,,,無或物(動物、堆置物),-1,,,,,,,,,無(非車輛駕駛人因素),尚未發現肇事因素,否,121.530914,23.909678
2021,4,20210401,105011,A1,花蓮縣警察局,花蓮縣壽豐鄉中山路3段92號前0.0公尺,晴,日間自然光線,省道,60,單路部分,直路,路段,路肩、路緣,柏油,乾燥,無缺陷,有堆積物,良好,良好,無號誌,無號誌,中央分向島,寛式(50公分以上),車道線(無標記),快慢車道分隔線,有,人與汽(機)車,佇立路邊(外),駕駛人,起步未注意其他車(人)安全,死亡1;受傷0,5,小客車,自用,女,56,不明,不明,車的狀態,靜止(引擎熄火),汽車,後車尾,,,無(車輛駕駛人因素),尚未發現肇事因素,否,121.530914,23.909678
2021,4,20210401,105011,A1,花蓮縣警察局,花蓮縣壽豐鄉中山路3段92號前0.0公尺,晴,日間自然光線,省道,60,單路部分,直路,路段,路肩、路緣,柏油,乾燥,無缺陷,有堆積物,良好,良好,無號誌,無號誌,中央分向島,寛式(50公分以上),車道線(無標記),快慢車道分隔線,有,人與汽(機)車,佇立路邊(外),駕駛人,起步未注意其他車(人)安全,死亡1;受傷0,3,機車,普通重型,女,56,不明,不明,車的狀態,靜止(引擎熄火),機車,右側車身,,,無(車輛駕駛人因素),尚未發現肇事因素,否,121.530914,23.909678
2021,4,20210401,105011,A1,花蓮縣警察局,花蓮縣壽豐鄉中山路3段92號前0.0公尺,晴,日間自然光線,省道,60,單路部分,直路,路段,路肩、路緣,柏油,乾燥,無缺陷,有堆積物,良好,良好,無號誌,無號誌,中央分向島,寛式(50公分以上),車道線(無標記),快慢車道分隔線,有,人與汽(機)車,佇立路邊(外),駕駛人,起步未注意其他車(人)安全,死亡1;受傷0,1,小客車,自用,男,74,戴安全帽或繫安全帶(使用幼童安全椅),未使用,車的狀態,起步,汽車,前車頭,,,駕駛人,起步未注意其他車(人)安全,否,121.530914,23.909678
2021,4,20210401,105011,A1,花蓮縣警察局,花蓮縣壽豐鄉中山路3段92號前0.0公尺,晴,日間自然光線,省道,60,單路部分,直路,路段,路肩、路緣,柏油,乾燥,無缺陷,有堆積物,良好,良好,無號誌,無號誌,中央分向島,寛式(50公分以上),車道線(無標記),快慢車道分隔線,有,人與汽(機)車,佇立路邊(外),駕駛人,起步未注意其他車(人)安全,死亡1;受傷0,2,人,行人,女,72,其他(無需使用保護裝備之人),非駕駛人,人的狀態,靜立(止),其他,非汽(機)車,,,無(非車輛駕駛人因素),尚未發現肇事因素,否,121.530914,23.909678
2021,4,20210401,225300,A1,花蓮縣警察局,花蓮縣玉里鎮台30線 20公里500.0公尺處,晴,夜間(或隧道、地下道、涵洞)有照明,省道,50,單路部分,彎曲路及附近,路段,路肩、路緣,柏油,乾燥,無缺陷,無障礙物,良好,良好,無號誌,無號誌,雙向禁止超車線,無標記,未繪設車道線,未繪設快慢車道分隔線,有,汽(機)車本身,撞護欄(樁),駕駛人,未注意車前狀態,死亡1;受傷1,2,,,無或物(動物、堆置物),-1,,,,,,,,,無(非車輛駕駛人因素),尚未發現肇事因素,否,121.337744,23.290706
2021,4,20210401,225300,A1,花蓮縣警察局,花蓮縣玉里鎮台30線 20公里500.0公尺處,晴,夜間(或隧道、地下道、涵洞)有照明,省道,50,單路部分,彎曲路及附近,路段,路肩、路緣,柏油,乾燥,無缺陷,無障礙物,良好,良好,無號誌,無號誌,雙向禁止超車線,無標記,未繪設車道線,未繪設快慢車道分隔線,有,汽(機)車本身,撞護欄(樁),駕駛人,未注意車前狀態,死亡1;受傷1,1,機車,普通重型,女,19,戴安全帽或繫安全帶(使用幼童安全椅),未使用,車的狀態,向前直行中,機車,前車頭,,,駕駛人,未注意車前狀態,否,121.337744,23.290706
2021,4,20210401,225300,A1,花蓮縣警察局,花蓮縣玉里鎮台30線 20公里500.0公尺處,晴,夜間(或隧道、地下道、涵洞)有照明,省道,50,單路部分,彎曲路及附近,路段,路肩、路緣,柏油,乾燥,無缺陷,無障礙物,良好,良好,無號誌,無號誌,雙向禁止超車線,無標記,未繪設車道線,未繪設快慢車道分隔線,有,汽(機)車本身,撞護欄(樁),駕駛人,未注意車前狀態,死亡1;受傷1,3,人,乘客,男,17,戴安全帽或繫安全帶(使用幼童安全椅),非駕駛人,人的狀態,其他,其他,非汽(機)車,,,無(非車輛駕駛人因素),尚未發現肇事因素,否,121.337744,23.290706
2021,4,20210402,21013,A1,宜蘭縣政府警察局,宜蘭縣冬山鄉廣興路165號前0.0公尺附近,陰,夜間(或隧道、地下道、涵洞)有照明,市區道路,60,單路部分,直路,路段,一般車道(未劃分快慢車道),柏油,乾燥,無缺陷,無障礙物,良好,良好,無號誌,無號誌,行車分向線,附標記,車道線(附標記),未繪設快慢車道分隔線,有,人與汽(機)車,同向通行中,駕駛人,酒醉(後)駕駛失控,死亡1;受傷0,1,小客車,自用,男,31,戴安全帽或繫安全帶(使用幼童安全椅),未使用,車的狀態,向前直行中,汽車,前車頭,,,駕駛人,酒醉(後)駕駛失控,否,121.749843,24.670097
2021,4,20210402,21013,A1,宜蘭縣政府警察局,宜蘭縣冬山鄉廣興路165號前0.0公尺附近,陰,夜間(或隧道、地下道、涵洞)有照明,市區道路,60,單路部分,直路,路段,一般車道(未劃分快慢車道),柏油,乾燥,無缺陷,無障礙物,良好,良好,無號誌,無號誌,行車分向線,附標記,車道線(附標記),未繪設快慢車道分隔線,有,人與汽(機)車,同向通行中,駕駛人,酒醉(後)駕駛失控,死亡1;受傷0,2,人,行人,男,57,其他(無需使用保護裝備之人),非駕駛人,人的狀態,步行,其他,非汽(機)車,,,無(非車輛駕駛人因素),尚未發現肇事因素,否,121.749843,24.670097