發生年度,發生月份,發生日期,發生時間,事故類別名稱,處理單位名稱警局層,發生地點,天候名稱,光線名稱,道路類別-第1當事者-名稱,速限-第1當事者,道路型態大類別名稱,道路型態子類別名稱,事故位置大類別名稱,事故位置子類別名稱,路面狀況-路面鋪裝名稱,路面狀況-路面狀態名稱,路面狀況-路面缺陷名稱,道路障礙-障礙物名稱,道路障礙-視距品質名稱,道路障礙-視距名稱,號誌-號誌種類名稱,號誌-號誌動作名稱,車道劃分設施-分向設施大類別名稱,車道劃分設施-分向設施子類別名稱,車道劃分設施-分道設施-快車道或一般車道間名稱,車道劃分設施-分道設施-快慢車道間名稱,車道劃分設施-分道設施-路面邊線名稱,事故類型及型態大類別名稱,事故類型及型態子類別名稱,肇因研判大類別名稱-主要,肇因研判子類別名稱-主要,死亡受傷人數,當事者順位,當事者區分-類別-大類別名稱-車種,當事者區分-類別-子類別名稱-車種,當事者屬-性-別名稱,當事者事故發生時年齡,保護裝備名稱,行動電話或電腦或其他相類功能裝置名稱,當事者行動狀態大類別名稱,當事者行動狀態子類別名稱,車輛撞擊部位大類別名稱-最初,車輛撞擊部位子類別名稱-最初,車輛撞擊部位大類別名稱-其他,車輛撞擊部位子類別名稱-其他,肇因研判大類別名稱-個別,肇因研判子類別名稱-個別,肇事逃逸類別名稱-是否肇逃,經度,緯度
2021,5,20210530,132007,A1,臺南市政府警察局,臺南市七股區台17線 155公里200.0公尺處口,雨,日間自然光線,市區道路,50,交岔路,三岔路,交叉路口,交叉路口內,柏油,濕潤,無缺陷,無障礙物,良好,良好,閃光號誌,正常,無,無分向設施,未繪設車道線,未繪設快慢車道分隔線,無,汽(機)車本身,撞交通島,駕駛人,未注意車前狀態,死亡1;受傷1,1,小貨車(含客、貨兩用),自用,男,79,不明,不明,車的狀態,向前直行中,汽車,前車頭,,,駕駛人,未注意車前狀態,否,120.134359,23.163904
2021,5,20210530,132007,A1,臺南市政府警察局,臺南市七股區台17線 155公里200.0公尺處口,雨,日間自然光線,市區道路,50,交岔路,三岔路,交叉路口,交叉路口內,柏油,濕潤,無缺陷,無障礙物,良好,良好,閃光號誌,正常,無,無分向設施,未繪設車道線,未繪設快慢車道分隔線,無,汽(機)車本身,撞交通島,駕駛人,未注意車前狀態,死亡1;受傷1,3,人,乘客,女,52,戴安全帽或繫安全帶(使用幼童安全椅),非駕駛人,人的狀態,靜立(止),其他,非汽(機)車,,,無(非車輛駕駛人因素),尚未發現肇事因素,否,120.134359,23.163904
2021,5,20210530,163847,A1,國道公路警察局,臺南市關廟區國道3號 353公里北側向中線,雨,日間自然光線,國道,110,單路部分,直路,路段,快車道,柏油,濕潤,無缺陷,無障礙物,良好,良好,無號誌,無號誌,中央分向島,寛式(50公分以上),車道線(附標記),未繪設快慢車道分隔線,有,車與車,同向擦撞,駕駛人,變換車道或方向不當,死亡1;受傷3,3,,,無或物(動物、堆置物),-1,,,,,,,,,無(非車輛駕駛人因素),尚未發現肇事因素,否,120.333961,22.971824
2021,5,20210530,163847,A1,國道公路警察局,臺南市關廟區國道3號 353公里北側向中線,雨,日間自然光線,國道,110,單路部分,直路,路段,快車道,柏油,濕潤,無缺陷,無障礙物,良好,良好,無號誌,無號誌,中央分向島,寛式(50公分以上),車道線(附標記),未繪設快慢車道分隔線,有,車與車,同向擦撞,駕駛人,變換車道或方向不當,死亡1;受傷3,6,人,乘客,女,5,不明,未使用,人的狀態,其他,其他,非汽(機)車,,,無(非車輛駕駛人因素),尚未發現肇事因素,否,120.333961,22.971824
2021,5,20210530,163847,A1,國道公路警察局,臺南市關廟區國道3號 353公里北側向中線,雨,日間自然光線,國道,110,單路部分,直路,路段,快車道,柏油,濕潤,無缺陷,無障礙物,良好,良好,無號誌,無號誌,中央分向島,寛式(50公分以上),車道線(附標記),未繪設快慢車道分隔線,有,車與車,同向擦撞,駕駛人,變換車道或方向不當,死亡1;受傷3,1,小客車,自用,男,32,戴安全帽或繫安全帶(使用幼童安全椅),未使用,車的狀態,向右變換車道,汽車,右側車身,,,駕駛人,變換車道或方向不當,否,120.333961,22.971824
2021,5,20210530,163847,A1,國道公路警察局,臺南市關廟區國道3號 353公里北側向中線,雨,日間自然光線,國道,110,單路部分,直路,路段,快車道,柏油,濕潤,無缺陷,無障礙物,良好,良好,無號誌,無號誌,中央分向島,寛式(50公分以上),車道線(附標記),未繪設快慢車道分隔線,有,車與車,同向擦撞,駕駛人,變換車道或方向不當,死亡1;受傷3,4,人,乘客,女,80,戴安全帽或繫安全帶(使用幼童安全椅),未使用,人的狀態,其他,其他,非汽(機)車,,,無(非車輛駕駛人因素),尚未發現肇事因素,否,120.333961,22.971824
2021,5,20210530,163847,A1,國道公路警察局,臺南市關廟區國道3號 353公里北側向中線,雨,日間自然光線,國道,110,單路部分,直路,路段,快車道,柏油,濕潤,無缺陷,無障礙物,良好,良好,無號誌,無號誌,中央分向島,寛式(50公分以上),車道線(附標記),未繪設快慢車道分隔線,有,車與車,同向擦撞,駕駛人,變換車道或方向不當,死亡1;受傷3,5,人,乘客,女,4,戴安全帽或繫安全帶(使用幼童安全椅),未使用,人的狀態,其他,其他,非汽(機)車,,,無(非車輛駕駛人因素),尚未發現肇事因素,否,120.333961,22.971824
2021,5,20210530,163847,A1,國道公路警察局,臺南市關廟區國道3號 353公里北側向中線,雨,日間自然光線,國道,110,單路部分,直路,路段,快車道,柏油,濕潤,無缺陷,無障礙物,良好,良好,無號誌,無號誌,中央分向島,寛式(50公分以上),車道線(附標記),未繪設快慢車道分隔線,有,車與車,同向擦撞,駕駛人,變換車道或方向不當,死亡1;受傷3,2,小客車,自用,女,32,戴安全帽或繫安全帶(使用幼童安全椅),未使用,車的狀態,向前直行中,汽車,左側車身,汽車,前車頭,無(車輛駕駛人因素),尚未發現肇事因素,否,120.333961,22.971824
2021,5,20210531,74400,A1,高雄市政府警察局,高雄市小港區村北林路11號前0.0公尺,陰,日間自然光線,市區道路,40,單路部分,直路,路段,慢車道,柏油,濕潤,無缺陷,無障礙物,良好,良好,無號誌,無號誌,行車分向線,無標記,禁止變換車道線(附標記),窄式快慢車道分隔島(無柵欄),無,車與車,其他,駕駛人,未依規定減速,死亡1;受傷0,1,機車,普通重型,男,27,戴安全帽或繫安全帶(使用幼童安全椅),未使用,車的狀態,向前直行中,其他,不明,其他,不明,駕駛人,未依規定減速,否,120.371346,22.555459
2021,5,20210531,74400,A1,高雄市政府警察局,高雄市小港區村北林路11號前0.0公尺,陰,日間自然光線,市區道路,40,單路部分,直路,路段,慢車道,柏油,濕潤,無缺陷,無障礙物,良好,良好,無號誌,無號誌,行車分向線,無標記,禁止變換車道線(附標記),窄式快慢車道分隔島(無柵欄),無,車與車,其他,駕駛人,未依規定減速,死亡1;受傷0,2,小客車,自用,男,29,戴安全帽或繫安全帶(使用幼童安全椅),未使用,車的狀態,向前直行中,汽車,前車頭,汽車,前車頭,無(車輛駕駛人因素),尚未發現肇事因素,否,120.371346,22.555459
2021,5,20210531,82259,A1,桃園市政府警察局,桃園市觀音區台61線平面道路與保障五路口,陰,日間自然光線,市區道路,50,交岔路,四岔路,交叉路口,交叉路口內,柏油,乾燥,無缺陷,無障礙物,良好,良好,閃光號誌,正常,無,無分向設施,未繪設車道線,未繪設快慢車道分隔線,無,車與車,同向擦撞,駕駛人,左轉彎未依規定,死亡1;受傷0,2,機車,普通重型,男,19,不明,不明,車的狀態,向前直行中,機車,前車頭,,,駕駛人,未注意車前狀態,否,121.137599,25.07046
2021,5,20210531,82259,A1,桃園市政府警察局,桃園市觀音區台61線平面道路與保障五路口,陰,日間自然光線,市區道路,50,交岔路,四岔路,交叉路口,交叉路口內,柏油,乾燥,無缺陷,無障礙物,良好,良好,閃光號誌,正常,無,無分向設施,未繪設車道線,未繪設快慢車道分隔線,無,車與車,同向擦撞,駕駛人,左轉彎未依規定,死亡1;受傷0,1,小貨車(含客、貨兩用),自用,男,50,不明,不明,車的狀態,左轉彎,汽車,左前車頭(身),,,駕駛人,左轉彎未依規定,否,121.137599,25.07046
2021,6,20210601,10000,A1,臺中市政府警察局,臺中市南區福平里復興路2段160號前0.0公尺,晴,夜間(或隧道、地下道、涵洞)有照明,市區道路,50,單路部分,直路,路段,快車道,柏油,乾燥,無缺陷,無障礙物,不良,彎道,無號誌,無號誌,中央分向島,寛式(50公分以上),車道線(無標記),快慢車道分隔線,無,汽(機)車本身,撞交通島,駕駛人,未注意車前狀態,死亡1;受傷0,2,,,無或物(動物、堆置物),0,,,,,,,,,無(非車輛駕駛人因素),尚未發現肇事因素,否,120.665552,24.126573
2021,6,20210601,10000,A1,臺中市政府警察局,臺中市南區福平里復興路2段160號前0.0公尺,晴,夜間(或隧道、地下道、涵洞)有照明,市區道路,50,單路部分,直路,路段,快車道,柏油,乾燥,無缺陷,無障礙物,不良,彎道,無號誌,無號誌,中央分向島,寛式(50公分以上),車道線(無標記),快慢車道分隔線,無,汽(機)車本身,撞交通島,駕駛人,未注意車前狀態,死亡1;受傷0,1,機車,普通重型,男,20,戴安全帽或繫安全帶(使用幼童安全椅),未使用,車的狀態,向前直行中,機車,左側車身,,,駕駛人,未注意車前狀態,否,120.665552,24.126573
2021,6,20210601,34000,A1,雲林縣警察局,雲林縣臺西鄉和豐村台17線,雨,夜間(或隧道、地下道、涵洞)有照明,村里道路,50,單路部分,直路,路段,一般車道(未劃分快慢車道),柏油,濕潤,無缺陷,無障礙物,良好,良好,無號誌,無號誌,無,無分向設施,車道線(無標記),未繪設快慢車道分隔線,有,車與車,追撞,駕駛人,未注意車前狀態,死亡1;受傷0,1,小貨車(含客、貨兩用),自用,男,42,不明,不明,車的狀態,向右變換車道,汽車,右前車頭(身),,,駕駛人,未注意車前狀態,否,120.237431,23.736859
2021,6,20210601,34000,A1,雲林縣警察局,雲林縣臺西鄉和豐村台17線,雨,夜間(或隧道、地下道、涵洞)有照明,村里道路,50,單路部分,直路,路段,一般車道(未劃分快慢車道),柏油,濕潤,無缺陷,無障礙物,良好,良好,無號誌,無號誌,無,無分向設施,車道線(無標記),未繪設快慢車道分隔線,有,車與車,追撞,駕駛人,未注意車前狀態,死亡1;受傷0,2,慢車,腳踏自行車,男,78,其他(無需使用保護裝備之人),非駕駛人,車的狀態,向前直行中,其他,非汽(機)車,,,其他,不明原因肇事,否,120.237431,23.736859
2021,6,20210601,72500,A1,臺南市政府警察局,臺南市永康區王行路口 / 臺南市永康區永科王田大道口,晴,日間自然光線,市區道路,50,交岔路,三岔路,交叉路口,交叉路口內,柏油,濕潤,無缺陷,無障礙物,良好,良好,行車管制號誌,正常,無,無分向設施,未繪設車道線,未繪設快慢車道分隔線,無,汽(機)車本身,路上翻車、摔倒,駕駛人,未注意車前狀態,死亡1;受傷0,2,,,無或物(動物、堆置物),-1,,,,,,,,,無(非車輛駕駛人因素),尚未發現肇事因素,否,120.275061,23.046686
2021,6,20210601,72500,A1,臺南市政府警察局,臺南市永康區王行路口 / 臺南市永康區永科王田大道口,晴,日間自然光線,市區道路,50,交岔路,三岔路,交叉路口,交叉路口內,柏油,濕潤,無缺陷,無障礙物,良好,良好,行車管制號誌,正常,無,無分向設施,未繪設車道線,未繪設快慢車道分隔線,無,汽(機)車本身,路上翻車、摔倒,駕駛人,未注意車前狀態,死亡1;受傷0,3,小客車,自用,女,32,戴安全帽或繫安全帶(使用幼童安全椅),未使用,車的狀態,左轉彎,汽車,右後車尾(身),,,駕駛人,未依規定讓車,否,120.275061,23.046686
2021,6,20210601,72500,A1,臺南市政府警察局,臺南市永康區王行路口 / 臺南市永康區永科王田大道口,晴,日間自然光線,市區道路,50,交岔路,三岔路,交叉路口,交叉路口內,柏油,濕潤,無缺陷,無障礙物,良好,良好,行車管制號誌,正常,無,無分向設施,未繪設車道線,未繪設快慢車道分隔線,無,汽(機)車本身,路上翻車、摔倒,駕駛人,未注意車前狀態,死亡1;受傷0,1,機車,普通重型,男,25,戴安全帽或繫安全帶(使用幼童安全椅),未使用,車的狀態,向前直行中,機車,前車頭,機車,左側車身,駕駛人,未注意車前狀態,否,120.275061,23.046686
2021,6,20210602,52700,A1,桃園市政府警察局,桃園市桃園區國際路二段口 / 桃園市桃園區益壽七街口,晴,日間自然光線,市區道路,40,交岔路,四岔路,交叉路口,交叉路口內,柏油,乾燥,無缺陷,無障礙物,良好,良好,閃光號誌,正常,無,無分向設施,未繪設車道線,未繪設快慢車道分隔線,無,車與車,路口交岔撞,駕駛人,未依規定讓車,死亡1;受傷0,1,機車,普通重型,男,68,戴安全帽或繫安全帶(使用幼童安全椅),未使用,車的狀態,向前直行中,機車,左側車身,,,駕駛人,未依規定讓車,否,121.288397,24.991723
2021,6,20210602,52700,A1,桃園市政府警察局,桃園市桃園區國際路二段口 / 桃園市桃園區益壽七街口,晴,日間自然光線,市區道路,40,交岔路,四岔路,交叉路口,交叉路口內,柏油,乾燥,無缺陷,無障礙物,良好,良好,閃光號誌,正常,無,無分向設施,未繪設車道線,未繪設快慢車道分隔線,無,車與車,路口交岔撞,駕駛人,未依規定讓車,死亡1;受傷0,2,小貨車(含客、貨兩用),自用,男,41,戴安全帽或繫安全帶(使用幼童安全椅),未使用,車的狀態,向前直行中,汽車,前車頭,,,駕駛人,未依規定減速,否,121.288397,24.991723
2021,6,20210602,70500,A1,臺中市政府警察局,臺中市豐原區大湳里三豐路1段前0.0公尺,晴,日間自然光線,市區道路,50,單路部分,直路,路段,一般車道(未劃分快慢車道),柏油,乾燥,無缺陷,無障礙物,良好,良好,無號誌,無號誌,雙向禁止超車線,無標記,車道線(無標記),未繪設快慢車道分隔線,無,車與車,其他,駕駛人,逆向行駛,死亡1;受傷1,1,機車,普通重型,男,79,戴安全帽或繫安全帶(使用幼童安全椅),未使用,車的狀態,向前直行中,其他,不明,,,駕駛人,逆向行駛,否,120.720211,24.259456
2021,6,20210602,70500,A1,臺中市政府警察局,臺中市豐原區大湳里三豐路1段前0.0公尺,晴,日間自然光線,市區道路,50,單路部分,直路,路段,一般車道(未劃分快慢車道),柏油,乾燥,無缺陷,無障礙物,良好,良好,無號誌,無號誌,雙向禁止超車線,無標記,車道線(無標記),未繪設快慢車道分隔線,無,車與車,其他,駕駛人,逆向行駛,死亡1;受傷1,2,機車,普通重型,男,42,戴安全帽或繫安全帶(使用幼童安全椅),未使用,車的狀態,向前直行中,其他,不明,,,無(車輛駕駛人因素),尚未發現肇事因素,否,120.720211,24.259456
2021,6,20210602,203300,A1,新竹縣政府警察局,新竹縣竹北市中華路口 / 新竹縣竹北市中華路857巷口口,晴,夜間(或隧道、地下道、涵洞)有照明,省道,50,交岔路,三岔路,交叉路口,交叉路口內,柏油,乾燥,無缺陷,無障礙物,良好,良好,無號誌,無號誌,中央分向島,寛式(50公分以上),車道線(無標記),快慢車道分隔線,有,車與車,側撞,駕駛人,未依規定讓車,死亡1;受傷1,1,小客車,自用,男,22,戴安全帽或繫安全帶(使用幼童安全椅),未使用,車的狀態,左轉彎,汽車,右側車身,,,駕駛人,未依規定讓車,否,121.005149,24.847518
2021,6,20210602,203300,A1,新竹縣政府警察局,新竹縣竹北市中華路口 / 新竹縣竹北市中華路857巷口口,晴,夜間(或隧道、地下道、涵洞)有照明,省道,50,交岔路,三岔路,交叉路口,交叉路口內,柏油,乾燥,無缺陷,無障礙物,良好,良好,無號誌,無號誌,中央分向島,寛式(50公分以上),車道線(無標記),快慢車道分隔線,有,車與車,側撞,駕駛人,未依規定讓車,死亡1;受傷1,2,機車,大型重型2(250-550C.C.),男,26,戴安全帽或繫安全帶(使用幼童安全椅),未使用,車的狀態,向前直行中,機車,前車頭,,,駕駛人,未注意車前狀態,否,121.005149,24.847518
2021,6,20210602,235400,A1,桃園市政府警察局,桃園市新屋區員本里民富幹58號前(富岡所;Q110060029),晴,夜間(或隧道、地下道、涵洞)無照明,市區道路,50,單路部分,直路,路段,一般車道(未劃分快慢車道),柏油,乾燥,無缺陷,無障礙物,良好,良好,無號誌,無號誌,行車分向線,無標記,未繪設車道線,未繪設快慢車道分隔線,有,汽(機)車本身,撞路樹、電桿,駕駛人,酒醉(後)駕駛失控,死亡1;受傷3,2,,,無或物(動物、堆置物),-1,,,,,,,,,無(非車輛駕駛人因素),尚未發現肇事因素,否,121.085526,24.952544
2021,6,20210602,235400,A1,桃園市政府警察局,桃園市新屋區員本里民富幹58號前(富岡所;Q110060029),晴,夜間(或隧道、地下道、涵洞)無照明,市區道路,50,單路部分,直路,路段,一般車道(未劃分快慢車道),柏油,乾燥,無缺陷,無障礙物,良好,良好,無號誌,無號誌,行車分向線,無標記,未繪設車道線,未繪設快慢車道分隔線,有,汽(機)車本身,撞路樹、電桿,駕駛人,酒醉(後)駕駛失控,死亡1;受傷3,3,機車,普通重型,女,19,戴安全帽或繫安全帶(使用幼童安全椅),未使用,車的狀態,向前直行中,機車,前車頭,,,駕駛人,未注意車前狀態,否,121.085526,24.952544
2021,6,20210602,235400,A1,桃園市政府警察局,桃園市新屋區員本里民富幹58號前(富岡所;Q110060029),晴,夜間(或隧道、地下道、涵洞)無照明,市區道路,50,單路部分,直路,路段,一般車道(未劃分快慢車道),柏油,乾燥,無缺陷,無障礙物,良好,良好,無號誌,無號誌,行車分向線,無標記,未繪設車道線,未繪設快慢車道分隔線,有,汽(機)車本身,撞路樹、電桿,駕駛人,酒醉(後)駕駛失控,死亡1;受傷3,1,機車,普通重型,男,37,戴安全帽或繫安全帶(使用幼童安全椅),未使用,車的狀態,向前直行中,機車,前車頭,,,駕駛人,酒醉(後)駕駛失控,否,121.085526,24.952544
2021,6,20210602,235400,A1,桃園市政府警察局,桃園市新屋區員本里民富幹58號前(富岡所;Q110060029),晴,夜間(或隧道、地下道、涵洞)無照明,市區道路,50,單路部分,直路,路段,一般車道(未劃分快慢車道),柏油,乾燥,無缺陷,無障礙物,良好,良好,無號誌,無號誌,行車分向線,無標記,未繪設車道線,未繪設快慢車道分隔線,有,汽(機)車本身,撞路樹、電桿,駕駛人,酒醉(後)駕駛失控,死亡1;受傷3,4,人,乘客,女,15,戴安全帽或繫安全帶(使用幼童安全椅),未使用,人的狀態,不明,其他,非汽(機)車,,,無(非車輛駕駛人因素),尚未發現肇事因素,否,121.085526,24.952544
2021,6,20210602,235400,A1,桃園市政府警察局,桃園市新屋區員本里民富幹58號前(富岡所;Q110060029),晴,夜間(或隧道、地下道、涵洞)無照明,市區道路,50,單路部分,直路,路段,一般車道(未劃分快慢車道),柏油,乾燥,無缺陷,無障礙物,良好,良好,無號誌,無號誌,行車分向線,無標記,未繪設車道線,未繪設快慢車道分隔線,有,汽(機)車本身,撞路樹、電桿,駕駛人,酒醉(後)駕駛失控,死亡1;受傷3,5,人,乘客,男,10,戴安全帽或繫安全帶(使用幼童安全椅),未使用,人的狀態,其他,其他,非汽(機)車,,,無(非車輛駕駛人因素),尚未發現肇事因素,否,121.085526,24.952544
2021,6,20210603,40707,A1,臺南市政府警察局,臺南市安南區台江大道三段,晴,夜間(或隧道、地下道、涵洞)有照明,市區道路,70,單路部分,直路,路段,快車道,柏油,乾燥,無缺陷,無障礙物,良好,良好,無號誌,無號誌,中央分向島,寛式(50公分以上),車道線(附標記),快慢車道分隔線,有,車與車,追撞,駕駛人,未保持行車安全距離,死亡3;受傷0,1,小客車,自用,男,28,不明,不明,車的狀態,向前直行中,汽車,前車頭,,,駕駛人,未保持行車安全距離,否,120.182833,23.060888
2021,6,20210603,40707,A1,臺南市政府警察局,臺南市安南區台江大道三段,晴,夜間(或隧道、地下道、涵洞)有照明,市區道路,70,單路部分,直路,路段,快車道,柏油,乾燥,無缺陷,無障礙物,良好,良好,無號誌,無號誌,中央分向島,寛式(50公分以上),車道線(附標記),快慢車道分隔線,有,車與車,追撞,駕駛人,未保持行車安全距離,死亡3;受傷0,3,人,乘客,女,48,不明,不明,人的狀態,其他,其他,非汽(機)車,,,無(非車輛駕駛人因素),尚未發現肇事因素,否,120.182833,23.060888
2021,6,20210603,40707,A1,臺南市政府警察局,臺南市安南區台江大道三段,晴,夜間(或隧道、地下道、涵洞)有照明,市區道路,70,單路部分,直路,路段,快車道,柏油,乾燥,無缺陷,無障礙物,良好,良好,無號誌,無號誌,中央分向島,寛式(50公分以上),車道線(附標記),快慢車道分隔線,有,車與車,追撞,駕駛人,未保持行車安全距離,死亡3;受傷0,2,小客車,自用,男,65,不明,不明,車的狀態,向前直行中,汽車,後車尾,,,無(車輛駕駛人因素),尚未發現肇事因素,否,120.182833,23.060888
2021,6,20210603,74200,A1,宜蘭縣政府警察局,宜蘭縣礁溪鄉礁溪路7段89號前0.0公尺附近,晴,日間自然光線,省道,60,交岔路,三岔路,交叉路口,交叉路口內,柏油,乾燥,無缺陷,無障礙物,良好,良好,無號誌,無號誌,中央分向島,寛式(50公分以上),車道線(附標記),未繪設快慢車道分隔線,有,車與車,側撞,駕駛人,未依規定讓車,死亡1;受傷0,1,機車,普通重型,男,78,戴安全帽或繫安全帶(使用幼童安全椅),未使用,車的狀態,左轉彎,機車,前車頭,,,駕駛人,未依規定讓車,否,121.786708,24.836945
2021,6,20210603,74200,A1,宜蘭縣政府警察局,宜蘭縣礁溪鄉礁溪路7段89號前0.0公尺附近,晴,日間自然光線,省道,60,交岔路,三岔路,交叉路口,交叉路口內,柏油,乾燥,無缺陷,無障礙物,良好,良好,無號誌,無號誌,中央分向島,寛式(50公分以上),車道線(附標記),未繪設快慢車道分隔線,有,車與車,側撞,駕駛人,未依規定讓車,死亡1;受傷0,2,小客車,自用,男,20,戴安全帽或繫安全帶(使用幼童安全椅),未使用,車的狀態,向前直行中,汽車,左前車頭(身),,,駕駛人,未注意車前狀態,否,121.786708,24.836945
2021,6,20210604,75747,A1,雲林縣警察局,雲林縣二崙鄉田尾村雲33道路路燈電桿230742號旁路口,晴,日間自然光線,鄉道,30,交岔路,三岔路,交叉路口,交叉路口內,柏油,乾燥,無缺陷,無障礙物,良好,良好,無號誌,無號誌,行車分向線,無標記,未繪設車道線,未繪設快慢車道分隔線,無,車與車,側撞,駕駛人,未依規定讓車,死亡1;受傷0,1,大貨車,營業用,男,59,不明,不明,車的狀態,左轉彎,汽車,左側車身,,,駕駛人,未依規定讓車,否,120.418971,23.759881
2021,6,20210604,75747,A1,雲林縣警察局,雲林縣二崙鄉田尾村雲33道路路燈電桿230742號旁路口,晴,日間自然光線,鄉道,30,交岔路,三岔路,交叉路口,交叉路口內,柏油,乾燥,無缺陷,無障礙物,良好,良好,無號誌,無號誌,行車分向線,無標記,未繪設車道線,未繪設快慢車道分隔線,無,車與車,側撞,駕駛人,未依規定讓車,死亡1;受傷0,3,人,乘客,男,25,不明,不明,人的狀態,其他,其他,非汽(機)車,,,無(非車輛駕駛人因素),尚未發現肇事因素,否,120.418971,23.759881
2021,6,20210604,75747,A1,雲林縣警察局,雲林縣二崙鄉田尾村雲33道路路燈電桿230742號旁路口,晴,日間自然光線,鄉道,30,交岔路,三岔路,交叉路口,交叉路口內,柏油,乾燥,無缺陷,無障礙物,良好,良好,無號誌,無號誌,行車分向線,無標記,未繪設車道線,未繪設快慢車道分隔線,無,車與車,側撞,駕駛人,未依規定讓車,死亡1;受傷0,2,機車,普通重型,男,19,戴安全帽或繫安全帶(使用幼童安全椅),不明,車的狀態,向前直行中,機車,前車頭,,,駕駛人,未注意車前狀態,否,120.418971,23.759881
2021,6,20210604,95900,A1,桃園市政府警察局,桃園市新屋區新生里中山路570號前0.0公尺,晴,日間自然光線,市區道路,50,單路部分,直路,路段,一般車道(未劃分快慢車道),柏油,乾燥,無缺陷,無障礙物,良好,良好,無號誌,無號誌,雙向禁止超車線,無標記,車道線(無標記),未繪設快慢車道分隔線,有,人與汽(機)車,穿越道路中,行人(或乘客),未依規定行走行人穿越道、地下道、天橋而穿越道路,死亡1;受傷0,2,小客車,自用,男,36,戴安全帽或繫安全帶(使用幼童安全椅),未使用,車的狀態,向前直行中,汽車,右前車頭(身),,,駕駛人,未注意車前狀態,否,121.09852,24.973629
2021,6,20210604,95900,A1,桃園市政府警察局,桃園市新屋區新生里中山路570號前0.0公尺,晴,日間自然光線,市區道路,50,單路部分,直路,路段,一般車道(未劃分快慢車道),柏油,乾燥,無缺陷,無障礙物,良好,良好,無號誌,無號誌,雙向禁止超車線,無標記,車道線(無標記),未繪設快慢車道分隔線,有,人與汽(機)車,穿越道路中,行人(或乘客),未依規定行走行人穿越道、地下道、天橋而穿越道路,死亡1;受傷0,1,人,行人,女,81,其他(無需使用保護裝備之人),非駕駛人,人的狀態,步行,其他,非汽(機)車,,,行人(或乘客),未依規定行走行人穿越道、地下道、天橋而穿越道路,否,121.09852,24.973629
2021,6,20210604,222000,A1,雲林縣警察局,雲林縣虎尾鎮惠來里雲145乙線296127號燈桿前,雨,夜間(或隧道、地下道、涵洞)有照明,縣道,60,單路部分,直路,路段,一般車道(未劃分快慢車道),柏油,濕潤,無缺陷,無障礙物,不良,其他,無號誌,無號誌,中央分向島,寛式(50公分以上),車道線(無標記),未繪設快慢車道分隔線,有,汽(機)車本身,撞路樹、電桿,駕駛人,未注意車前狀態,死亡1;受傷2,2,,,無或物(動物、堆置物),-1,,,,,,,,,無(非車輛駕駛人因素),尚未發現肇事因素,否,120.479795,23.73577
2021,6,20210604,222000,A1,雲林縣警察局,雲林縣虎尾鎮惠來里雲145乙線296127號燈桿前,雨,夜間(或隧道、地下道、涵洞)有照明,縣道,60,單路部分,直路,路段,一般車道(未劃分快慢車道),柏油,濕潤,無缺陷,無障礙物,不良,其他,無號誌,無號誌,中央分向島,寛式(50公分以上),車道線(無標記),未繪設快慢車道分隔線,有,汽(機)車本身,撞路樹、電桿,駕駛人,未注意車前狀態,死亡1;受傷2,1,小客車,自用,男,23,不明,不明,車的狀態,向前直行中,汽車,前車頭,汽車,左側車身,駕駛人,未注意車前狀態,否,120.479795,23.73577
2021,6,20210604,222000,A1,雲林縣警察局,雲林縣虎尾鎮惠來里雲145乙線296127號燈桿前,雨,夜間(或隧道、地下道、涵洞)有照明,縣道,60,單路部分,直路,路段,一般車道(未劃分快慢車道),柏油,濕潤,無缺陷,無障礙物,不良,其他,無號誌,無號誌,中央分向島,寛式(50公分以上),車道線(無標記),未繪設快慢車道分隔線,有,汽(機)車本身,撞路樹、電桿,駕駛人,未注意車前狀態,死亡1;受傷2,3,人,乘客,女,19,未戴案全帽或未繫安全帶(未使用幼童安全椅),非駕駛人,人的狀態,其他,其他,非汽(機)車,,,無(非車輛駕駛人因素),尚未發現肇事因素,否,120.479795,23.73577
2021,6,20210604,222000,A1,雲林縣警察局,雲林縣虎尾鎮惠來里雲145乙線296127號燈桿前,雨,夜間(或隧道、地下道、涵洞)有照明,縣道,60,單路部分,直路,路段,一般車道(未劃分快慢車道),柏油,濕潤,無缺陷,無障礙物,不良,其他,無號誌,無號誌,中央分向島,寛式(50公分以上),車道線(無標記),未繪設快慢車道分隔線,有,汽(機)車本身,撞路樹、電桿,駕駛人,未注意車前狀態,死亡1;受傷2,4,人,乘客,男,21,未戴案全帽或未繫安全帶(未使用幼童安全椅),非駕駛人,人的狀態,其他,其他,非汽(機)車,,,無(非車輛駕駛人因素),尚未發現肇事因素,否,120.479795,23.73577