發生年度,發生月份,發生日期,發生時間,事故類別名稱,處理單位名稱警局層,發生地點,天候名稱,光線名稱,道路類別-第1當事者-名稱,速限-第1當事者,道路型態大類別名稱,道路型態子類別名稱,事故位置大類別名稱,事故位置子類別名稱,路面狀況-路面鋪裝名稱,路面狀況-路面狀態名稱,路面狀況-路面缺陷名稱,道路障礙-障礙物名稱,道路障礙-視距品質名稱,道路障礙-視距名稱,號誌-號誌種類名稱,號誌-號誌動作名稱,車道劃分設施-分向設施大類別名稱,車道劃分設施-分向設施子類別名稱,車道劃分設施-分道設施-快車道或一般車道間名稱,車道劃分設施-分道設施-快慢車道間名稱,車道劃分設施-分道設施-路面邊線名稱,事故類型及型態大類別名稱,事故類型及型態子類別名稱,肇因研判大類別名稱-主要,肇因研判子類別名稱-主要,死亡受傷人數,當事者順位,當事者區分-類別-大類別名稱-車種,當事者區分-類別-子類別名稱-車種,當事者屬-性-別名稱,當事者事故發生時年齡,保護裝備名稱,行動電話或電腦或其他相類功能裝置名稱,當事者行動狀態大類別名稱,當事者行動狀態子類別名稱,車輛撞擊部位大類別名稱-最初,車輛撞擊部位子類別名稱-最初,車輛撞擊部位大類別名稱-其他,車輛撞擊部位子類別名稱-其他,肇因研判大類別名稱-個別,肇因研判子類別名稱-個別,肇事逃逸類別名稱-是否肇逃,經度,緯度
2021,7,20210718,111800,A1,臺中市政府警察局,臺中市沙鹿區居仁里臺灣大道七段957號前0.0公尺,晴,日間自然光線,市區道路,40,單路部分,直路,路段,一般車道(未劃分快慢車道),柏油,乾燥,無缺陷,無障礙物,良好,良好,無號誌,無號誌,無,無分向設施,未繪設車道線,未繪設快慢車道分隔線,無,車與車,其他,駕駛人,左轉彎未依規定,死亡1;受傷0,2,小客車,自用,男,23,戴安全帽或繫安全帶(使用幼童安全椅),未使用,車的狀態,向前直行中,汽車,左前車頭(身),汽車,右前車頭(身),駕駛人,未注意車前狀態,否,120.563056,24.24
2021,7,20210718,111800,A1,臺中市政府警察局,臺中市沙鹿區居仁里臺灣大道七段957號前0.0公尺,晴,日間自然光線,市區道路,40,單路部分,直路,路段,一般車道(未劃分快慢車道),柏油,乾燥,無缺陷,無障礙物,良好,良好,無號誌,無號誌,無,無分向設施,未繪設車道線,未繪設快慢車道分隔線,無,車與車,其他,駕駛人,左轉彎未依規定,死亡1;受傷0,3,小客車,自用,男,50,未戴案全帽或未繫安全帶(未使用幼童安全椅),未使用,車的狀態,靜止(引擎熄火),汽車,左側車身,,,無(車輛駕駛人因素),尚未發現肇事因素,否,120.563056,24.24
2021,7,20210718,111800,A1,臺中市政府警察局,臺中市沙鹿區居仁里臺灣大道七段957號前0.0公尺,晴,日間自然光線,市區道路,40,單路部分,直路,路段,一般車道(未劃分快慢車道),柏油,乾燥,無缺陷,無障礙物,良好,良好,無號誌,無號誌,無,無分向設施,未繪設車道線,未繪設快慢車道分隔線,無,車與車,其他,駕駛人,左轉彎未依規定,死亡1;受傷0,4,小客車,自用,男,41,未戴案全帽或未繫安全帶(未使用幼童安全椅),未使用,車的狀態,靜止(引擎熄火),汽車,左後車尾(身),,,無(車輛駕駛人因素),尚未發現肇事因素,否,120.563056,24.24
2021,7,20210718,133200,A1,新北市政府警察局,新北市新莊區思源路 / 新北市新莊區中原路,晴,日間自然光線,市區道路,50,交岔路,四岔路,交叉路口,交叉路口內,柏油,乾燥,無缺陷,無障礙物,良好,良好,行車管制號誌(附設行人專用號誌),正常,雙向禁止超車線,無標記,未繪設車道線,未繪設快慢車道分隔線,有,車與車,側撞,駕駛人,違反號誌管制或指揮,死亡1;受傷0,1,小客車,自用,男,48,不明,不明,車的狀態,左轉彎,汽車,前車頭,汽車,前車頭,駕駛人,違反號誌管制或指揮,否,121.460423,25.042322
2021,7,20210718,133200,A1,新北市政府警察局,新北市新莊區思源路 / 新北市新莊區中原路,晴,日間自然光線,市區道路,50,交岔路,四岔路,交叉路口,交叉路口內,柏油,乾燥,無缺陷,無障礙物,良好,良好,行車管制號誌(附設行人專用號誌),正常,雙向禁止超車線,無標記,未繪設車道線,未繪設快慢車道分隔線,有,車與車,側撞,駕駛人,違反號誌管制或指揮,死亡1;受傷0,2,機車,大型重型1(550C.C.以上),男,30,戴安全帽或繫安全帶(使用幼童安全椅),不明,車的狀態,左轉彎,機車,前車頭,機車,前車頭,駕駛人,超速失控,否,121.460423,25.042322
2021,7,20210718,192300,A1,嘉義縣警察局,嘉義縣太保市東勢里產業道路(燈桿安東15東分2附近),晴,夜間(或隧道、地下道、涵洞)無照明,村里道路,30,單路部分,直路,路段,一般車道(未劃分快慢車道),柏油,乾燥,無缺陷,路上有停車,不良,其他,無號誌,無號誌,無,無分向設施,未繪設車道線,未繪設快慢車道分隔線,無,車與車,追撞,駕駛人,酒醉(後)駕駛失控,死亡1;受傷0,2,小貨車(含客、貨兩用),自用,男,49,不明,不明,車的狀態,靜止(引擎熄火),汽車,右後車尾(身),,,其他,違規停車或暫停不當而肇事,否,120.307717,23.463198
2021,7,20210718,192300,A1,嘉義縣警察局,嘉義縣太保市東勢里產業道路(燈桿安東15東分2附近),晴,夜間(或隧道、地下道、涵洞)無照明,村里道路,30,單路部分,直路,路段,一般車道(未劃分快慢車道),柏油,乾燥,無缺陷,路上有停車,不良,其他,無號誌,無號誌,無,無分向設施,未繪設車道線,未繪設快慢車道分隔線,無,車與車,追撞,駕駛人,酒醉(後)駕駛失控,死亡1;受傷0,1,機車,普通重型,男,45,未戴案全帽或未繫安全帶(未使用幼童安全椅),未使用,車的狀態,向前直行中,機車,前車頭,,,駕駛人,酒醉(後)駕駛失控,否,120.307717,23.463198
2021,7,20210719,73500,A1,桃園市政府警察局,桃園市龍潭區中正路三坑段附近 / 桃園市龍潭區永福路口,晴,日間自然光線,市區道路,60,交岔路,三岔路,其他,行人穿越道,柏油,乾燥,無缺陷,無障礙物,良好,良好,行車管制號誌,正常,中央分向島,寛式(50公分以上),車道線(無標記),未繪設快慢車道分隔線,有,人與汽(機)車,穿越道路中,駕駛人,搶越行人穿越道,死亡1;受傷0,2,人,行人,女,70,其他(無需使用保護裝備之人),非駕駛人,人的狀態,步行,其他,非汽(機)車,,,無(非車輛駕駛人因素),尚未發現肇事因素,否,121.244414,24.841457
2021,7,20210719,73500,A1,桃園市政府警察局,桃園市龍潭區中正路三坑段附近 / 桃園市龍潭區永福路口,晴,日間自然光線,市區道路,60,交岔路,三岔路,其他,行人穿越道,柏油,乾燥,無缺陷,無障礙物,良好,良好,行車管制號誌,正常,中央分向島,寛式(50公分以上),車道線(無標記),未繪設快慢車道分隔線,有,人與汽(機)車,穿越道路中,駕駛人,搶越行人穿越道,死亡1;受傷0,1,小貨車(含客、貨兩用),自用,男,52,戴安全帽或繫安全帶(使用幼童安全椅),不明,車的狀態,左轉彎,汽車,前車頭,,,駕駛人,搶越行人穿越道,否,121.244414,24.841457
2021,7,20210719,81239,A1,臺東縣警察局,臺東縣池上鄉福文村東3線與文田路路口,晴,日間自然光線,村里道路,50,交岔路,四岔路,交叉路口,交叉路口內,柏油,乾燥,無缺陷,無障礙物,良好,良好,無號誌,無號誌,無,無分向設施,未繪設車道線,未繪設快慢車道分隔線,無,車與車,側撞,駕駛人,未依規定讓車,死亡1;受傷0,2,機車,普通重型,女,82,戴安全帽或繫安全帶(使用幼童安全椅),未使用,車的狀態,向前直行中,機車,右側車身,,,駕駛人,未依規定減速,否,121.218279,23.129391
2021,7,20210719,81239,A1,臺東縣警察局,臺東縣池上鄉福文村東3線與文田路路口,晴,日間自然光線,村里道路,50,交岔路,四岔路,交叉路口,交叉路口內,柏油,乾燥,無缺陷,無障礙物,良好,良好,無號誌,無號誌,無,無分向設施,未繪設車道線,未繪設快慢車道分隔線,無,車與車,側撞,駕駛人,未依規定讓車,死亡1;受傷0,1,小貨車(含客、貨兩用),自用,男,68,戴安全帽或繫安全帶(使用幼童安全椅),未使用,車的狀態,右轉彎,汽車,左側車身,,,駕駛人,未依規定讓車,是,121.218279,23.129391
2021,7,20210719,161300,A1,臺南市政府警察局,臺南市新化區護國里中山路96號前0.0公尺,雨,日間自然光線,省道,50,單路部分,直路,路段,慢車道,柏油,濕潤,無缺陷,無障礙物,良好,良好,無號誌,無號誌,雙向禁止超車線,附標記,車道線(無標記),快慢車道分隔線,有,車與車,追撞,駕駛人,未注意車前狀態,死亡1;受傷0,1,機車,普通重型,女,70,戴安全帽或繫安全帶(使用幼童安全椅),未使用,車的狀態,向前直行中,機車,前車頭,,,駕駛人,未注意車前狀態,否,120.313598,23.042199
2021,7,20210719,161300,A1,臺南市政府警察局,臺南市新化區護國里中山路96號前0.0公尺,雨,日間自然光線,省道,50,單路部分,直路,路段,慢車道,柏油,濕潤,無缺陷,無障礙物,良好,良好,無號誌,無號誌,雙向禁止超車線,附標記,車道線(無標記),快慢車道分隔線,有,車與車,追撞,駕駛人,未注意車前狀態,死亡1;受傷0,2,大貨車,營業用,男,42,未戴案全帽或未繫安全帶(未使用幼童安全椅),不明,車的狀態,靜止(引擎熄火),汽車,左後車尾(身),,,其他,違規停車或暫停不當而肇事,否,120.313598,23.042199
2021,7,20210719,170400,A1,桃園市政府警察局,桃園市平鎮區復旦路二段口 / 桃園市平鎮區廣泰路口,晴,日間自然光線,市區道路,50,交岔路,多岔路,交叉路口,機車停等區,柏油,乾燥,無缺陷,無障礙物,良好,良好,行車管制號誌,正常,雙向禁止超車線,無標記,車道線(無標記),未繪設快慢車道分隔線,有,車與車,側撞,駕駛人,未依規定讓車,死亡1;受傷1,1,機車,普通重型,男,65,戴安全帽或繫安全帶(使用幼童安全椅),未使用,車的狀態,左轉彎,機車,右側車身,,,駕駛人,未依規定讓車,否,121.201386,24.947345
2021,7,20210719,170400,A1,桃園市政府警察局,桃園市平鎮區復旦路二段口 / 桃園市平鎮區廣泰路口,晴,日間自然光線,市區道路,50,交岔路,多岔路,交叉路口,機車停等區,柏油,乾燥,無缺陷,無障礙物,良好,良好,行車管制號誌,正常,雙向禁止超車線,無標記,車道線(無標記),未繪設快慢車道分隔線,有,車與車,側撞,駕駛人,未依規定讓車,死亡1;受傷1,2,機車,普通重型,男,19,戴安全帽或繫安全帶(使用幼童安全椅),未使用,車的狀態,向前直行中,機車,前車頭,,,駕駛人,未注意車前狀態,否,121.201386,24.947345
2021,7,20210720,400,A1,國道公路警察局,高雄市橋頭區國道1號 352公里700.0公尺處南側向內側,陰,夜間(或隧道、地下道、涵洞)無照明,國道,110,單路部分,直路,路段,快車道,柏油,濕潤,無缺陷,無障礙物,良好,良好,無號誌,無號誌,中央分向島,寛式(50公分以上),車道線(附標記),未繪設快慢車道分隔線,有,汽(機)車本身,撞護欄(樁),駕駛人,變換車道或方向不當,死亡1;受傷2,2,,,無或物(動物、堆置物),-1,,,,,,,,,無(非車輛駕駛人因素),尚未發現肇事因素,否,120.333758,22.753875
2021,7,20210720,400,A1,國道公路警察局,高雄市橋頭區國道1號 352公里700.0公尺處南側向內側,陰,夜間(或隧道、地下道、涵洞)無照明,國道,110,單路部分,直路,路段,快車道,柏油,濕潤,無缺陷,無障礙物,良好,良好,無號誌,無號誌,中央分向島,寛式(50公分以上),車道線(附標記),未繪設快慢車道分隔線,有,汽(機)車本身,撞護欄(樁),駕駛人,變換車道或方向不當,死亡1;受傷2,3,,,無或物(動物、堆置物),-1,,,,,,,,,無(非車輛駕駛人因素),尚未發現肇事因素,否,120.333758,22.753875
2021,7,20210720,400,A1,國道公路警察局,高雄市橋頭區國道1號 352公里700.0公尺處南側向內側,陰,夜間(或隧道、地下道、涵洞)無照明,國道,110,單路部分,直路,路段,快車道,柏油,濕潤,無缺陷,無障礙物,良好,良好,無號誌,無號誌,中央分向島,寛式(50公分以上),車道線(附標記),未繪設快慢車道分隔線,有,汽(機)車本身,撞護欄(樁),駕駛人,變換車道或方向不當,死亡1;受傷2,5,小客車,自用,男,67,戴安全帽或繫安全帶(使用幼童安全椅),未使用,車的狀態,向右變換車道,汽車,左前車頭(身),,,駕駛人,未注意車前狀態,否,120.333758,22.753875
2021,7,20210720,400,A1,國道公路警察局,高雄市橋頭區國道1號 352公里700.0公尺處南側向內側,陰,夜間(或隧道、地下道、涵洞)無照明,國道,110,單路部分,直路,路段,快車道,柏油,濕潤,無缺陷,無障礙物,良好,良好,無號誌,無號誌,中央分向島,寛式(50公分以上),車道線(附標記),未繪設快慢車道分隔線,有,汽(機)車本身,撞護欄(樁),駕駛人,變換車道或方向不當,死亡1;受傷2,8,人,乘客,男,26,戴安全帽或繫安全帶(使用幼童安全椅),未使用,人的狀態,不明,其他,非汽(機)車,,,無(非車輛駕駛人因素),尚未發現肇事因素,否,120.333758,22.753875
2021,7,20210720,400,A1,國道公路警察局,高雄市橋頭區國道1號 352公里700.0公尺處南側向內側,陰,夜間(或隧道、地下道、涵洞)無照明,國道,110,單路部分,直路,路段,快車道,柏油,濕潤,無缺陷,無障礙物,良好,良好,無號誌,無號誌,中央分向島,寛式(50公分以上),車道線(附標記),未繪設快慢車道分隔線,有,汽(機)車本身,撞護欄(樁),駕駛人,變換車道或方向不當,死亡1;受傷2,7,小客車,自用,男,33,戴安全帽或繫安全帶(使用幼童安全椅),未使用,車的狀態,急減速或急停止,汽車,左前車頭(身),,,駕駛人,未注意車前狀態,否,120.333758,22.753875
2021,7,20210720,400,A1,國道公路警察局,高雄市橋頭區國道1號 352公里700.0公尺處南側向內側,陰,夜間(或隧道、地下道、涵洞)無照明,國道,110,單路部分,直路,路段,快車道,柏油,濕潤,無缺陷,無障礙物,良好,良好,無號誌,無號誌,中央分向島,寛式(50公分以上),車道線(附標記),未繪設快慢車道分隔線,有,汽(機)車本身,撞護欄(樁),駕駛人,變換車道或方向不當,死亡1;受傷2,6,小客車,自用,女,43,戴安全帽或繫安全帶(使用幼童安全椅),未使用,車的狀態,向前直行中,汽車,車底,,,無(車輛駕駛人因素),尚未發現肇事因素,否,120.333758,22.753875
2021,7,20210720,400,A1,國道公路警察局,高雄市橋頭區國道1號 352公里700.0公尺處南側向內側,陰,夜間(或隧道、地下道、涵洞)無照明,國道,110,單路部分,直路,路段,快車道,柏油,濕潤,無缺陷,無障礙物,良好,良好,無號誌,無號誌,中央分向島,寛式(50公分以上),車道線(附標記),未繪設快慢車道分隔線,有,汽(機)車本身,撞護欄(樁),駕駛人,變換車道或方向不當,死亡1;受傷2,9,人,乘客,女,29,戴安全帽或繫安全帶(使用幼童安全椅),未使用,人的狀態,靜立(止),其他,非汽(機)車,,,無(非車輛駕駛人因素),尚未發現肇事因素,否,120.333758,22.753875
2021,7,20210720,400,A1,國道公路警察局,高雄市橋頭區國道1號 352公里700.0公尺處南側向內側,陰,夜間(或隧道、地下道、涵洞)無照明,國道,110,單路部分,直路,路段,快車道,柏油,濕潤,無缺陷,無障礙物,良好,良好,無號誌,無號誌,中央分向島,寛式(50公分以上),車道線(附標記),未繪設快慢車道分隔線,有,汽(機)車本身,撞護欄(樁),駕駛人,變換車道或方向不當,死亡1;受傷2,4,小客車,自用,男,23,戴安全帽或繫安全帶(使用幼童安全椅),未使用,車的狀態,向前直行中,汽車,前車頭,,,無(車輛駕駛人因素),尚未發現肇事因素,否,120.333758,22.753875
2021,7,20210720,400,A1,國道公路警察局,高雄市橋頭區國道1號 352公里700.0公尺處南側向內側,陰,夜間(或隧道、地下道、涵洞)無照明,國道,110,單路部分,直路,路段,快車道,柏油,濕潤,無缺陷,無障礙物,良好,良好,無號誌,無號誌,中央分向島,寛式(50公分以上),車道線(附標記),未繪設快慢車道分隔線,有,汽(機)車本身,撞護欄(樁),駕駛人,變換車道或方向不當,死亡1;受傷2,1,小客車,自用,男,26,戴安全帽或繫安全帶(使用幼童安全椅),未使用,車的狀態,向左變換車道,汽車,左前車頭(身),汽車,左側車身,駕駛人,變換車道或方向不當,否,120.333758,22.753875
2021,7,20210720,85900,A1,花蓮縣警察局,花蓮縣玉里鎮長良143號前,晴,日間自然光線,村里道路,40,單路部分,直路,路段,路肩、路緣,柏油,乾燥,無缺陷,無障礙物,良好,良好,無號誌,無號誌,無,無分向設施,未繪設車道線,未繪設快慢車道分隔線,有,汽(機)車本身,路上翻車、摔倒,駕駛人,未注意車前狀態,死亡1;受傷0,2,,,無或物(動物、堆置物),-1,,,,,,,,,無(非車輛駕駛人因素),尚未發現肇事因素,否,121.288295,23.277001
2021,7,20210720,85900,A1,花蓮縣警察局,花蓮縣玉里鎮長良143號前,晴,日間自然光線,村里道路,40,單路部分,直路,路段,路肩、路緣,柏油,乾燥,無缺陷,無障礙物,良好,良好,無號誌,無號誌,無,無分向設施,未繪設車道線,未繪設快慢車道分隔線,有,汽(機)車本身,路上翻車、摔倒,駕駛人,未注意車前狀態,死亡1;受傷0,3,小客車,自用,女,45,不明,不明,車的狀態,靜止(引擎熄火),汽車,右前車頭(身),,,無(車輛駕駛人因素),尚未發現肇事因素,否,121.288295,23.277001
2021,7,20210720,85900,A1,花蓮縣警察局,花蓮縣玉里鎮長良143號前,晴,日間自然光線,村里道路,40,單路部分,直路,路段,路肩、路緣,柏油,乾燥,無缺陷,無障礙物,良好,良好,無號誌,無號誌,無,無分向設施,未繪設車道線,未繪設快慢車道分隔線,有,汽(機)車本身,路上翻車、摔倒,駕駛人,未注意車前狀態,死亡1;受傷0,1,機車,普通重型,女,75,戴安全帽或繫安全帶(使用幼童安全椅),未使用,車的狀態,向前直行中,機車,前車頭,,,駕駛人,未注意車前狀態,否,121.288295,23.277001
2021,7,20210720,210500,A1,新竹市警察局,新竹市香山區中華路六段460巷,晴,夜間(或隧道、地下道、涵洞)有照明,市區道路,60,交岔路,四岔路,交叉路口,交叉路口內,柏油,乾燥,無缺陷,無障礙物,良好,良好,閃光號誌,正常,無,無分向設施,未繪設車道線,未繪設快慢車道分隔線,無,人與汽(機)車,穿越道路中,駕駛人,未依規定減速,死亡1;受傷0,1,小客車,自用,女,38,不明,不明,車的狀態,向前直行中,汽車,前車頭,,,駕駛人,未依規定減速,否,120.913117,24.734015
2021,7,20210720,210500,A1,新竹市警察局,新竹市香山區中華路六段460巷,晴,夜間(或隧道、地下道、涵洞)有照明,市區道路,60,交岔路,四岔路,交叉路口,交叉路口內,柏油,乾燥,無缺陷,無障礙物,良好,良好,閃光號誌,正常,無,無分向設施,未繪設車道線,未繪設快慢車道分隔線,無,人與汽(機)車,穿越道路中,駕駛人,未依規定減速,死亡1;受傷0,2,人,行人,女,71,不明,非駕駛人,人的狀態,步行,其他,非汽(機)車,,,行人(或乘客),未依規定行走行人穿越道、地下道、天橋而穿越道路,否,120.913117,24.734015
2021,7,20210720,230800,A1,臺中市政府警察局,臺中市北屯區東山里東山路一段 / 臺中市北屯區東山里祥順路二段,晴,夜間(或隧道、地下道、涵洞)有照明,市區道路,50,交岔路,四岔路,交叉路口,交叉路口內,柏油,乾燥,無缺陷,無障礙物,良好,良好,行車管制號誌(附設行人專用號誌),正常,無,無分向設施,未繪設車道線,未繪設快慢車道分隔線,無,汽(機)車本身,路上翻車、摔倒,駕駛人,超速失控,死亡1;受傷1,2,,,無或物(動物、堆置物),110,,,,,,,,,無(非車輛駕駛人因素),尚未發現肇事因素,否,120.737369,24.178431
2021,7,20210720,230800,A1,臺中市政府警察局,臺中市北屯區東山里東山路一段 / 臺中市北屯區東山里祥順路二段,晴,夜間(或隧道、地下道、涵洞)有照明,市區道路,50,交岔路,四岔路,交叉路口,交叉路口內,柏油,乾燥,無缺陷,無障礙物,良好,良好,行車管制號誌(附設行人專用號誌),正常,無,無分向設施,未繪設車道線,未繪設快慢車道分隔線,無,汽(機)車本身,路上翻車、摔倒,駕駛人,超速失控,死亡1;受傷1,1,機車,普通重型,男,17,戴安全帽或繫安全帶(使用幼童安全椅),未使用,車的狀態,向前直行中,機車,右側車身,,,駕駛人,超速失控,否,120.737369,24.178431
2021,7,20210720,230800,A1,臺中市政府警察局,臺中市北屯區東山里東山路一段 / 臺中市北屯區東山里祥順路二段,晴,夜間(或隧道、地下道、涵洞)有照明,市區道路,50,交岔路,四岔路,交叉路口,交叉路口內,柏油,乾燥,無缺陷,無障礙物,良好,良好,行車管制號誌(附設行人專用號誌),正常,無,無分向設施,未繪設車道線,未繪設快慢車道分隔線,無,汽(機)車本身,路上翻車、摔倒,駕駛人,超速失控,死亡1;受傷1,4,人,乘客,女,17,戴安全帽或繫安全帶(使用幼童安全椅),非駕駛人,人的狀態,其他,其他,非汽(機)車,,,無(非車輛駕駛人因素),尚未發現肇事因素,否,120.737369,24.178431
2021,7,20210720,230800,A1,臺中市政府警察局,臺中市北屯區東山里東山路一段 / 臺中市北屯區東山里祥順路二段,晴,夜間(或隧道、地下道、涵洞)有照明,市區道路,50,交岔路,四岔路,交叉路口,交叉路口內,柏油,乾燥,無缺陷,無障礙物,良好,良好,行車管制號誌(附設行人專用號誌),正常,無,無分向設施,未繪設車道線,未繪設快慢車道分隔線,無,汽(機)車本身,路上翻車、摔倒,駕駛人,超速失控,死亡1;受傷1,3,小客車,自用,女,35,戴安全帽或繫安全帶(使用幼童安全椅),未使用,車的狀態,左轉彎,汽車,左前車頭(身),,,無(車輛駕駛人因素),尚未發現肇事因素,否,120.737369,24.178431
2021,7,20210721,61500,A1,嘉義市政府警察局,嘉義市東區民族里吳鳳北路 / 嘉義市東區民族里光華路,晴,日間自然光線,市區道路,50,交岔路,多岔路,交叉路口,交叉路口內,柏油,乾燥,無缺陷,無障礙物,良好,良好,行車管制號誌(附設行人專用號誌),正常,無,無分向設施,未繪設車道線,未繪設快慢車道分隔線,無,車與車,路口交岔撞,無(車輛駕駛人因素),尚未發現肇事因素,死亡1;受傷1,2,機車,普通重型,男,77,戴安全帽或繫安全帶(使用幼童安全椅),未使用,車的狀態,向前直行中,機車,左側車身,,,駕駛人,違反號誌管制或指揮,否,120.453435,23.477829
2021,7,20210721,61500,A1,嘉義市政府警察局,嘉義市東區民族里吳鳳北路 / 嘉義市東區民族里光華路,晴,日間自然光線,市區道路,50,交岔路,多岔路,交叉路口,交叉路口內,柏油,乾燥,無缺陷,無障礙物,良好,良好,行車管制號誌(附設行人專用號誌),正常,無,無分向設施,未繪設車道線,未繪設快慢車道分隔線,無,車與車,路口交岔撞,無(車輛駕駛人因素),尚未發現肇事因素,死亡1;受傷1,1,機車,普通重型,男,49,戴安全帽或繫安全帶(使用幼童安全椅),未使用,車的狀態,向前直行中,機車,前車頭,,,無(車輛駕駛人因素),尚未發現肇事因素,否,120.453435,23.477829
2021,7,20210721,113500,A1,桃園市政府警察局,桃園市中壢區忠義路49號前0.0公尺,晴,日間自然光線,市區道路,50,單路部分,直路,路段,一般車道(未劃分快慢車道),柏油,乾燥,無缺陷,無障礙物,良好,良好,無號誌,無號誌,雙向禁止超車線,無標記,車道線(無標記),未繪設快慢車道分隔線,有,車與車,其他,駕駛人,未注意車前狀態,死亡1;受傷0,2,機車,普通重型,男,45,不明,不明,車的狀態,靜止(引擎熄火),機車,後車尾,,,無(車輛駕駛人因素),尚未發現肇事因素,否,121.239674,24.96153
2021,7,20210721,113500,A1,桃園市政府警察局,桃園市中壢區忠義路49號前0.0公尺,晴,日間自然光線,市區道路,50,單路部分,直路,路段,一般車道(未劃分快慢車道),柏油,乾燥,無缺陷,無障礙物,良好,良好,無號誌,無號誌,雙向禁止超車線,無標記,車道線(無標記),未繪設快慢車道分隔線,有,車與車,其他,駕駛人,未注意車前狀態,死亡1;受傷0,3,機車,普通重型,男,43,不明,不明,車的狀態,靜止(引擎熄火),機車,右側車身,,,無(車輛駕駛人因素),尚未發現肇事因素,否,121.239674,24.96153
2021,7,20210721,113500,A1,桃園市政府警察局,桃園市中壢區忠義路49號前0.0公尺,晴,日間自然光線,市區道路,50,單路部分,直路,路段,一般車道(未劃分快慢車道),柏油,乾燥,無缺陷,無障礙物,良好,良好,無號誌,無號誌,雙向禁止超車線,無標記,車道線(無標記),未繪設快慢車道分隔線,有,車與車,其他,駕駛人,未注意車前狀態,死亡1;受傷0,1,機車,普通重型,男,46,未戴案全帽或未繫安全帶(未使用幼童安全椅),未使用,車的狀態,向前直行中,機車,前車頭,,,駕駛人,未注意車前狀態,否,121.239674,24.96153
2021,7,20210721,163300,A1,新竹縣政府警察局,新竹縣橫山鄉中豐路三段66號,雨,日間自然光線,省道,50,交岔路,多岔路,交叉路口,機車停等區,柏油,濕潤,無缺陷,無障礙物,良好,良好,行車管制號誌,正常,雙向禁止超車線,附標記,車道線(無標記),快慢車道分隔線,有,人與汽(機)車,穿越道路中,行人(或乘客),未依標誌、標線、號誌或手勢指揮穿越道路,死亡1;受傷0,1,人,行人,女,70,不明,未使用,人的狀態,步行,其他,非汽(機)車,其他,非汽(機)車,行人(或乘客),未依標誌、標線、號誌或手勢指揮穿越道路,否,121.162575,24.739019
2021,7,20210721,163300,A1,新竹縣政府警察局,新竹縣橫山鄉中豐路三段66號,雨,日間自然光線,省道,50,交岔路,多岔路,交叉路口,機車停等區,柏油,濕潤,無缺陷,無障礙物,良好,良好,行車管制號誌,正常,雙向禁止超車線,附標記,車道線(無標記),快慢車道分隔線,有,人與汽(機)車,穿越道路中,行人(或乘客),未依標誌、標線、號誌或手勢指揮穿越道路,死亡1;受傷0,2,大貨車,自用,男,29,戴安全帽或繫安全帶(使用幼童安全椅),未使用,車的狀態,向前直行中,汽車,前車頭,汽車,前車頭,駕駛人,未注意車前狀態,否,121.162575,24.739019
2021,7,20210721,172000,A1,彰化縣警察局,彰化縣二林鎮西斗里斗苑路2段806號前0.0公尺前,晴,日間自然光線,村里道路,60,單路部分,直路,路段,一般車道(未劃分快慢車道),柏油,乾燥,無缺陷,無障礙物,良好,良好,無號誌,無號誌,雙向禁止超車線,無標記,車道線(無標記),快慢車道分隔線,有,車與車,其他,駕駛人,起步未注意其他車(人)安全,死亡1;受傷0,1,機車,普通重型,男,74,不明,未使用,車的狀態,起步,機車,左側車身,,,駕駛人,起步未注意其他車(人)安全,否,120.430932,23.896428
2021,7,20210721,172000,A1,彰化縣警察局,彰化縣二林鎮西斗里斗苑路2段806號前0.0公尺前,晴,日間自然光線,村里道路,60,單路部分,直路,路段,一般車道(未劃分快慢車道),柏油,乾燥,無缺陷,無障礙物,良好,良好,無號誌,無號誌,雙向禁止超車線,無標記,車道線(無標記),快慢車道分隔線,有,車與車,其他,駕駛人,起步未注意其他車(人)安全,死亡1;受傷0,2,小客車,自用,女,58,不明,不明,車的狀態,向前直行中,汽車,前車頭,,,無(車輛駕駛人因素),尚未發現肇事因素,否,120.430932,23.896428
2021,7,20210721,183538,A1,苗栗縣警察局,苗栗縣通霄鎮坪頂里苗37線6公里處,陰,夜間(或隧道、地下道、涵洞)有照明,縣道,50,單路部分,彎曲路及附近,路段,一般車道(未劃分快慢車道),柏油,濕潤,無缺陷,無障礙物,良好,良好,無號誌,無號誌,雙向禁止超車線,無標記,未繪設車道線,未繪設快慢車道分隔線,有,汽(機)車本身,撞路樹、電桿,駕駛人,未注意車前狀態,死亡1;受傷0,2,,,無或物(動物、堆置物),-1,,,,,,,,,無(非車輛駕駛人因素),尚未發現肇事因素,否,120.712843,24.441051
2021,7,20210721,183538,A1,苗栗縣警察局,苗栗縣通霄鎮坪頂里苗37線6公里處,陰,夜間(或隧道、地下道、涵洞)有照明,縣道,50,單路部分,彎曲路及附近,路段,一般車道(未劃分快慢車道),柏油,濕潤,無缺陷,無障礙物,良好,良好,無號誌,無號誌,雙向禁止超車線,無標記,未繪設車道線,未繪設快慢車道分隔線,有,汽(機)車本身,撞路樹、電桿,駕駛人,未注意車前狀態,死亡1;受傷0,1,小客車,自用,男,69,不明,不明,車的狀態,向前直行中,汽車,前車頭,,,駕駛人,未注意車前狀態,否,120.712843,24.441051