發生年度,發生月份,發生日期,發生時間,事故類別名稱,處理單位名稱警局層,發生地點,天候名稱,光線名稱,道路類別-第1當事者-名稱,速限-第1當事者,道路型態大類別名稱,道路型態子類別名稱,事故位置大類別名稱,事故位置子類別名稱,路面狀況-路面鋪裝名稱,路面狀況-路面狀態名稱,路面狀況-路面缺陷名稱,道路障礙-障礙物名稱,道路障礙-視距品質名稱,道路障礙-視距名稱,號誌-號誌種類名稱,號誌-號誌動作名稱,車道劃分設施-分向設施大類別名稱,車道劃分設施-分向設施子類別名稱,車道劃分設施-分道設施-快車道或一般車道間名稱,車道劃分設施-分道設施-快慢車道間名稱,車道劃分設施-分道設施-路面邊線名稱,事故類型及型態大類別名稱,事故類型及型態子類別名稱,肇因研判大類別名稱-主要,肇因研判子類別名稱-主要,死亡受傷人數,當事者順位,當事者區分-類別-大類別名稱-車種,當事者區分-類別-子類別名稱-車種,當事者屬-性-別名稱,當事者事故發生時年齡,保護裝備名稱,行動電話或電腦或其他相類功能裝置名稱,當事者行動狀態大類別名稱,當事者行動狀態子類別名稱,車輛撞擊部位大類別名稱-最初,車輛撞擊部位子類別名稱-最初,車輛撞擊部位大類別名稱-其他,車輛撞擊部位子類別名稱-其他,肇因研判大類別名稱-個別,肇因研判子類別名稱-個別,肇事逃逸類別名稱-是否肇逃,經度,緯度
2021,8,20210803,173400,A1,新北市政府警察局,新北市樹林區三龍街 / 新北市樹林區俊興街,陰,日間自然光線,市區道路,50,交岔路,四岔路,交叉路口,交叉口附近,柏油,乾燥,無缺陷,無障礙物,良好,良好,行車管制號誌(附設行人專用號誌),正常,雙向禁止超車線,無標記,未繪設車道線,未繪設快慢車道分隔線,有,人與汽(機)車,穿越道路中,駕駛人,搶越行人穿越道,死亡1;受傷0,2,人,行人,女,84,其他(無需使用保護裝備之人),非駕駛人,人的狀態,步行,其他,非汽(機)車,其他,非汽(機)車,無(非車輛駕駛人因素),尚未發現肇事因素,否,121.414232,25.018608
2021,8,20210803,173400,A1,新北市政府警察局,新北市樹林區三龍街 / 新北市樹林區俊興街,陰,日間自然光線,市區道路,50,交岔路,四岔路,交叉路口,交叉口附近,柏油,乾燥,無缺陷,無障礙物,良好,良好,行車管制號誌(附設行人專用號誌),正常,雙向禁止超車線,無標記,未繪設車道線,未繪設快慢車道分隔線,有,人與汽(機)車,穿越道路中,駕駛人,搶越行人穿越道,死亡1;受傷0,1,小貨車(含客、貨兩用),自用,男,57,戴安全帽或繫安全帶(使用幼童安全椅),不明,車的狀態,左轉彎,汽車,前車頭,汽車,前車頭,駕駛人,搶越行人穿越道,否,121.414232,25.018608
2021,8,20210803,190400,A1,臺北市政府警察局,臺北市內湖區潭美街 / 臺北市內湖區無名巷,雨,夜間(或隧道、地下道、涵洞)有照明,市區道路,40,交岔路,三岔路,交叉路口,交叉路口內,柏油,濕潤,無缺陷,無障礙物,良好,良好,無號誌,無號誌,雙向禁止超車線,無標記,未繪設車道線,未繪設快慢車道分隔線,無,人與汽(機)車,同向通行中,駕駛人,未注意車前狀態,死亡1;受傷0,1,小客車,自用,男,36,戴安全帽或繫安全帶(使用幼童安全椅),未使用,車的狀態,向前直行中,汽車,右側車身,汽車,右側車身,駕駛人,未注意車前狀態,否,121.57616,25.052923
2021,8,20210803,190400,A1,臺北市政府警察局,臺北市內湖區潭美街 / 臺北市內湖區無名巷,雨,夜間(或隧道、地下道、涵洞)有照明,市區道路,40,交岔路,三岔路,交叉路口,交叉路口內,柏油,濕潤,無缺陷,無障礙物,良好,良好,無號誌,無號誌,雙向禁止超車線,無標記,未繪設車道線,未繪設快慢車道分隔線,無,人與汽(機)車,同向通行中,駕駛人,未注意車前狀態,死亡1;受傷0,2,人,行人,男,42,其他(無需使用保護裝備之人),非駕駛人,人的狀態,步行,其他,非汽(機)車,其他,非汽(機)車,行人(或乘客),未依規定行走行人穿越道、地下道、天橋而穿越道路,否,121.57616,25.052923
2021,8,20210804,105500,A1,臺南市政府警察局,臺南市佳里區文化路25號,陰,日間自然光線,村里道路,50,單路部分,彎曲路及附近,路段,一般車道(未劃分快慢車道),柏油,濕潤,無缺陷,無障礙物,良好,良好,無號誌,無號誌,行車分向線,無標記,車道線(無標記),未繪設快慢車道分隔線,有,人與汽(機)車,對向通行中,駕駛人,逆向行駛,死亡1;受傷0,3,小客車,自用,女,26,不明,不明,車的狀態,靜止(引擎熄火),其他,不明,,,無(車輛駕駛人因素),尚未發現肇事因素,否,120.181778,23.163125
2021,8,20210804,105500,A1,臺南市政府警察局,臺南市佳里區文化路25號,陰,日間自然光線,村里道路,50,單路部分,彎曲路及附近,路段,一般車道(未劃分快慢車道),柏油,濕潤,無缺陷,無障礙物,良好,良好,無號誌,無號誌,行車分向線,無標記,車道線(無標記),未繪設快慢車道分隔線,有,人與汽(機)車,對向通行中,駕駛人,逆向行駛,死亡1;受傷0,1,小客車,自用,男,39,戴安全帽或繫安全帶(使用幼童安全椅),未使用,車的狀態,左轉彎,汽車,左前車頭(身),,,駕駛人,逆向行駛,否,120.181778,23.163125
2021,8,20210804,105500,A1,臺南市政府警察局,臺南市佳里區文化路25號,陰,日間自然光線,村里道路,50,單路部分,彎曲路及附近,路段,一般車道(未劃分快慢車道),柏油,濕潤,無缺陷,無障礙物,良好,良好,無號誌,無號誌,行車分向線,無標記,車道線(無標記),未繪設快慢車道分隔線,有,人與汽(機)車,對向通行中,駕駛人,逆向行駛,死亡1;受傷0,2,人,行人,男,84,其他(無需使用保護裝備之人),未使用,人的狀態,其他,其他,非汽(機)車,,,行人(或乘客),其他引起事故之疏失或行為,否,120.181778,23.163125
2021,8,20210804,175939,A1,花蓮縣警察局,花蓮縣豐濱鄉台11線 39公里500.0公尺處,陰,日間自然光線,省道,40,單路部分,直路,路段,一般車道(未劃分快慢車道),柏油,濕潤,無缺陷,無障礙物,良好,良好,無號誌,無號誌,雙向禁止超車線,無標記,未繪設車道線,未繪設快慢車道分隔線,有,汽(機)車本身,衝出路外,駕駛人,未注意車前狀態,死亡1;受傷2,2,,,無或物(動物、堆置物),-1,,,,,,,,,無(非車輛駕駛人因素),尚未發現肇事因素,否,121.548314,23.688892
2021,8,20210804,175939,A1,花蓮縣警察局,花蓮縣豐濱鄉台11線 39公里500.0公尺處,陰,日間自然光線,省道,40,單路部分,直路,路段,一般車道(未劃分快慢車道),柏油,濕潤,無缺陷,無障礙物,良好,良好,無號誌,無號誌,雙向禁止超車線,無標記,未繪設車道線,未繪設快慢車道分隔線,有,汽(機)車本身,衝出路外,駕駛人,未注意車前狀態,死亡1;受傷2,3,人,乘客,男,16,不明,不明,人的狀態,其他,其他,非汽(機)車,,,無(非車輛駕駛人因素),尚未發現肇事因素,否,121.548314,23.688892
2021,8,20210804,175939,A1,花蓮縣警察局,花蓮縣豐濱鄉台11線 39公里500.0公尺處,陰,日間自然光線,省道,40,單路部分,直路,路段,一般車道(未劃分快慢車道),柏油,濕潤,無缺陷,無障礙物,良好,良好,無號誌,無號誌,雙向禁止超車線,無標記,未繪設車道線,未繪設快慢車道分隔線,有,汽(機)車本身,衝出路外,駕駛人,未注意車前狀態,死亡1;受傷2,4,人,乘客,男,46,不明,不明,人的狀態,其他,其他,非汽(機)車,,,無(非車輛駕駛人因素),尚未發現肇事因素,否,121.548314,23.688892
2021,8,20210804,175939,A1,花蓮縣警察局,花蓮縣豐濱鄉台11線 39公里500.0公尺處,陰,日間自然光線,省道,40,單路部分,直路,路段,一般車道(未劃分快慢車道),柏油,濕潤,無缺陷,無障礙物,良好,良好,無號誌,無號誌,雙向禁止超車線,無標記,未繪設車道線,未繪設快慢車道分隔線,有,汽(機)車本身,衝出路外,駕駛人,未注意車前狀態,死亡1;受傷2,1,小貨車(含客、貨兩用),營業用,男,30,不明,不明,車的狀態,向前直行中,汽車,前車頭,汽車,左側車身,駕駛人,未注意車前狀態,否,121.548314,23.688892
2021,8,20210805,42900,A1,國道公路警察局,桃園市中壢區國道1號 59公里500.0公尺處北側向外側,晴,夜間(或隧道、地下道、涵洞)有照明,國道,100,單路部分,直路,路段,快車道,柏油,乾燥,無缺陷,無障礙物,良好,良好,無號誌,無號誌,中央分向島,寛式(50公分以上),車道線(附標記),未繪設快慢車道分隔線,有,車與車,追撞,其他,拋錨未採安全措施,死亡1;受傷2,4,,,無或物(動物、堆置物),-1,,,,,,,,,無(非車輛駕駛人因素),尚未發現肇事因素,否,121.2183,24.971384
2021,8,20210805,42900,A1,國道公路警察局,桃園市中壢區國道1號 59公里500.0公尺處北側向外側,晴,夜間(或隧道、地下道、涵洞)有照明,國道,100,單路部分,直路,路段,快車道,柏油,乾燥,無缺陷,無障礙物,良好,良好,無號誌,無號誌,中央分向島,寛式(50公分以上),車道線(附標記),未繪設快慢車道分隔線,有,車與車,追撞,其他,拋錨未採安全措施,死亡1;受傷2,1,小客車,自用,男,37,不明,不明,車的狀態,等待(引擎未熄火),汽車,前車頭,,,其他,拋錨未採安全措施,否,121.2183,24.971384
2021,8,20210805,42900,A1,國道公路警察局,桃園市中壢區國道1號 59公里500.0公尺處北側向外側,晴,夜間(或隧道、地下道、涵洞)有照明,國道,100,單路部分,直路,路段,快車道,柏油,乾燥,無缺陷,無障礙物,良好,良好,無號誌,無號誌,中央分向島,寛式(50公分以上),車道線(附標記),未繪設快慢車道分隔線,有,車與車,追撞,其他,拋錨未採安全措施,死亡1;受傷2,2,小客車,自用,男,42,戴安全帽或繫安全帶(使用幼童安全椅),未使用,車的狀態,向前直行中,汽車,左前車頭(身),,,駕駛人,未注意車前狀態,否,121.2183,24.971384
2021,8,20210805,42900,A1,國道公路警察局,桃園市中壢區國道1號 59公里500.0公尺處北側向外側,晴,夜間(或隧道、地下道、涵洞)有照明,國道,100,單路部分,直路,路段,快車道,柏油,乾燥,無缺陷,無障礙物,良好,良好,無號誌,無號誌,中央分向島,寛式(50公分以上),車道線(附標記),未繪設快慢車道分隔線,有,車與車,追撞,其他,拋錨未採安全措施,死亡1;受傷2,5,人,乘客,男,50,戴安全帽或繫安全帶(使用幼童安全椅),非駕駛人,人的狀態,其他,其他,非汽(機)車,,,無(非車輛駕駛人因素),尚未發現肇事因素,否,121.2183,24.971384
2021,8,20210805,42900,A1,國道公路警察局,桃園市中壢區國道1號 59公里500.0公尺處北側向外側,晴,夜間(或隧道、地下道、涵洞)有照明,國道,100,單路部分,直路,路段,快車道,柏油,乾燥,無缺陷,無障礙物,良好,良好,無號誌,無號誌,中央分向島,寛式(50公分以上),車道線(附標記),未繪設快慢車道分隔線,有,車與車,追撞,其他,拋錨未採安全措施,死亡1;受傷2,3,全聯結車,營業用,男,61,戴安全帽或繫安全帶(使用幼童安全椅),未使用,車的狀態,向前直行中,汽車,左後車尾(身),,,無(車輛駕駛人因素),尚未發現肇事因素,否,121.2183,24.971384
2021,8,20210805,93333,A1,桃園市政府警察局,桃園市楊梅區中山北路二段口 / 桃園市楊梅區梅獅路一段,晴,日間自然光線,市區道路,50,交岔路,三岔路,交叉路口,交叉路口內,柏油,乾燥,無缺陷,無障礙物,良好,良好,行車管制號誌,正常,無,無分向設施,未繪設車道線,未繪設快慢車道分隔線,無,車與車,同向擦撞,駕駛人,右轉彎未依規定,死亡1;受傷0,1,全聯結車,營業用,男,51,戴安全帽或繫安全帶(使用幼童安全椅),未使用,車的狀態,右轉彎,汽車,右前車頭(身),,,駕駛人,右轉彎未依規定,否,121.174468,24.911403
2021,8,20210805,93333,A1,桃園市政府警察局,桃園市楊梅區中山北路二段口 / 桃園市楊梅區梅獅路一段,晴,日間自然光線,市區道路,50,交岔路,三岔路,交叉路口,交叉路口內,柏油,乾燥,無缺陷,無障礙物,良好,良好,行車管制號誌,正常,無,無分向設施,未繪設車道線,未繪設快慢車道分隔線,無,車與車,同向擦撞,駕駛人,右轉彎未依規定,死亡1;受傷0,2,機車,普通重型,女,46,戴安全帽或繫安全帶(使用幼童安全椅),未使用,車的狀態,向前直行中,機車,左側車身,,,無(車輛駕駛人因素),尚未發現肇事因素,否,121.174468,24.911403
2021,8,20210805,111300,A1,高雄市政府警察局,高雄市燕巢區中民路 / 高雄市燕巢區中西路,雨,日間自然光線,市區道路,50,交岔路,四岔路,交叉路口,交叉口附近,柏油,濕潤,無缺陷,路上有停車,不良,其他,行車管制號誌,正常,雙向禁止超車線,無標記,禁止變換車道線(無標記),未繪設快慢車道分隔線,有,車與車,同向擦撞,駕駛人,未保持行車安全間隔,死亡1;受傷0,2,機車,普通重型,女,56,戴安全帽或繫安全帶(使用幼童安全椅),未使用,車的狀態,向前直行中,機車,左側車身,機車,左側車身,駕駛人,未保持行車安全間隔,否,120.358964,22.793116
2021,8,20210805,111300,A1,高雄市政府警察局,高雄市燕巢區中民路 / 高雄市燕巢區中西路,雨,日間自然光線,市區道路,50,交岔路,四岔路,交叉路口,交叉口附近,柏油,濕潤,無缺陷,路上有停車,不良,其他,行車管制號誌,正常,雙向禁止超車線,無標記,禁止變換車道線(無標記),未繪設快慢車道分隔線,有,車與車,同向擦撞,駕駛人,未保持行車安全間隔,死亡1;受傷0,3,小貨車(含客、貨兩用),自用,男,53,戴安全帽或繫安全帶(使用幼童安全椅),未使用,車的狀態,其他,汽車,前車頭,汽車,前車頭,其他,違規停車或暫停不當而肇事,否,120.358964,22.793116
2021,8,20210805,111300,A1,高雄市政府警察局,高雄市燕巢區中民路 / 高雄市燕巢區中西路,雨,日間自然光線,市區道路,50,交岔路,四岔路,交叉路口,交叉口附近,柏油,濕潤,無缺陷,路上有停車,不良,其他,行車管制號誌,正常,雙向禁止超車線,無標記,禁止變換車道線(無標記),未繪設快慢車道分隔線,有,車與車,同向擦撞,駕駛人,未保持行車安全間隔,死亡1;受傷0,1,大貨車,營業用,男,36,戴安全帽或繫安全帶(使用幼童安全椅),未使用,車的狀態,向前直行中,汽車,右前車頭(身),汽車,右前車頭(身),駕駛人,未保持行車安全間隔,否,120.358964,22.793116
2021,8,20210805,130800,A1,彰化縣警察局,彰化縣鹿港鎮溝墘里溝墘巷87之26號前0.0公尺,雨,日間自然光線,村里道路,50,交岔路,三岔路,交叉路口,交叉路口內,柏油,濕潤,無缺陷,無障礙物,良好,良好,無號誌,無號誌,無,無分向設施,未繪設車道線,未繪設快慢車道分隔線,有,車與車,其他,駕駛人,未依規定讓車,死亡1;受傷0,1,其他車,動力機械,男,61,其他(無需使用保護裝備之人),未使用,車的狀態,起步,汽車,前車頭,,,駕駛人,未依規定讓車,否,120.483878,24.084418
2021,8,20210805,130800,A1,彰化縣警察局,彰化縣鹿港鎮溝墘里溝墘巷87之26號前0.0公尺,雨,日間自然光線,村里道路,50,交岔路,三岔路,交叉路口,交叉路口內,柏油,濕潤,無缺陷,無障礙物,良好,良好,無號誌,無號誌,無,無分向設施,未繪設車道線,未繪設快慢車道分隔線,有,車與車,其他,駕駛人,未依規定讓車,死亡1;受傷0,2,機車,普通重型,女,46,戴安全帽或繫安全帶(使用幼童安全椅),未使用,車的狀態,向前直行中,其他,不明,,,駕駛人,未依規定減速,否,120.483878,24.084418
2021,8,20210805,130800,A1,彰化縣警察局,彰化縣鹿港鎮溝墘里溝墘巷87之26號前0.0公尺,雨,日間自然光線,村里道路,50,交岔路,三岔路,交叉路口,交叉路口內,柏油,濕潤,無缺陷,無障礙物,良好,良好,無號誌,無號誌,無,無分向設施,未繪設車道線,未繪設快慢車道分隔線,有,車與車,其他,駕駛人,未依規定讓車,死亡1;受傷0,4,大貨車,自用,男,42,戴安全帽或繫安全帶(使用幼童安全椅),未使用,車的狀態,靜止(引擎熄火),其他,不明,,,其他,違規停車或暫停不當而肇事,否,120.483878,24.084418
2021,8,20210805,130800,A1,彰化縣警察局,彰化縣鹿港鎮溝墘里溝墘巷87之26號前0.0公尺,雨,日間自然光線,村里道路,50,交岔路,三岔路,交叉路口,交叉路口內,柏油,濕潤,無缺陷,無障礙物,良好,良好,無號誌,無號誌,無,無分向設施,未繪設車道線,未繪設快慢車道分隔線,有,車與車,其他,駕駛人,未依規定讓車,死亡1;受傷0,3,小客車,自用,男,45,戴安全帽或繫安全帶(使用幼童安全椅),未使用,車的狀態,向前直行中,汽車,前車頭,,,無(車輛駕駛人因素),尚未發現肇事因素,否,120.483878,24.084418
2021,8,20210805,151200,A1,臺北市政府警察局,臺北市北投區中央北路4段601巷7號前0.0公尺,雨,日間自然光線,市區道路,50,單路部分,巷弄,路段,一般車道(未劃分快慢車道),柏油,濕潤,無缺陷,無障礙物,良好,良好,無號誌,無號誌,行車分向線,無標記,未繪設車道線,未繪設快慢車道分隔線,無,汽(機)車本身,路上翻車、摔倒,其他,不明原因肇事,死亡1;受傷0,2,,,無或物(動物、堆置物),0,,,,,,,,,無(非車輛駕駛人因素),尚未發現肇事因素,否,121.462745,25.123365
2021,8,20210805,151200,A1,臺北市政府警察局,臺北市北投區中央北路4段601巷7號前0.0公尺,雨,日間自然光線,市區道路,50,單路部分,巷弄,路段,一般車道(未劃分快慢車道),柏油,濕潤,無缺陷,無障礙物,良好,良好,無號誌,無號誌,行車分向線,無標記,未繪設車道線,未繪設快慢車道分隔線,無,汽(機)車本身,路上翻車、摔倒,其他,不明原因肇事,死亡1;受傷0,1,慢車,腳踏自行車,男,59,其他(無需使用保護裝備之人),非駕駛人,人的狀態,不明,其他,非汽(機)車,其他,非汽(機)車,其他,不明原因肇事,否,121.462745,25.123365
2021,8,20210805,184300,A1,桃園市政府警察局,桃園市桃園區大興西路1段口 / 桃園市桃園區新埔六街口,雨,夜間(或隧道、地下道、涵洞)有照明,市區道路,40,交岔路,四岔路,交叉路口,交叉路口內,柏油,濕潤,無缺陷,無障礙物,良好,良好,行車管制號誌,正常,無,無分向設施,未繪設車道線,未繪設快慢車道分隔線,無,車與車,追撞,駕駛人,未注意車前狀態,死亡1;受傷0,1,機車,普通重型,男,47,戴安全帽或繫安全帶(使用幼童安全椅),未使用,車的狀態,向前直行中,機車,前車頭,,,駕駛人,未注意車前狀態,否,121.303018,25.013468
2021,8,20210805,184300,A1,桃園市政府警察局,桃園市桃園區大興西路1段口 / 桃園市桃園區新埔六街口,雨,夜間(或隧道、地下道、涵洞)有照明,市區道路,40,交岔路,四岔路,交叉路口,交叉路口內,柏油,濕潤,無缺陷,無障礙物,良好,良好,行車管制號誌,正常,無,無分向設施,未繪設車道線,未繪設快慢車道分隔線,無,車與車,追撞,駕駛人,未注意車前狀態,死亡1;受傷0,2,小客車,自用,男,62,戴安全帽或繫安全帶(使用幼童安全椅),未使用,車的狀態,左轉彎,汽車,右後車尾(身),,,無(車輛駕駛人因素),尚未發現肇事因素,否,121.303018,25.013468
2021,8,20210805,210342,A1,鐵路警察局,苗栗縣苑裡鎮海線 167.0公里453.0公尺,陰,夜間(或隧道、地下道、涵洞)有照明,其他,15,平交道,有遮斷器,其他,其他,柏油,濕潤,無缺陷,無障礙物,良好,良好,閃光號誌,正常,無,無分向設施,未繪設車道線,未繪設快慢車道分隔線,無,平交道事故,衝過(或撞壞)遮斷器,行人(或乘客),未依標誌、標線、號誌或手勢指揮穿越道路,死亡1;受傷0,1,人,行人,男,24,不明,非駕駛人,人的狀態,其他,其他,不明,其他,非汽(機)車,行人(或乘客),未依標誌、標線、號誌或手勢指揮穿越道路,否,120.677505,24.409826
2021,8,20210805,210342,A1,鐵路警察局,苗栗縣苑裡鎮海線 167.0公里453.0公尺,陰,夜間(或隧道、地下道、涵洞)有照明,其他,15,平交道,有遮斷器,其他,其他,柏油,濕潤,無缺陷,無障礙物,良好,良好,閃光號誌,正常,無,無分向設施,未繪設車道線,未繪設快慢車道分隔線,無,平交道事故,衝過(或撞壞)遮斷器,行人(或乘客),未依標誌、標線、號誌或手勢指揮穿越道路,死亡1;受傷0,2,其他車,火車,男,49,其他(無需使用保護裝備之人),未使用,車的狀態,急減速或急停止,其他,不明,其他,非汽(機)車,無(車輛駕駛人因素),尚未發現肇事因素,否,120.677505,24.409826
2021,8,20210805,220800,A1,新竹縣政府警察局,新竹縣新埔鎮中正路與中正一街口,晴,夜間(或隧道、地下道、涵洞)有照明,市區道路,50,交岔路,三岔路,交叉路口,交叉路口內,柏油,乾燥,無缺陷,無障礙物,良好,良好,無號誌,無號誌,雙向禁止超車線,附標記,車道線(無標記),未繪設快慢車道分隔線,有,人與汽(機)車,其他,行人(或乘客),其他引起事故之疏失或行為,死亡1;受傷0,2,小客車,自用,男,63,戴安全帽或繫安全帶(使用幼童安全椅),未使用,車的狀態,向前直行中,汽車,前車頭,,,駕駛人,未注意車前狀態,是,121.082781,24.826966
2021,8,20210805,220800,A1,新竹縣政府警察局,新竹縣新埔鎮中正路與中正一街口,晴,夜間(或隧道、地下道、涵洞)有照明,市區道路,50,交岔路,三岔路,交叉路口,交叉路口內,柏油,乾燥,無缺陷,無障礙物,良好,良好,無號誌,無號誌,雙向禁止超車線,附標記,車道線(無標記),未繪設快慢車道分隔線,有,人與汽(機)車,其他,行人(或乘客),其他引起事故之疏失或行為,死亡1;受傷0,1,人,行人,男,36,其他(無需使用保護裝備之人),非駕駛人,人的狀態,其他,其他,非汽(機)車,,,行人(或乘客),其他引起事故之疏失或行為,否,121.082781,24.826966
2021,8,20210806,102000,A1,基隆市警察局,基隆市安樂區基金一路110-62號前0.0公尺,雨,日間自然光線,市區道路,50,單路部分,直路,路段,一般車道(未劃分快慢車道),柏油,濕潤,無缺陷,無障礙物,良好,良好,無號誌,無號誌,雙向禁止超車線,附標記,車道線(附標記),未繪設快慢車道分隔線,有,車與車,同向擦撞,駕駛人,未保持行車安全間隔,死亡1;受傷0,1,機車,普通重型,女,65,戴安全帽或繫安全帶(使用幼童安全椅),未使用,車的狀態,插入行列,機車,後車尾,機車,左側車身,駕駛人,未保持行車安全間隔,否,121.714236,25.14038
2021,8,20210806,102000,A1,基隆市警察局,基隆市安樂區基金一路110-62號前0.0公尺,雨,日間自然光線,市區道路,50,單路部分,直路,路段,一般車道(未劃分快慢車道),柏油,濕潤,無缺陷,無障礙物,良好,良好,無號誌,無號誌,雙向禁止超車線,附標記,車道線(附標記),未繪設快慢車道分隔線,有,車與車,同向擦撞,駕駛人,未保持行車安全間隔,死亡1;受傷0,2,曳引車,營業用,男,35,戴安全帽或繫安全帶(使用幼童安全椅),未使用,車的狀態,向前直行中,汽車,右前車頭(身),汽車,右前車頭(身),駕駛人,未注意車前狀態,否,121.714236,25.14038
2021,8,20210806,204600,A1,新竹縣政府警察局,新竹縣新豐鄉建興路1段198-39號前0.0公尺附近,雨,夜間(或隧道、地下道、涵洞)無照明,村里道路,50,單路部分,直路,路段,一般車道(未劃分快慢車道),柏油,濕潤,無缺陷,無障礙物,良好,良好,無號誌,無號誌,雙向禁止超車線,附標記,未繪設車道線,未繪設快慢車道分隔線,有,車與車,其他,駕駛人,違反特定標誌(線)禁制,死亡1;受傷0,2,大客車,遊覽車,男,41,戴安全帽或繫安全帶(使用幼童安全椅),未使用,車的狀態,倒車,其他,不明,,,駕駛人,倒車未依規定,否,120.996279,24.869983
2021,8,20210806,204600,A1,新竹縣政府警察局,新竹縣新豐鄉建興路1段198-39號前0.0公尺附近,雨,夜間(或隧道、地下道、涵洞)無照明,村里道路,50,單路部分,直路,路段,一般車道(未劃分快慢車道),柏油,濕潤,無缺陷,無障礙物,良好,良好,無號誌,無號誌,雙向禁止超車線,附標記,未繪設車道線,未繪設快慢車道分隔線,有,車與車,其他,駕駛人,違反特定標誌(線)禁制,死亡1;受傷0,1,小客車,自用,男,52,戴安全帽或繫安全帶(使用幼童安全椅),未使用,車的狀態,向前直行中,汽車,左前車頭(身),,,駕駛人,違反特定標誌(線)禁制,否,120.996279,24.869983
2021,8,20210806,204600,A1,新竹縣政府警察局,新竹縣新豐鄉建興路1段198-39號前0.0公尺附近,雨,夜間(或隧道、地下道、涵洞)無照明,村里道路,50,單路部分,直路,路段,一般車道(未劃分快慢車道),柏油,濕潤,無缺陷,無障礙物,良好,良好,無號誌,無號誌,雙向禁止超車線,附標記,未繪設車道線,未繪設快慢車道分隔線,有,車與車,其他,駕駛人,違反特定標誌(線)禁制,死亡1;受傷0,3,機車,普通重型,男,16,戴安全帽或繫安全帶(使用幼童安全椅),未使用,車的狀態,向前直行中,機車,左側車身,,,無(車輛駕駛人因素),尚未發現肇事因素,否,120.996279,24.869983
2021,8,20210806,231000,A1,雲林縣警察局,雲林縣崙背鄉舊庄村154縣道頂厝枝1號電桿前,雨,夜間(或隧道、地下道、涵洞)有照明,村里道路,60,交岔路,四岔路,交叉路口,交叉路口內,柏油,濕潤,無缺陷,無障礙物,良好,良好,閃光號誌,正常,無,無分向設施,未繪設車道線,未繪設快慢車道分隔線,有,車與車,側撞,駕駛人,左轉彎未依規定,死亡1;受傷0,1,機車,普通重型,男,27,戴安全帽或繫安全帶(使用幼童安全椅),未使用,車的狀態,左轉彎,機車,前車頭,,,駕駛人,左轉彎未依規定,否,120.334686,23.788466
2021,8,20210806,231000,A1,雲林縣警察局,雲林縣崙背鄉舊庄村154縣道頂厝枝1號電桿前,雨,夜間(或隧道、地下道、涵洞)有照明,村里道路,60,交岔路,四岔路,交叉路口,交叉路口內,柏油,濕潤,無缺陷,無障礙物,良好,良好,閃光號誌,正常,無,無分向設施,未繪設車道線,未繪設快慢車道分隔線,有,車與車,側撞,駕駛人,左轉彎未依規定,死亡1;受傷0,2,機車,普通重型,女,51,戴安全帽或繫安全帶(使用幼童安全椅),未使用,車的狀態,向前直行中,機車,前車頭,,,其他,不明原因肇事,否,120.334686,23.788466
2021,8,20210806,231000,A1,雲林縣警察局,雲林縣崙背鄉舊庄村154縣道頂厝枝1號電桿前,雨,夜間(或隧道、地下道、涵洞)有照明,村里道路,60,交岔路,四岔路,交叉路口,交叉路口內,柏油,濕潤,無缺陷,無障礙物,良好,良好,閃光號誌,正常,無,無分向設施,未繪設車道線,未繪設快慢車道分隔線,有,車與車,側撞,駕駛人,左轉彎未依規定,死亡1;受傷0,3,小客車,自用,男,37,戴安全帽或繫安全帶(使用幼童安全椅),未使用,車的狀態,向前直行中,汽車,前車頭,,,駕駛人,未注意車前狀態,否,120.334686,23.788466
2021,8,20210807,20021,A1,桃園市政府警察局,桃園市龜山區長壽路口 / 桃園市龜山區光峰路口,雨,夜間(或隧道、地下道、涵洞)有照明,市區道路,50,交岔路,四岔路,交叉路口,交叉路口內,柏油,濕潤,無缺陷,無障礙物,良好,良好,行車管制號誌(附設行人專用號誌),正常,無,無分向設施,未繪設車道線,未繪設快慢車道分隔線,無,車與車,側撞,駕駛人,酒醉(後)駕駛失控,死亡1;受傷1,1,機車,普通重型,男,31,戴安全帽或繫安全帶(使用幼童安全椅),未使用,車的狀態,左轉彎,機車,右側車身,,,駕駛人,酒醉(後)駕駛失控,是,121.34281,25.001612
2021,8,20210807,20021,A1,桃園市政府警察局,桃園市龜山區長壽路口 / 桃園市龜山區光峰路口,雨,夜間(或隧道、地下道、涵洞)有照明,市區道路,50,交岔路,四岔路,交叉路口,交叉路口內,柏油,濕潤,無缺陷,無障礙物,良好,良好,行車管制號誌(附設行人專用號誌),正常,無,無分向設施,未繪設車道線,未繪設快慢車道分隔線,無,車與車,側撞,駕駛人,酒醉(後)駕駛失控,死亡1;受傷1,2,機車,普通重型,男,38,戴安全帽或繫安全帶(使用幼童安全椅),未使用,車的狀態,向前直行中,機車,前車頭,,,駕駛人,未注意車前狀態,否,121.34281,25.001612
2021,8,20210807,74700,A1,新北市政府警察局,新北市五股區中興路3段168號前0.0公尺,雨,日間自然光線,市區道路,50,單路部分,直路,路段,一般車道(未劃分快慢車道),柏油,濕潤,無缺陷,無障礙物,良好,良好,無號誌,無號誌,中央分向島,寛式(50公分以上),未繪設車道線,未繪設快慢車道分隔線,有,車與車,其他,駕駛人,未保持行車安全距離,死亡1;受傷0,3,曳引車,營業用,男,35,不明,不明,車的狀態,向前直行中,汽車,右側車身,汽車,右側車身,無(車輛駕駛人因素),尚未發現肇事因素,否,121.443881,25.081347