發生年度,發生月份,發生日期,發生時間,事故類別名稱,處理單位名稱警局層,發生地點,天候名稱,光線名稱,道路類別-第1當事者-名稱,速限-第1當事者,道路型態大類別名稱,道路型態子類別名稱,事故位置大類別名稱,事故位置子類別名稱,路面狀況-路面鋪裝名稱,路面狀況-路面狀態名稱,路面狀況-路面缺陷名稱,道路障礙-障礙物名稱,道路障礙-視距品質名稱,道路障礙-視距名稱,號誌-號誌種類名稱,號誌-號誌動作名稱,車道劃分設施-分向設施大類別名稱,車道劃分設施-分向設施子類別名稱,車道劃分設施-分道設施-快車道或一般車道間名稱,車道劃分設施-分道設施-快慢車道間名稱,車道劃分設施-分道設施-路面邊線名稱,事故類型及型態大類別名稱,事故類型及型態子類別名稱,肇因研判大類別名稱-主要,肇因研判子類別名稱-主要,死亡受傷人數,當事者順位,當事者區分-類別-大類別名稱-車種,當事者區分-類別-子類別名稱-車種,當事者屬-性-別名稱,當事者事故發生時年齡,保護裝備名稱,行動電話或電腦或其他相類功能裝置名稱,當事者行動狀態大類別名稱,當事者行動狀態子類別名稱,車輛撞擊部位大類別名稱-最初,車輛撞擊部位子類別名稱-最初,車輛撞擊部位大類別名稱-其他,車輛撞擊部位子類別名稱-其他,肇因研判大類別名稱-個別,肇因研判子類別名稱-個別,肇事逃逸類別名稱-是否肇逃,經度,緯度
2021,8,20210825,193100,A1,屏東縣政府警察局,屏東縣九如鄉九如路二段和信義街口,晴,夜間(或隧道、地下道、涵洞)有照明,村里道路,50,交岔路,四岔路,其他,行人穿越道,柏油,乾燥,無缺陷,無障礙物,良好,良好,行車管制號誌,正常,中央分向島,寛式(50公分以上),禁止變換車道線(附標記),快慢車道分隔線,有,人與汽(機)車,穿越道路中,駕駛人,搶越行人穿越道,死亡1;受傷0,2,人,行人,女,84,其他(無需使用保護裝備之人),非駕駛人,人的狀態,步行,其他,非汽(機)車,,,無(非車輛駕駛人因素),尚未發現肇事因素,否,120.488954,22.731937
2021,8,20210825,193100,A1,屏東縣政府警察局,屏東縣九如鄉九如路二段和信義街口,晴,夜間(或隧道、地下道、涵洞)有照明,村里道路,50,交岔路,四岔路,其他,行人穿越道,柏油,乾燥,無缺陷,無障礙物,良好,良好,行車管制號誌,正常,中央分向島,寛式(50公分以上),禁止變換車道線(附標記),快慢車道分隔線,有,人與汽(機)車,穿越道路中,駕駛人,搶越行人穿越道,死亡1;受傷0,1,小貨車(含客、貨兩用),自用,男,41,戴安全帽或繫安全帶(使用幼童安全椅),未使用,車的狀態,左轉彎,汽車,前車頭,,,駕駛人,搶越行人穿越道,否,120.488954,22.731937
2021,8,20210825,221800,A1,臺東縣警察局,臺東縣卑南鄉忠孝路與口 / 臺東縣卑南鄉忠孝路口,晴,夜間(或隧道、地下道、涵洞)有照明,村里道路,50,交岔路,四岔路,交叉路口,交叉路口內,柏油,乾燥,無缺陷,無障礙物,良好,良好,閃光號誌,正常,無,無分向設施,未繪設車道線,未繪設快慢車道分隔線,無,車與車,對撞,駕駛人,酒醉(後)駕駛失控,死亡1;受傷0,1,機車,普通重型,男,59,戴安全帽或繫安全帶(使用幼童安全椅),未使用,車的狀態,向前直行中,機車,前車頭,,,駕駛人,酒醉(後)駕駛失控,否,121.092099,22.851177
2021,8,20210825,221800,A1,臺東縣警察局,臺東縣卑南鄉忠孝路與口 / 臺東縣卑南鄉忠孝路口,晴,夜間(或隧道、地下道、涵洞)有照明,村里道路,50,交岔路,四岔路,交叉路口,交叉路口內,柏油,乾燥,無缺陷,無障礙物,良好,良好,閃光號誌,正常,無,無分向設施,未繪設車道線,未繪設快慢車道分隔線,無,車與車,對撞,駕駛人,酒醉(後)駕駛失控,死亡1;受傷0,2,小客車,自用,女,21,戴安全帽或繫安全帶(使用幼童安全椅),未使用,車的狀態,向前直行中,汽車,左前車頭(身),,,無(車輛駕駛人因素),尚未發現肇事因素,否,121.092099,22.851177
2021,8,20210826,54847,A1,嘉義縣警察局,嘉義縣大林鎮義和里嘉98線與嘉99線路口,晴,晨或暮光,鄉道,50,交岔路,四岔路,交叉路口,交叉路口內,柏油,乾燥,無缺陷,無障礙物,良好,良好,閃光號誌,正常,無,無分向設施,未繪設車道線,未繪設快慢車道分隔線,無,車與車,路口交岔撞,駕駛人,未依規定讓車,死亡1;受傷0,1,機車,普通重型,女,54,戴安全帽或繫安全帶(使用幼童安全椅),未使用,車的狀態,向前直行中,機車,前車頭,,,駕駛人,未依規定讓車,否,120.481272,23.617045
2021,8,20210826,54847,A1,嘉義縣警察局,嘉義縣大林鎮義和里嘉98線與嘉99線路口,晴,晨或暮光,鄉道,50,交岔路,四岔路,交叉路口,交叉路口內,柏油,乾燥,無缺陷,無障礙物,良好,良好,閃光號誌,正常,無,無分向設施,未繪設車道線,未繪設快慢車道分隔線,無,車與車,路口交岔撞,駕駛人,未依規定讓車,死亡1;受傷0,2,小客車,自用,男,39,戴安全帽或繫安全帶(使用幼童安全椅),未使用,車的狀態,向前直行中,汽車,左前車頭(身),,,駕駛人,未注意車前狀態,否,120.481272,23.617045
2021,8,20210826,73700,A1,新北市政府警察局,新北市坪林區新北市坪林區北宜公路33.8公里處,晴,日間自然光線,省道,40,單路部分,直路,路段,一般車道(未劃分快慢車道),柏油,乾燥,無缺陷,無障礙物,良好,良好,無號誌,無號誌,雙向禁止超車線,附標記,未繪設車道線,未繪設快慢車道分隔線,有,車與車,其他,駕駛人,超速失控,死亡1;受傷0,1,機車,大型重型2(250-550C.C.),男,39,戴安全帽或繫安全帶(使用幼童安全椅),未使用,車的狀態,向前直行中,機車,前車頭,機車,前車頭,駕駛人,超速失控,否,121.720231,24.901738
2021,8,20210826,73700,A1,新北市政府警察局,新北市坪林區新北市坪林區北宜公路33.8公里處,晴,日間自然光線,省道,40,單路部分,直路,路段,一般車道(未劃分快慢車道),柏油,乾燥,無缺陷,無障礙物,良好,良好,無號誌,無號誌,雙向禁止超車線,附標記,未繪設車道線,未繪設快慢車道分隔線,有,車與車,其他,駕駛人,超速失控,死亡1;受傷0,2,大貨車,自用,男,40,戴安全帽或繫安全帶(使用幼童安全椅),未使用,車的狀態,向前直行中,汽車,前車頭,汽車,前車頭,無(車輛駕駛人因素),尚未發現肇事因素,否,121.720231,24.901738
2021,8,20210826,73700,A1,新北市政府警察局,新北市坪林區新北市坪林區北宜公路33.8公里處,晴,日間自然光線,省道,40,單路部分,直路,路段,一般車道(未劃分快慢車道),柏油,乾燥,無缺陷,無障礙物,良好,良好,無號誌,無號誌,雙向禁止超車線,附標記,未繪設車道線,未繪設快慢車道分隔線,有,車與車,其他,駕駛人,超速失控,死亡1;受傷0,3,大貨車,自用,男,48,戴安全帽或繫安全帶(使用幼童安全椅),未使用,車的狀態,向前直行中,汽車,前車頭,汽車,前車頭,無(車輛駕駛人因素),尚未發現肇事因素,否,121.720231,24.901738
2021,8,20210826,93800,A1,花蓮縣警察局,花蓮縣吉安鄉知卡宣大道2段口 / 花蓮縣吉安鄉光華二街口,晴,日間自然光線,村里道路,50,交岔路,多岔路,交叉路口,交叉路口內,柏油,乾燥,無缺陷,無障礙物,良好,良好,行車管制號誌,正常,無,無分向設施,未繪設車道線,未繪設快慢車道分隔線,無,汽(機)車本身,撞路樹、電桿,駕駛人,未注意車前狀態,死亡1;受傷0,2,,,無或物(動物、堆置物),-1,,,,,,,,,無(非車輛駕駛人因素),尚未發現肇事因素,否,121.582554,23.940178
2021,8,20210826,93800,A1,花蓮縣警察局,花蓮縣吉安鄉知卡宣大道2段口 / 花蓮縣吉安鄉光華二街口,晴,日間自然光線,村里道路,50,交岔路,多岔路,交叉路口,交叉路口內,柏油,乾燥,無缺陷,無障礙物,良好,良好,行車管制號誌,正常,無,無分向設施,未繪設車道線,未繪設快慢車道分隔線,無,汽(機)車本身,撞路樹、電桿,駕駛人,未注意車前狀態,死亡1;受傷0,1,小客車,自用,男,51,不明,不明,車的狀態,向前直行中,汽車,前車頭,,,駕駛人,未注意車前狀態,否,121.582554,23.940178
2021,8,20210826,122800,A1,新北市政府警察局,新北市坪林區新北市坪林區北宜公路54.1公里處,晴,日間自然光線,省道,40,單路部分,彎曲路及附近,路段,一般車道(未劃分快慢車道),柏油,乾燥,無缺陷,無障礙物,良好,良好,無號誌,無號誌,雙向禁止超車線,附標記,未繪設車道線,未繪設快慢車道分隔線,有,汽(機)車本身,撞護欄(樁),駕駛人,未依規定減速,死亡1;受傷0,2,,,無或物(動物、堆置物),0,,,,,,,,,無(非車輛駕駛人因素),尚未發現肇事因素,否,121.720231,24.901738
2021,8,20210826,122800,A1,新北市政府警察局,新北市坪林區新北市坪林區北宜公路54.1公里處,晴,日間自然光線,省道,40,單路部分,彎曲路及附近,路段,一般車道(未劃分快慢車道),柏油,乾燥,無缺陷,無障礙物,良好,良好,無號誌,無號誌,雙向禁止超車線,附標記,未繪設車道線,未繪設快慢車道分隔線,有,汽(機)車本身,撞護欄(樁),駕駛人,未依規定減速,死亡1;受傷0,1,機車,普通重型,男,18,戴安全帽或繫安全帶(使用幼童安全椅),未使用,車的狀態,向前直行中,機車,前車頭,機車,前車頭,駕駛人,未依規定減速,否,121.720231,24.901738
2021,8,20210826,223500,A1,臺中市政府警察局,臺中市西屯區廣福里廣福路341號前0.0公尺,晴,夜間(或隧道、地下道、涵洞)有照明,市區道路,50,交岔路,四岔路,交叉路口,交叉路口內,柏油,乾燥,無缺陷,無障礙物,良好,良好,行車管制號誌,正常,行車分向線,無標記,車道線(無標記),快慢車道分隔線,無,人與汽(機)車,同向通行中,駕駛人,未注意車前狀態,死亡1;受傷0,1,小客車,自用,男,38,戴安全帽或繫安全帶(使用幼童安全椅),未使用,車的狀態,向前直行中,汽車,前車頭,,,駕駛人,未注意車前狀態,否,120.644405,24.202721
2021,8,20210826,223500,A1,臺中市政府警察局,臺中市西屯區廣福里廣福路341號前0.0公尺,晴,夜間(或隧道、地下道、涵洞)有照明,市區道路,50,交岔路,四岔路,交叉路口,交叉路口內,柏油,乾燥,無缺陷,無障礙物,良好,良好,行車管制號誌,正常,行車分向線,無標記,車道線(無標記),快慢車道分隔線,無,人與汽(機)車,同向通行中,駕駛人,未注意車前狀態,死亡1;受傷0,2,人,行人,女,51,戴安全帽或繫安全帶(使用幼童安全椅),非駕駛人,人的狀態,其他,其他,非汽(機)車,,,行人(或乘客),其他引起事故之疏失或行為,否,120.644405,24.202721
2021,8,20210826,231300,A1,臺北市政府警察局,臺北市中山區南京東路1段 / 臺北市中山區林森北路,晴,夜間(或隧道、地下道、涵洞)有照明,市區道路,50,交岔路,四岔路,交叉路口,交叉路口內,柏油,乾燥,無缺陷,無障礙物,良好,良好,行車管制號誌(附設行人專用號誌),正常,單向禁止超車線,無標記,禁止變換車道線(無標記),未繪設快慢車道分隔線,無,車與車,側撞,駕駛人,違反號誌管制或指揮,死亡1;受傷0,1,小客車,計程車,男,49,戴安全帽或繫安全帶(使用幼童安全椅),未使用,車的狀態,左轉彎,汽車,右側車身,汽車,右側車身,駕駛人,違反號誌管制或指揮,否,121.525323,25.051994
2021,8,20210826,231300,A1,臺北市政府警察局,臺北市中山區南京東路1段 / 臺北市中山區林森北路,晴,夜間(或隧道、地下道、涵洞)有照明,市區道路,50,交岔路,四岔路,交叉路口,交叉路口內,柏油,乾燥,無缺陷,無障礙物,良好,良好,行車管制號誌(附設行人專用號誌),正常,單向禁止超車線,無標記,禁止變換車道線(無標記),未繪設快慢車道分隔線,無,車與車,側撞,駕駛人,違反號誌管制或指揮,死亡1;受傷0,2,機車,普通重型,男,26,戴安全帽或繫安全帶(使用幼童安全椅),未使用,車的狀態,向前直行中,機車,前車頭,機車,前車頭,無(車輛駕駛人因素),尚未發現肇事因素,否,121.525323,25.051994
2021,8,20210827,30700,A1,臺南市政府警察局,臺南市中西區康樂街和樂廣場內,晴,日間自然光線,市區道路,50,交岔路,三岔路,交叉路口,交叉路口內,柏油,乾燥,無缺陷,無障礙物,良好,良好,行車管制號誌,正常,無,無分向設施,未繪設車道線,未繪設快慢車道分隔線,無,汽(機)車本身,其他,駕駛人,酒醉(後)駕駛失控,死亡1;受傷0,2,,,無或物(動物、堆置物),-1,,,,,,,,,無(非車輛駕駛人因素),尚未發現肇事因素,否,120.194049,22.99366
2021,8,20210827,30700,A1,臺南市政府警察局,臺南市中西區康樂街和樂廣場內,晴,日間自然光線,市區道路,50,交岔路,三岔路,交叉路口,交叉路口內,柏油,乾燥,無缺陷,無障礙物,良好,良好,行車管制號誌,正常,無,無分向設施,未繪設車道線,未繪設快慢車道分隔線,無,汽(機)車本身,其他,駕駛人,酒醉(後)駕駛失控,死亡1;受傷0,1,小客車,自用,男,43,戴安全帽或繫安全帶(使用幼童安全椅),未使用,車的狀態,向前直行中,汽車,前車頭,,,駕駛人,酒醉(後)駕駛失控,否,120.194049,22.99366
2021,8,20210827,91500,A1,雲林縣警察局,雲林縣水林鄉水北村顏厝寮產業道路(水林77號電桿旁),晴,日間自然光線,村里道路,30,交岔路,四岔路,交叉路口,交叉路口內,柏油,乾燥,無缺陷,無障礙物,良好,良好,無號誌,無號誌,無,無分向設施,未繪設車道線,未繪設快慢車道分隔線,無,車與車,側撞,駕駛人,未依規定讓車,死亡2;受傷2,3,人,乘客,男,9,不明,非駕駛人,人的狀態,靜立(止),其他,不明,,,無(非車輛駕駛人因素),尚未發現肇事因素,否,120.251771,23.579715
2021,8,20210827,91500,A1,雲林縣警察局,雲林縣水林鄉水北村顏厝寮產業道路(水林77號電桿旁),晴,日間自然光線,村里道路,30,交岔路,四岔路,交叉路口,交叉路口內,柏油,乾燥,無缺陷,無障礙物,良好,良好,無號誌,無號誌,無,無分向設施,未繪設車道線,未繪設快慢車道分隔線,無,車與車,側撞,駕駛人,未依規定讓車,死亡2;受傷2,4,人,乘客,男,13,不明,非駕駛人,人的狀態,靜立(止),其他,不明,,,無(非車輛駕駛人因素),尚未發現肇事因素,否,120.251771,23.579715
2021,8,20210827,91500,A1,雲林縣警察局,雲林縣水林鄉水北村顏厝寮產業道路(水林77號電桿旁),晴,日間自然光線,村里道路,30,交岔路,四岔路,交叉路口,交叉路口內,柏油,乾燥,無缺陷,無障礙物,良好,良好,無號誌,無號誌,無,無分向設施,未繪設車道線,未繪設快慢車道分隔線,無,車與車,側撞,駕駛人,未依規定讓車,死亡2;受傷2,5,人,乘客,男,12,不明,非駕駛人,人的狀態,靜立(止),其他,不明,,,無(非車輛駕駛人因素),尚未發現肇事因素,否,120.251771,23.579715
2021,8,20210827,91500,A1,雲林縣警察局,雲林縣水林鄉水北村顏厝寮產業道路(水林77號電桿旁),晴,日間自然光線,村里道路,30,交岔路,四岔路,交叉路口,交叉路口內,柏油,乾燥,無缺陷,無障礙物,良好,良好,無號誌,無號誌,無,無分向設施,未繪設車道線,未繪設快慢車道分隔線,無,車與車,側撞,駕駛人,未依規定讓車,死亡2;受傷2,2,小客車,自用,女,39,不明,不明,車的狀態,向前直行中,汽車,左側車身,,,無(車輛駕駛人因素),尚未發現肇事因素,否,120.251771,23.579715
2021,8,20210827,91500,A1,雲林縣警察局,雲林縣水林鄉水北村顏厝寮產業道路(水林77號電桿旁),晴,日間自然光線,村里道路,30,交岔路,四岔路,交叉路口,交叉路口內,柏油,乾燥,無缺陷,無障礙物,良好,良好,無號誌,無號誌,無,無分向設施,未繪設車道線,未繪設快慢車道分隔線,無,車與車,側撞,駕駛人,未依規定讓車,死亡2;受傷2,1,小客車,自用,男,38,戴安全帽或繫安全帶(使用幼童安全椅),未使用,車的狀態,向前直行中,汽車,前車頭,,,駕駛人,未依規定讓車,否,120.251771,23.579715
2021,8,20210827,93015,A1,國道公路警察局,新竹縣關西鎮國道3號 83公里南側向外側,晴,日間自然光線,國道,90,單路部分,直路,路段,快車道,柏油,乾燥,無缺陷,無障礙物,良好,良好,無號誌,無號誌,中央分向島,寛式(50公分以上),車道線(附標記),未繪設快慢車道分隔線,有,車與車,追撞,駕駛人,酒醉(後)駕駛失控,死亡1;受傷1,3,,,無或物(動物、堆置物),-1,,,,,,,,,無(非車輛駕駛人因素),尚未發現肇事因素,否,121.152948,24.807332
2021,8,20210827,93015,A1,國道公路警察局,新竹縣關西鎮國道3號 83公里南側向外側,晴,日間自然光線,國道,90,單路部分,直路,路段,快車道,柏油,乾燥,無缺陷,無障礙物,良好,良好,無號誌,無號誌,中央分向島,寛式(50公分以上),車道線(附標記),未繪設快慢車道分隔線,有,車與車,追撞,駕駛人,酒醉(後)駕駛失控,死亡1;受傷1,1,半聯結車,營業用,男,65,未戴案全帽或未繫安全帶(未使用幼童安全椅),不明,車的狀態,向前直行中,汽車,前車頭,,,駕駛人,酒醉(後)駕駛失控,否,121.152948,24.807332
2021,8,20210827,93015,A1,國道公路警察局,新竹縣關西鎮國道3號 83公里南側向外側,晴,日間自然光線,國道,90,單路部分,直路,路段,快車道,柏油,乾燥,無缺陷,無障礙物,良好,良好,無號誌,無號誌,中央分向島,寛式(50公分以上),車道線(附標記),未繪設快慢車道分隔線,有,車與車,追撞,駕駛人,酒醉(後)駕駛失控,死亡1;受傷1,2,小貨車(含客、貨兩用),自用,男,69,戴安全帽或繫安全帶(使用幼童安全椅),未使用,車的狀態,向前直行中,汽車,後車尾,,,無(車輛駕駛人因素),尚未發現肇事因素,否,121.152948,24.807332
2021,8,20210827,140400,A1,雲林縣警察局,雲林縣土庫鎮石廟里雲158甲公路與雲97公路口,晴,日間自然光線,村里道路,60,交岔路,四岔路,交叉路口,交叉路口內,柏油,乾燥,無缺陷,無障礙物,良好,良好,無號誌,無號誌,雙向禁止超車線,無標記,車道線(無標記),快慢車道分隔線,有,車與車,對撞,駕駛人,逆向行駛,死亡1;受傷1,3,,,無或物(動物、堆置物),-1,,,,,,,,,無(非車輛駕駛人因素),尚未發現肇事因素,否,120.376976,23.692138
2021,8,20210827,140400,A1,雲林縣警察局,雲林縣土庫鎮石廟里雲158甲公路與雲97公路口,晴,日間自然光線,村里道路,60,交岔路,四岔路,交叉路口,交叉路口內,柏油,乾燥,無缺陷,無障礙物,良好,良好,無號誌,無號誌,雙向禁止超車線,無標記,車道線(無標記),快慢車道分隔線,有,車與車,對撞,駕駛人,逆向行駛,死亡1;受傷1,1,小客車,自用,男,80,戴安全帽或繫安全帶(使用幼童安全椅),未使用,車的狀態,向前直行中,汽車,前車頭,,,駕駛人,逆向行駛,否,120.376976,23.692138
2021,8,20210827,140400,A1,雲林縣警察局,雲林縣土庫鎮石廟里雲158甲公路與雲97公路口,晴,日間自然光線,村里道路,60,交岔路,四岔路,交叉路口,交叉路口內,柏油,乾燥,無缺陷,無障礙物,良好,良好,無號誌,無號誌,雙向禁止超車線,無標記,車道線(無標記),快慢車道分隔線,有,車與車,對撞,駕駛人,逆向行駛,死亡1;受傷1,2,機車,普通重型,男,34,戴安全帽或繫安全帶(使用幼童安全椅),未使用,車的狀態,向前直行中,機車,前車頭,,,無(車輛駕駛人因素),尚未發現肇事因素,否,120.376976,23.692138
2021,8,20210827,165400,A1,雲林縣警察局,雲林縣虎尾鎮建國里158、建國二村附近,晴,日間自然光線,村里道路,70,單路部分,直路,路段,一般車道(未劃分快慢車道),柏油,乾燥,無缺陷,無障礙物,良好,良好,無號誌,無號誌,中央分向島,寛式(50公分以上),車道線(無標記),未繪設快慢車道分隔線,有,人與汽(機)車,其他,行人(或乘客),其他引起事故之疏失或行為,死亡1;受傷0,1,人,行人,女,81,其他(無需使用保護裝備之人),非駕駛人,人的狀態,步行,其他,非汽(機)車,,,行人(或乘客),其他引起事故之疏失或行為,否,120.415666,23.714664
2021,8,20210827,165400,A1,雲林縣警察局,雲林縣虎尾鎮建國里158、建國二村附近,晴,日間自然光線,村里道路,70,單路部分,直路,路段,一般車道(未劃分快慢車道),柏油,乾燥,無缺陷,無障礙物,良好,良好,無號誌,無號誌,中央分向島,寛式(50公分以上),車道線(無標記),未繪設快慢車道分隔線,有,人與汽(機)車,其他,行人(或乘客),其他引起事故之疏失或行為,死亡1;受傷0,2,小貨車(含客、貨兩用),自用,男,31,戴安全帽或繫安全帶(使用幼童安全椅),未使用,車的狀態,向前直行中,汽車,右前車頭(身),,,駕駛人,未注意車前狀態,否,120.415666,23.714664
2021,8,20210828,151900,A1,臺中市政府警察局,臺中市北區五常里柳川東路四段 / 臺中市北區五常里五義街,晴,日間自然光線,市區道路,50,交岔路,四岔路,交叉路口,交叉路口內,柏油,乾燥,無缺陷,無障礙物,良好,良好,無號誌,無號誌,無,無分向設施,未繪設車道線,未繪設快慢車道分隔線,無,車與車,路口交岔撞,駕駛人,未依規定讓車,死亡1;受傷0,1,機車,普通輕型,男,62,戴安全帽或繫安全帶(使用幼童安全椅),未使用,車的狀態,向前直行中,機車,前車頭,,,駕駛人,未依規定讓車,否,120.679461,24.153583
2021,8,20210828,151900,A1,臺中市政府警察局,臺中市北區五常里柳川東路四段 / 臺中市北區五常里五義街,晴,日間自然光線,市區道路,50,交岔路,四岔路,交叉路口,交叉路口內,柏油,乾燥,無缺陷,無障礙物,良好,良好,無號誌,無號誌,無,無分向設施,未繪設車道線,未繪設快慢車道分隔線,無,車與車,路口交岔撞,駕駛人,未依規定讓車,死亡1;受傷0,2,小客車,自用,女,43,戴安全帽或繫安全帶(使用幼童安全椅),未使用,車的狀態,向前直行中,汽車,左前車頭(身),,,駕駛人,未依規定減速,否,120.679461,24.153583
2021,8,20210828,180900,A1,嘉義縣警察局,嘉義縣太保市安仁里太保五路與168線路口,晴,日間自然光線,市區道路,50,單路部分,直路,交叉路口,交叉口附近,柏油,乾燥,無缺陷,無障礙物,良好,良好,行車管制號誌,正常,雙向禁止超車線,無標記,車道線(無標記),未繪設快慢車道分隔線,有,車與車,追撞,駕駛人,未注意車前狀態,死亡1;受傷0,1,小客車,自用,男,46,戴安全帽或繫安全帶(使用幼童安全椅),未使用,車的狀態,向前直行中,汽車,前車頭,,,駕駛人,未注意車前狀態,否,120.299258,23.45909
2021,8,20210828,180900,A1,嘉義縣警察局,嘉義縣太保市安仁里太保五路與168線路口,晴,日間自然光線,市區道路,50,單路部分,直路,交叉路口,交叉口附近,柏油,乾燥,無缺陷,無障礙物,良好,良好,行車管制號誌,正常,雙向禁止超車線,無標記,車道線(無標記),未繪設快慢車道分隔線,有,車與車,追撞,駕駛人,未注意車前狀態,死亡1;受傷0,2,小客車,自用,男,36,戴安全帽或繫安全帶(使用幼童安全椅),未使用,車的狀態,等待(引擎未熄火),汽車,後車尾,,,無(車輛駕駛人因素),尚未發現肇事因素,否,120.299258,23.45909
2021,8,20210829,21500,A1,屏東縣政府警察局,屏東縣新園鄉南興路附近 / 屏東縣新園鄉南進路附近,晴,日間自然光線,省道,60,交岔路,三岔路,路段,路肩、路緣,柏油,乾燥,無缺陷,無障礙物,良好,良好,無號誌,無號誌,雙向禁止超車線,附標記,車道線(附標記),快慢車道分隔線,有,汽(機)車本身,撞護欄(樁),駕駛人,酒醉(後)駕駛失控,死亡1;受傷0,2,,,無或物(動物、堆置物),-1,,,,,,,,,無(非車輛駕駛人因素),尚未發現肇事因素,否,120.461022,22.50241
2021,8,20210829,21500,A1,屏東縣政府警察局,屏東縣新園鄉南興路附近 / 屏東縣新園鄉南進路附近,晴,日間自然光線,省道,60,交岔路,三岔路,路段,路肩、路緣,柏油,乾燥,無缺陷,無障礙物,良好,良好,無號誌,無號誌,雙向禁止超車線,附標記,車道線(附標記),快慢車道分隔線,有,汽(機)車本身,撞護欄(樁),駕駛人,酒醉(後)駕駛失控,死亡1;受傷0,1,機車,普通重型,男,15,戴安全帽或繫安全帶(使用幼童安全椅),未使用,車的狀態,向前直行中,機車,前車頭,,,駕駛人,酒醉(後)駕駛失控,否,120.461022,22.50241
2021,8,20210829,24100,A1,新北市政府警察局,新北市新莊區新北市新莊區中正路84號地藏庵前,晴,夜間(或隧道、地下道、涵洞)有照明,市區道路,50,單路部分,直路,路段,一般車道(未劃分快慢車道),柏油,乾燥,無缺陷,無障礙物,良好,良好,無號誌,無號誌,中央分向島,寛式(50公分以上),車道線(無標記),未繪設快慢車道分隔線,有,汽(機)車本身,其他,駕駛人,酒醉(後)駕駛失控,死亡1;受傷0,2,,,無或物(動物、堆置物),0,,,,,,,,,無(非車輛駕駛人因素),尚未發現肇事因素,否,121.457024,25.037166
2021,8,20210829,24100,A1,新北市政府警察局,新北市新莊區新北市新莊區中正路84號地藏庵前,晴,夜間(或隧道、地下道、涵洞)有照明,市區道路,50,單路部分,直路,路段,一般車道(未劃分快慢車道),柏油,乾燥,無缺陷,無障礙物,良好,良好,無號誌,無號誌,中央分向島,寛式(50公分以上),車道線(無標記),未繪設快慢車道分隔線,有,汽(機)車本身,其他,駕駛人,酒醉(後)駕駛失控,死亡1;受傷0,1,機車,普通重型,男,26,戴安全帽或繫安全帶(使用幼童安全椅),未使用,車的狀態,向前直行中,機車,前車頭,機車,前車頭,駕駛人,酒醉(後)駕駛失控,否,121.457024,25.037166
2021,8,20210829,40600,A1,桃園市政府警察局,桃園市蘆竹區油管路一段(電桿75A90號旁),陰,夜間(或隧道、地下道、涵洞)有照明,其他,50,單路部分,直路,路段,路肩、路緣,柏油,乾燥,無缺陷,無障礙物,良好,良好,無號誌,無號誌,行車分向線,無標記,車道線(無標記),未繪設快慢車道分隔線,無,汽(機)車本身,撞路樹、電桿,駕駛人,未注意車前狀態,死亡1;受傷1,2,,,無或物(動物、堆置物),-1,,,,,,,,,無(非車輛駕駛人因素),尚未發現肇事因素,否,121.29146,25.057937
2021,8,20210829,40600,A1,桃園市政府警察局,桃園市蘆竹區油管路一段(電桿75A90號旁),陰,夜間(或隧道、地下道、涵洞)有照明,其他,50,單路部分,直路,路段,路肩、路緣,柏油,乾燥,無缺陷,無障礙物,良好,良好,無號誌,無號誌,行車分向線,無標記,車道線(無標記),未繪設快慢車道分隔線,無,汽(機)車本身,撞路樹、電桿,駕駛人,未注意車前狀態,死亡1;受傷1,1,機車,普通重型,男,18,戴安全帽或繫安全帶(使用幼童安全椅),未使用,車的狀態,向前直行中,機車,前車頭,,,駕駛人,未注意車前狀態,否,121.29146,25.057937
2021,8,20210829,40600,A1,桃園市政府警察局,桃園市蘆竹區油管路一段(電桿75A90號旁),陰,夜間(或隧道、地下道、涵洞)有照明,其他,50,單路部分,直路,路段,路肩、路緣,柏油,乾燥,無缺陷,無障礙物,良好,良好,無號誌,無號誌,行車分向線,無標記,車道線(無標記),未繪設快慢車道分隔線,無,汽(機)車本身,撞路樹、電桿,駕駛人,未注意車前狀態,死亡1;受傷1,3,人,乘客,女,17,戴安全帽或繫安全帶(使用幼童安全椅),未使用,人的狀態,其他,其他,非汽(機)車,,,無(非車輛駕駛人因素),尚未發現肇事因素,否,121.29146,25.057937
2021,8,20210829,192400,A1,屏東縣政府警察局,屏東縣恆春鎮草潭路217-1號前0.0公尺,晴,日間自然光線,村里道路,50,單路部分,直路,其他,其他,柏油,乾燥,無缺陷,無障礙物,良好,良好,行車管制號誌,正常,雙向禁止超車線,無標記,車道線(附標記),快慢車道分隔線,有,汽(機)車本身,衝出路外,駕駛人,未注意車前狀態,死亡1;受傷0,2,,,無或物(動物、堆置物),-1,,,,,,,,,無(非車輛駕駛人因素),尚未發現肇事因素,否,120.733401,21.974998
2021,8,20210829,192400,A1,屏東縣政府警察局,屏東縣恆春鎮草潭路217-1號前0.0公尺,晴,日間自然光線,村里道路,50,單路部分,直路,其他,其他,柏油,乾燥,無缺陷,無障礙物,良好,良好,行車管制號誌,正常,雙向禁止超車線,無標記,車道線(附標記),快慢車道分隔線,有,汽(機)車本身,衝出路外,駕駛人,未注意車前狀態,死亡1;受傷0,1,機車,普通重型,女,61,戴安全帽或繫安全帶(使用幼童安全椅),未使用,車的狀態,向前直行中,其他,不明,,,駕駛人,未注意車前狀態,否,120.733401,21.974998