發生年度,發生月份,發生日期,發生時間,事故類別名稱,處理單位名稱警局層,發生地點,天候名稱,光線名稱,道路類別-第1當事者-名稱,速限-第1當事者,道路型態大類別名稱,道路型態子類別名稱,事故位置大類別名稱,事故位置子類別名稱,路面狀況-路面鋪裝名稱,路面狀況-路面狀態名稱,路面狀況-路面缺陷名稱,道路障礙-障礙物名稱,道路障礙-視距品質名稱,道路障礙-視距名稱,號誌-號誌種類名稱,號誌-號誌動作名稱,車道劃分設施-分向設施大類別名稱,車道劃分設施-分向設施子類別名稱,車道劃分設施-分道設施-快車道或一般車道間名稱,車道劃分設施-分道設施-快慢車道間名稱,車道劃分設施-分道設施-路面邊線名稱,事故類型及型態大類別名稱,事故類型及型態子類別名稱,肇因研判大類別名稱-主要,肇因研判子類別名稱-主要,死亡受傷人數,當事者順位,當事者區分-類別-大類別名稱-車種,當事者區分-類別-子類別名稱-車種,當事者屬-性-別名稱,當事者事故發生時年齡,保護裝備名稱,行動電話或電腦或其他相類功能裝置名稱,當事者行動狀態大類別名稱,當事者行動狀態子類別名稱,車輛撞擊部位大類別名稱-最初,車輛撞擊部位子類別名稱-最初,車輛撞擊部位大類別名稱-其他,車輛撞擊部位子類別名稱-其他,肇因研判大類別名稱-個別,肇因研判子類別名稱-個別,肇事逃逸類別名稱-是否肇逃,經度,緯度
2021,9,20210914,112727,A1,桃園市政府警察局,桃園市楊梅區中山南路口 / 桃園市楊梅區中山南路,晴,日間自然光線,市區道路,70,交岔路,三岔路,交叉路口,交叉路口內,柏油,乾燥,無缺陷,無障礙物,良好,良好,無號誌,無號誌,無,無分向設施,未繪設車道線,未繪設快慢車道分隔線,無,車與車,側撞,駕駛人,迴轉未依規定,死亡1;受傷1,3,人,乘客,女,61,未戴案全帽或未繫安全帶(未使用幼童安全椅),非駕駛人,人的狀態,其他,其他,不明,,,無(非車輛駕駛人因素),尚未發現肇事因素,否,121.116272,24.897993
2021,9,20210914,112727,A1,桃園市政府警察局,桃園市楊梅區中山南路口 / 桃園市楊梅區中山南路,晴,日間自然光線,市區道路,70,交岔路,三岔路,交叉路口,交叉路口內,柏油,乾燥,無缺陷,無障礙物,良好,良好,無號誌,無號誌,無,無分向設施,未繪設車道線,未繪設快慢車道分隔線,無,車與車,側撞,駕駛人,迴轉未依規定,死亡1;受傷1,4,人,乘客,女,29,未戴案全帽或未繫安全帶(未使用幼童安全椅),非駕駛人,人的狀態,其他,其他,不明,,,無(非車輛駕駛人因素),尚未發現肇事因素,否,121.116272,24.897993
2021,9,20210914,112727,A1,桃園市政府警察局,桃園市楊梅區中山南路口 / 桃園市楊梅區中山南路,晴,日間自然光線,市區道路,70,交岔路,三岔路,交叉路口,交叉路口內,柏油,乾燥,無缺陷,無障礙物,良好,良好,無號誌,無號誌,無,無分向設施,未繪設車道線,未繪設快慢車道分隔線,無,車與車,側撞,駕駛人,迴轉未依規定,死亡1;受傷1,1,小客車,自用,男,27,戴安全帽或繫安全帶(使用幼童安全椅),未使用,車的狀態,迴轉或橫越道路中,汽車,前車頭,汽車,右前車頭(身),駕駛人,迴轉未依規定,否,121.116272,24.897993
2021,9,20210914,112727,A1,桃園市政府警察局,桃園市楊梅區中山南路口 / 桃園市楊梅區中山南路,晴,日間自然光線,市區道路,70,交岔路,三岔路,交叉路口,交叉路口內,柏油,乾燥,無缺陷,無障礙物,良好,良好,無號誌,無號誌,無,無分向設施,未繪設車道線,未繪設快慢車道分隔線,無,車與車,側撞,駕駛人,迴轉未依規定,死亡1;受傷1,2,小客車,自用,男,30,未戴案全帽或未繫安全帶(未使用幼童安全椅),未使用,車的狀態,向前直行中,汽車,前車頭,汽車,左前車頭(身),駕駛人,未依規定減速,否,121.116272,24.897993
2021,9,20210914,152213,A1,南投縣政府警察局,南投縣南投市投139乙線往賞鷹步道180公尺處,晴,日間自然光線,專用道路,30,單路部分,坡路,路段,一般車道(未劃分快慢車道),水泥,乾燥,無缺陷,無障礙物,不良,坡道,無號誌,無號誌,無,無分向設施,未繪設車道線,未繪設快慢車道分隔線,無,汽(機)車本身,路上翻車、摔倒,機件,煞車失靈,死亡1;受傷0,2,,,無或物(動物、堆置物),-1,,,,,,,,,無(非車輛駕駛人因素),尚未發現肇事因素,否,120.634796,23.896983
2021,9,20210914,152213,A1,南投縣政府警察局,南投縣南投市投139乙線往賞鷹步道180公尺處,晴,日間自然光線,專用道路,30,單路部分,坡路,路段,一般車道(未劃分快慢車道),水泥,乾燥,無缺陷,無障礙物,不良,坡道,無號誌,無號誌,無,無分向設施,未繪設車道線,未繪設快慢車道分隔線,無,汽(機)車本身,路上翻車、摔倒,機件,煞車失靈,死亡1;受傷0,1,慢車,腳踏自行車,男,79,其他(無需使用保護裝備之人),未使用,車的狀態,向前直行中,其他,非汽(機)車,,,機件,煞車失靈,否,120.634796,23.896983
2021,9,20210914,153800,A1,屏東縣政府警察局,屏東縣枋山鄉台1線 455公里100.0公尺處北側,晴,日間自然光線,省道,70,交岔路,三岔路,交叉路口,交叉路口內,柏油,乾燥,無缺陷,無障礙物,良好,良好,無號誌,無號誌,中央分向島,寛式(50公分以上),車道線(附標記),快慢車道分隔線,有,車與車,側撞,駕駛人,未依規定讓車,死亡1;受傷0,1,機車,普通重型,女,73,戴安全帽或繫安全帶(使用幼童安全椅),未使用,車的狀態,左轉彎,機車,右側車身,,,駕駛人,未依規定讓車,否,120.652989,22.261031
2021,9,20210914,153800,A1,屏東縣政府警察局,屏東縣枋山鄉台1線 455公里100.0公尺處北側,晴,日間自然光線,省道,70,交岔路,三岔路,交叉路口,交叉路口內,柏油,乾燥,無缺陷,無障礙物,良好,良好,無號誌,無號誌,中央分向島,寛式(50公分以上),車道線(附標記),快慢車道分隔線,有,車與車,側撞,駕駛人,未依規定讓車,死亡1;受傷0,2,小客車,自用,男,31,戴安全帽或繫安全帶(使用幼童安全椅),未使用,車的狀態,向前直行中,汽車,左前車頭(身),,,駕駛人,未注意車前狀態,否,120.652989,22.261031
2021,9,20210914,165700,A1,苗栗縣警察局,苗栗縣銅鑼鄉新興路、銅鑼交流道東引道口,晴,日間自然光線,縣道,40,交岔路,三岔路,交叉路口,交叉路口內,柏油,乾燥,無缺陷,無障礙物,良好,良好,行車管制號誌,正常,無,無分向設施,禁止變換車道線(無標記),未繪設快慢車道分隔線,有,車與車,路口交岔撞,其他,不明原因肇事,死亡2;受傷0,4,,,無或物(動物、堆置物),-1,,,,,,,,,無(非車輛駕駛人因素),尚未發現肇事因素,否,120.793742,24.483288
2021,9,20210914,165700,A1,苗栗縣警察局,苗栗縣銅鑼鄉新興路、銅鑼交流道東引道口,晴,日間自然光線,縣道,40,交岔路,三岔路,交叉路口,交叉路口內,柏油,乾燥,無缺陷,無障礙物,良好,良好,行車管制號誌,正常,無,無分向設施,禁止變換車道線(無標記),未繪設快慢車道分隔線,有,車與車,路口交岔撞,其他,不明原因肇事,死亡2;受傷0,5,,,無或物(動物、堆置物),-1,,,,,,,,,無(非車輛駕駛人因素),尚未發現肇事因素,否,120.793742,24.483288
2021,9,20210914,165700,A1,苗栗縣警察局,苗栗縣銅鑼鄉新興路、銅鑼交流道東引道口,晴,日間自然光線,縣道,40,交岔路,三岔路,交叉路口,交叉路口內,柏油,乾燥,無缺陷,無障礙物,良好,良好,行車管制號誌,正常,無,無分向設施,禁止變換車道線(無標記),未繪設快慢車道分隔線,有,車與車,路口交岔撞,其他,不明原因肇事,死亡2;受傷0,6,,,無或物(動物、堆置物),-1,,,,,,,,,無(非車輛駕駛人因素),尚未發現肇事因素,否,120.793742,24.483288
2021,9,20210914,165700,A1,苗栗縣警察局,苗栗縣銅鑼鄉新興路、銅鑼交流道東引道口,晴,日間自然光線,縣道,40,交岔路,三岔路,交叉路口,交叉路口內,柏油,乾燥,無缺陷,無障礙物,良好,良好,行車管制號誌,正常,無,無分向設施,禁止變換車道線(無標記),未繪設快慢車道分隔線,有,車與車,路口交岔撞,其他,不明原因肇事,死亡2;受傷0,1,大貨車,營業用,男,56,不明,不明,車的狀態,向前直行中,汽車,前車頭,,,其他,不明原因肇事,否,120.793742,24.483288
2021,9,20210914,165700,A1,苗栗縣警察局,苗栗縣銅鑼鄉新興路、銅鑼交流道東引道口,晴,日間自然光線,縣道,40,交岔路,三岔路,交叉路口,交叉路口內,柏油,乾燥,無缺陷,無障礙物,良好,良好,行車管制號誌,正常,無,無分向設施,禁止變換車道線(無標記),未繪設快慢車道分隔線,有,車與車,路口交岔撞,其他,不明原因肇事,死亡2;受傷0,2,機車,普通重型,女,43,戴安全帽或繫安全帶(使用幼童安全椅),不明,車的狀態,向前直行中,機車,左側車身,,,無(車輛駕駛人因素),尚未發現肇事因素,否,120.793742,24.483288
2021,9,20210914,165700,A1,苗栗縣警察局,苗栗縣銅鑼鄉新興路、銅鑼交流道東引道口,晴,日間自然光線,縣道,40,交岔路,三岔路,交叉路口,交叉路口內,柏油,乾燥,無缺陷,無障礙物,良好,良好,行車管制號誌,正常,無,無分向設施,禁止變換車道線(無標記),未繪設快慢車道分隔線,有,車與車,路口交岔撞,其他,不明原因肇事,死亡2;受傷0,3,人,其他人,無或物(動物、堆置物),-1,其他(無需使用保護裝備之人),非駕駛人,人的狀態,不明,其他,非汽(機)車,,,無(非車輛駕駛人因素),尚未發現肇事因素,否,120.793742,24.483288
2021,9,20210915,70100,A1,彰化縣警察局,彰化縣彰化市五權里金馬路3段 / 彰化縣彰化市五權里彰和路1段,晴,日間自然光線,市區道路,50,交岔路,四岔路,交叉路口,交叉路口內,柏油,乾燥,無缺陷,無障礙物,良好,良好,行車管制號誌,正常,中央分向島,寛式(50公分以上),車道線(無標記),快慢車道分隔線,有,車與車,側撞,駕駛人,違反特定標誌(線)禁制,死亡1;受傷0,2,小客車,自用,男,49,戴安全帽或繫安全帶(使用幼童安全椅),未使用,車的狀態,左轉彎,汽車,前車頭,,,駕駛人,未注意車前狀態,否,120.535289,24.090067
2021,9,20210915,70100,A1,彰化縣警察局,彰化縣彰化市五權里金馬路3段 / 彰化縣彰化市五權里彰和路1段,晴,日間自然光線,市區道路,50,交岔路,四岔路,交叉路口,交叉路口內,柏油,乾燥,無缺陷,無障礙物,良好,良好,行車管制號誌,正常,中央分向島,寛式(50公分以上),車道線(無標記),快慢車道分隔線,有,車與車,側撞,駕駛人,違反特定標誌(線)禁制,死亡1;受傷0,1,機車,普通重型,男,66,戴安全帽或繫安全帶(使用幼童安全椅),未使用,車的狀態,左轉彎,機車,左側車身,機車,右側車身,駕駛人,違反特定標誌(線)禁制,否,120.535289,24.090067
2021,9,20210915,94500,A1,臺南市政府警察局,臺南市西港區港東里八份1之8號北側(八份高幹15電桿),晴,日間自然光線,市區道路,50,單路部分,直路,路段,路肩、路緣,柏油,乾燥,無缺陷,無障礙物,良好,良好,無號誌,無號誌,行車分向線,無標記,未繪設車道線,未繪設快慢車道分隔線,有,汽(機)車本身,撞路樹、電桿,其他,不明原因肇事,死亡1;受傷0,2,,,無或物(動物、堆置物),-1,,,,,,,,,無(非車輛駕駛人因素),尚未發現肇事因素,否,120.214781,23.127664
2021,9,20210915,94500,A1,臺南市政府警察局,臺南市西港區港東里八份1之8號北側(八份高幹15電桿),晴,日間自然光線,市區道路,50,單路部分,直路,路段,路肩、路緣,柏油,乾燥,無缺陷,無障礙物,良好,良好,無號誌,無號誌,行車分向線,無標記,未繪設車道線,未繪設快慢車道分隔線,有,汽(機)車本身,撞路樹、電桿,其他,不明原因肇事,死亡1;受傷0,1,小客車,自用,女,43,不明,不明,車的狀態,向前直行中,汽車,前車頭,汽車,前車頭,其他,不明原因肇事,否,120.214781,23.127664
2021,9,20210915,130600,A1,臺南市政府警察局,臺南市善化區坐駕里中正路66巷與坐駕里里內道路路口(路燈編號423256附近),晴,日間自然光線,村里道路,30,交岔路,四岔路,交叉路口,交叉路口內,柏油,乾燥,無缺陷,無障礙物,良好,良好,無號誌,無號誌,無,無分向設施,未繪設車道線,未繪設快慢車道分隔線,無,車與車,路口交岔撞,駕駛人,未依規定讓車,死亡1;受傷1,1,機車,普通重型,女,37,戴安全帽或繫安全帶(使用幼童安全椅),未使用,車的狀態,向前直行中,機車,前車頭,,,駕駛人,未依規定讓車,否,120.298151,23.120857
2021,9,20210915,130600,A1,臺南市政府警察局,臺南市善化區坐駕里中正路66巷與坐駕里里內道路路口(路燈編號423256附近),晴,日間自然光線,村里道路,30,交岔路,四岔路,交叉路口,交叉路口內,柏油,乾燥,無缺陷,無障礙物,良好,良好,無號誌,無號誌,無,無分向設施,未繪設車道線,未繪設快慢車道分隔線,無,車與車,路口交岔撞,駕駛人,未依規定讓車,死亡1;受傷1,2,小貨車(含客、貨兩用),自用,男,34,戴安全帽或繫安全帶(使用幼童安全椅),未使用,車的狀態,向前直行中,汽車,前車頭,,,駕駛人,未依規定減速,否,120.298151,23.120857
2021,9,20210915,193000,A1,雲林縣警察局,雲林縣臺西鄉海口村台17線海口橋(路燈035959),晴,夜間(或隧道、地下道、涵洞)有照明,省道,30,交岔路,四岔路,交叉路口,交叉路口內,柏油,乾燥,無缺陷,無障礙物,良好,良好,無號誌,無號誌,無,無分向設施,未繪設車道線,未繪設快慢車道分隔線,無,車與車,路口交岔撞,其他,不明原因肇事,死亡1;受傷0,1,小客車,自用,男,33,不明,不明,車的狀態,向前直行中,汽車,左後車尾(身),,,其他,不明原因肇事,是,120.19023,23.719994
2021,9,20210915,193000,A1,雲林縣警察局,雲林縣臺西鄉海口村台17線海口橋(路燈035959),晴,夜間(或隧道、地下道、涵洞)有照明,省道,30,交岔路,四岔路,交叉路口,交叉路口內,柏油,乾燥,無缺陷,無障礙物,良好,良好,無號誌,無號誌,無,無分向設施,未繪設車道線,未繪設快慢車道分隔線,無,車與車,路口交岔撞,其他,不明原因肇事,死亡1;受傷0,2,機車,普通重型,男,26,戴安全帽或繫安全帶(使用幼童安全椅),不明,車的狀態,向前直行中,機車,前車頭,,,其他,不明原因肇事,否,120.19023,23.719994
2021,9,20210916,70623,A1,嘉義縣警察局,嘉義縣布袋鎮中安里台17線124.8公里處往北,晴,日間自然光線,省道,40,單路部分,直路,路段,路肩、路緣,柏油,乾燥,無缺陷,無障礙物,良好,良好,無號誌,無號誌,行車分向線,無標記,未繪設車道線,快慢車道分隔線,有,汽(機)車本身,撞路樹、電桿,駕駛人,未注意車前狀態,死亡1;受傷0,2,,,無或物(動物、堆置物),-1,,,,,,,,,無(非車輛駕駛人因素),尚未發現肇事因素,否,120.176737,23.410182
2021,9,20210916,70623,A1,嘉義縣警察局,嘉義縣布袋鎮中安里台17線124.8公里處往北,晴,日間自然光線,省道,40,單路部分,直路,路段,路肩、路緣,柏油,乾燥,無缺陷,無障礙物,良好,良好,無號誌,無號誌,行車分向線,無標記,未繪設車道線,快慢車道分隔線,有,汽(機)車本身,撞路樹、電桿,駕駛人,未注意車前狀態,死亡1;受傷0,1,機車,普通重型,男,43,戴安全帽或繫安全帶(使用幼童安全椅),未使用,車的狀態,向前直行中,機車,前車頭,,,駕駛人,未注意車前狀態,否,120.176737,23.410182
2021,9,20210916,95000,A1,臺北市政府警察局,臺北市中正區羅斯福路1段41號前0.0公尺,晴,日間自然光線,市區道路,40,單路部分,直路,路段,一般車道(未劃分快慢車道),柏油,乾燥,無缺陷,無障礙物,良好,良好,無號誌,無號誌,中央分向島,窄式無柵欄,車道線(無標記),快慢車道分隔線,無,汽(機)車本身,路上翻車、摔倒,其他,不明原因肇事,死亡1;受傷0,2,,,無或物(動物、堆置物),0,,,,,,,,,無(非車輛駕駛人因素),尚未發現肇事因素,否,121.518875,25.032122
2021,9,20210916,95000,A1,臺北市政府警察局,臺北市中正區羅斯福路1段41號前0.0公尺,晴,日間自然光線,市區道路,40,單路部分,直路,路段,一般車道(未劃分快慢車道),柏油,乾燥,無缺陷,無障礙物,良好,良好,無號誌,無號誌,中央分向島,窄式無柵欄,車道線(無標記),快慢車道分隔線,無,汽(機)車本身,路上翻車、摔倒,其他,不明原因肇事,死亡1;受傷0,1,慢車,電動輔助自行車,男,66,其他(無需使用保護裝備之人),未使用,車的狀態,向前直行中,其他,非汽(機)車,其他,非汽(機)車,其他,不明原因肇事,否,121.518875,25.032122
2021,9,20210916,115500,A1,臺中市政府警察局,臺中市新社區福興里豐埔公路前0.0公尺,晴,日間自然光線,市區道路,40,單路部分,彎曲路及附近,路段,一般車道(未劃分快慢車道),柏油,乾燥,無缺陷,無障礙物,良好,良好,無號誌,無號誌,雙向禁止超車線,無標記,車道線(無標記),未繪設快慢車道分隔線,有,車與車,對撞,駕駛人,違反特定標誌(線)禁制,死亡1;受傷1,1,機車,普通輕型,男,20,戴安全帽或繫安全帶(使用幼童安全椅),未使用,車的狀態,向前直行中,機車,前車頭,,,駕駛人,違反特定標誌(線)禁制,否,120.889295,24.113536
2021,9,20210916,115500,A1,臺中市政府警察局,臺中市新社區福興里豐埔公路前0.0公尺,晴,日間自然光線,市區道路,40,單路部分,彎曲路及附近,路段,一般車道(未劃分快慢車道),柏油,乾燥,無缺陷,無障礙物,良好,良好,無號誌,無號誌,雙向禁止超車線,無標記,車道線(無標記),未繪設快慢車道分隔線,有,車與車,對撞,駕駛人,違反特定標誌(線)禁制,死亡1;受傷1,2,機車,大型重型1(550C.C.以上),男,37,戴安全帽或繫安全帶(使用幼童安全椅),未使用,車的狀態,向前直行中,機車,前車頭,,,其他,其他引起事故之違規或不當行為,否,120.889295,24.113536
2021,9,20210917,3500,A1,桃園市政府警察局,桃園市觀音區台66線 300.0公尺處東側向外側,晴,夜間(或隧道、地下道、涵洞)無照明,省道,80,單路部分,直路,路段,一般車道(未劃分快慢車道),柏油,乾燥,無缺陷,無障礙物,良好,良好,無號誌,無號誌,中央分向島,寛式(50公分以上),車道線(無標記),快慢車道分隔線,有,車與車,其他,駕駛人,超速失控,死亡2;受傷4,2,小客車,自用,男,36,不明,不明,車的狀態,其他,汽車,左側車身,汽車,右側車身,其他,違規停車或暫停不當而肇事,否,121.055273,25.028388
2021,9,20210917,3500,A1,桃園市政府警察局,桃園市觀音區台66線 300.0公尺處東側向外側,晴,夜間(或隧道、地下道、涵洞)無照明,省道,80,單路部分,直路,路段,一般車道(未劃分快慢車道),柏油,乾燥,無缺陷,無障礙物,良好,良好,無號誌,無號誌,中央分向島,寛式(50公分以上),車道線(無標記),快慢車道分隔線,有,車與車,其他,駕駛人,超速失控,死亡2;受傷4,3,小客車,自用,男,25,不明,不明,車的狀態,其他,汽車,左側車身,汽車,右側車身,其他,違規停車或暫停不當而肇事,否,121.055273,25.028388
2021,9,20210917,3500,A1,桃園市政府警察局,桃園市觀音區台66線 300.0公尺處東側向外側,晴,夜間(或隧道、地下道、涵洞)無照明,省道,80,單路部分,直路,路段,一般車道(未劃分快慢車道),柏油,乾燥,無缺陷,無障礙物,良好,良好,無號誌,無號誌,中央分向島,寛式(50公分以上),車道線(無標記),快慢車道分隔線,有,車與車,其他,駕駛人,超速失控,死亡2;受傷4,4,小客車,自用,男,27,不明,不明,車的狀態,其他,汽車,左側車身,汽車,右側車身,其他,違規停車或暫停不當而肇事,否,121.055273,25.028388
2021,9,20210917,3500,A1,桃園市政府警察局,桃園市觀音區台66線 300.0公尺處東側向外側,晴,夜間(或隧道、地下道、涵洞)無照明,省道,80,單路部分,直路,路段,一般車道(未劃分快慢車道),柏油,乾燥,無缺陷,無障礙物,良好,良好,無號誌,無號誌,中央分向島,寛式(50公分以上),車道線(無標記),快慢車道分隔線,有,車與車,其他,駕駛人,超速失控,死亡2;受傷4,6,人,行人,男,28,其他(無需使用保護裝備之人),非駕駛人,人的狀態,步行,其他,非汽(機)車,,,行人(或乘客),其他引起事故之疏失或行為,否,121.055273,25.028388
2021,9,20210917,3500,A1,桃園市政府警察局,桃園市觀音區台66線 300.0公尺處東側向外側,晴,夜間(或隧道、地下道、涵洞)無照明,省道,80,單路部分,直路,路段,一般車道(未劃分快慢車道),柏油,乾燥,無缺陷,無障礙物,良好,良好,無號誌,無號誌,中央分向島,寛式(50公分以上),車道線(無標記),快慢車道分隔線,有,車與車,其他,駕駛人,超速失控,死亡2;受傷4,1,小客車,自用,男,34,戴安全帽或繫安全帶(使用幼童安全椅),未使用,車的狀態,向前直行中,汽車,後車尾,汽車,右側車身,駕駛人,超速失控,否,121.055273,25.028388
2021,9,20210917,3500,A1,桃園市政府警察局,桃園市觀音區台66線 300.0公尺處東側向外側,晴,夜間(或隧道、地下道、涵洞)無照明,省道,80,單路部分,直路,路段,一般車道(未劃分快慢車道),柏油,乾燥,無缺陷,無障礙物,良好,良好,無號誌,無號誌,中央分向島,寛式(50公分以上),車道線(無標記),快慢車道分隔線,有,車與車,其他,駕駛人,超速失控,死亡2;受傷4,7,人,乘客,女,21,未戴案全帽或未繫安全帶(未使用幼童安全椅),非駕駛人,人的狀態,其他,其他,非汽(機)車,,,無(非車輛駕駛人因素),尚未發現肇事因素,否,121.055273,25.028388
2021,9,20210917,3500,A1,桃園市政府警察局,桃園市觀音區台66線 300.0公尺處東側向外側,晴,夜間(或隧道、地下道、涵洞)無照明,省道,80,單路部分,直路,路段,一般車道(未劃分快慢車道),柏油,乾燥,無缺陷,無障礙物,良好,良好,無號誌,無號誌,中央分向島,寛式(50公分以上),車道線(無標記),快慢車道分隔線,有,車與車,其他,駕駛人,超速失控,死亡2;受傷4,5,小客車,自用,男,28,未戴案全帽或未繫安全帶(未使用幼童安全椅),使用免持或未有礙駕駛安全,車的狀態,等待(引擎未熄火),汽車,左前車頭(身),,,其他,違規停車或暫停不當而肇事,否,121.055273,25.028388
2021,9,20210917,72500,A1,臺北市政府警察局,臺北市中山區中山橋前0.0公尺,晴,日間自然光線,市區道路,25,單路部分,橋樑,路段,一般車道(未劃分快慢車道),柏油,乾燥,無缺陷,無障礙物,良好,良好,無號誌,無號誌,中央分向島,寛式(50公分以上),車道線(無標記),未繪設快慢車道分隔線,無,車與車,追撞,駕駛人,變換車道或方向不當,死亡1;受傷0,1,機車,普通重型,男,26,戴安全帽或繫安全帶(使用幼童安全椅),不明,車的狀態,向左變換車道,機車,前車頭,機車,前車頭,駕駛人,變換車道或方向不當,否,121.525188,25.074347
2021,9,20210917,72500,A1,臺北市政府警察局,臺北市中山區中山橋前0.0公尺,晴,日間自然光線,市區道路,25,單路部分,橋樑,路段,一般車道(未劃分快慢車道),柏油,乾燥,無缺陷,無障礙物,良好,良好,無號誌,無號誌,中央分向島,寛式(50公分以上),車道線(無標記),未繪設快慢車道分隔線,無,車與車,追撞,駕駛人,變換車道或方向不當,死亡1;受傷0,2,慢車,腳踏自行車,男,73,其他(無需使用保護裝備之人),非駕駛人,車的狀態,向前直行中,其他,非汽(機)車,其他,非汽(機)車,無(車輛駕駛人因素),尚未發現肇事因素,否,121.525188,25.074347
2021,9,20210918,81142,A1,苗栗縣警察局,苗栗縣三灣鄉台三線南下103公里處,晴,日間自然光線,其他,60,單路部分,彎曲路及附近,路段,一般車道(未劃分快慢車道),柏油,乾燥,無缺陷,無障礙物,良好,良好,無號誌,無號誌,行車分向線,附標記,車道線(附標記),未繪設快慢車道分隔線,有,汽(機)車本身,路上翻車、摔倒,駕駛人,超速失控,死亡1;受傷0,2,,,無或物(動物、堆置物),-1,,,,,,,,,無(非車輛駕駛人因素),尚未發現肇事因素,否,120.950057,24.615884
2021,9,20210918,81142,A1,苗栗縣警察局,苗栗縣三灣鄉台三線南下103公里處,晴,日間自然光線,其他,60,單路部分,彎曲路及附近,路段,一般車道(未劃分快慢車道),柏油,乾燥,無缺陷,無障礙物,良好,良好,無號誌,無號誌,行車分向線,附標記,車道線(附標記),未繪設快慢車道分隔線,有,汽(機)車本身,路上翻車、摔倒,駕駛人,超速失控,死亡1;受傷0,1,機車,大型重型1(550C.C.以上),男,50,戴安全帽或繫安全帶(使用幼童安全椅),未使用,車的狀態,左轉彎,機車,前車頭,,,駕駛人,超速失控,否,120.950057,24.615884
2021,9,20210918,94500,A1,高雄市政府警察局,高雄市旗山區延平二路 / 高雄市旗山區東圳巷,晴,日間自然光線,市區道路,60,交岔路,三岔路,交叉路口,交叉路口內,柏油,乾燥,無缺陷,無障礙物,良好,良好,無號誌,無號誌,雙向禁止超車線,無標記,未繪設車道線,未繪設快慢車道分隔線,有,人與汽(機)車,穿越道路中,行人(或乘客),未依規定行走行人穿越道、地下道、天橋而穿越道路,死亡1;受傷1,2,小貨車(含客、貨兩用),自用,女,24,戴安全帽或繫安全帶(使用幼童安全椅),未使用,車的狀態,向前直行中,汽車,前車頭,汽車,前車頭,駕駛人,未注意車前狀態,否,120.49775,22.883609
2021,9,20210918,94500,A1,高雄市政府警察局,高雄市旗山區延平二路 / 高雄市旗山區東圳巷,晴,日間自然光線,市區道路,60,交岔路,三岔路,交叉路口,交叉路口內,柏油,乾燥,無缺陷,無障礙物,良好,良好,無號誌,無號誌,雙向禁止超車線,無標記,未繪設車道線,未繪設快慢車道分隔線,有,人與汽(機)車,穿越道路中,行人(或乘客),未依規定行走行人穿越道、地下道、天橋而穿越道路,死亡1;受傷1,1,人,行人,男,82,其他(無需使用保護裝備之人),非駕駛人,人的狀態,步行,其他,非汽(機)車,其他,非汽(機)車,行人(或乘客),未依規定行走行人穿越道、地下道、天橋而穿越道路,否,120.49775,22.883609
2021,9,20210918,112000,A1,高雄市政府警察局,高雄市美濃區吉山 / 高雄市美濃區吉山,晴,日間自然光線,市區道路,40,交岔路,四岔路,交叉路口,交叉路口內,柏油,乾燥,無缺陷,無障礙物,良好,良好,無號誌,無號誌,無,無分向設施,未繪設車道線,未繪設快慢車道分隔線,有,車與車,路口交岔撞,駕駛人,未依規定讓車,死亡1;受傷0,1,機車,普通重型,女,58,戴安全帽或繫安全帶(使用幼童安全椅),未使用,車的狀態,向前直行中,機車,右側車身,機車,右側車身,駕駛人,未依規定讓車,否,120.553,22.85412
2021,9,20210918,112000,A1,高雄市政府警察局,高雄市美濃區吉山 / 高雄市美濃區吉山,晴,日間自然光線,市區道路,40,交岔路,四岔路,交叉路口,交叉路口內,柏油,乾燥,無缺陷,無障礙物,良好,良好,無號誌,無號誌,無,無分向設施,未繪設車道線,未繪設快慢車道分隔線,有,車與車,路口交岔撞,駕駛人,未依規定讓車,死亡1;受傷0,2,小貨車(含客、貨兩用),自用,男,29,戴安全帽或繫安全帶(使用幼童安全椅),未使用,車的狀態,向前直行中,汽車,前車頭,汽車,前車頭,駕駛人,未依規定減速,否,120.553,22.85412
2021,9,20210918,164900,A1,屏東縣政府警察局,屏東縣里港鄉舊鐵道路和產業道路,晴,日間自然光線,村里道路,40,交岔路,四岔路,交叉路口,交叉路口內,柏油,乾燥,無缺陷,無障礙物,良好,良好,無號誌,無號誌,無,無分向設施,未繪設車道線,未繪設快慢車道分隔線,有,車與車,路口交岔撞,駕駛人,未依規定讓車,死亡1;受傷1,2,機車,普通重型,男,70,戴安全帽或繫安全帶(使用幼童安全椅),未使用,車的狀態,向前直行中,機車,左側車身,,,駕駛人,未注意車前狀態,否,120.532576,22.777365
2021,9,20210918,164900,A1,屏東縣政府警察局,屏東縣里港鄉舊鐵道路和產業道路,晴,日間自然光線,村里道路,40,交岔路,四岔路,交叉路口,交叉路口內,柏油,乾燥,無缺陷,無障礙物,良好,良好,無號誌,無號誌,無,無分向設施,未繪設車道線,未繪設快慢車道分隔線,有,車與車,路口交岔撞,駕駛人,未依規定讓車,死亡1;受傷1,3,人,乘客,女,70,戴安全帽或繫安全帶(使用幼童安全椅),非駕駛人,人的狀態,其他,其他,非汽(機)車,,,無(非車輛駕駛人因素),尚未發現肇事因素,否,120.532576,22.777365