發生年度,發生月份,發生日期,發生時間,事故類別名稱,處理單位名稱警局層,發生地點,天候名稱,光線名稱,道路類別-第1當事者-名稱,速限-第1當事者,道路型態大類別名稱,道路型態子類別名稱,事故位置大類別名稱,事故位置子類別名稱,路面狀況-路面鋪裝名稱,路面狀況-路面狀態名稱,路面狀況-路面缺陷名稱,道路障礙-障礙物名稱,道路障礙-視距品質名稱,道路障礙-視距名稱,號誌-號誌種類名稱,號誌-號誌動作名稱,車道劃分設施-分向設施大類別名稱,車道劃分設施-分向設施子類別名稱,車道劃分設施-分道設施-快車道或一般車道間名稱,車道劃分設施-分道設施-快慢車道間名稱,車道劃分設施-分道設施-路面邊線名稱,事故類型及型態大類別名稱,事故類型及型態子類別名稱,肇因研判大類別名稱-主要,肇因研判子類別名稱-主要,死亡受傷人數,當事者順位,當事者區分-類別-大類別名稱-車種,當事者區分-類別-子類別名稱-車種,當事者屬-性-別名稱,當事者事故發生時年齡,保護裝備名稱,行動電話或電腦或其他相類功能裝置名稱,當事者行動狀態大類別名稱,當事者行動狀態子類別名稱,車輛撞擊部位大類別名稱-最初,車輛撞擊部位子類別名稱-最初,車輛撞擊部位大類別名稱-其他,車輛撞擊部位子類別名稱-其他,肇因研判大類別名稱-個別,肇因研判子類別名稱-個別,肇事逃逸類別名稱-是否肇逃,經度,緯度
2021,9,20210929,110500,A1,新北市政府警察局,新北市中和區和城路1段 / 新北市中和區中正路,晴,日間自然光線,市區道路,50,交岔路,三岔路,交叉路口,交叉路口內,柏油,乾燥,無缺陷,無障礙物,良好,良好,行車管制號誌,正常,中央分向島,寛式(50公分以上),未繪設車道線,未繪設快慢車道分隔線,有,車與車,側撞,駕駛人,違反號誌管制或指揮,死亡1;受傷0,2,機車,普通重型,男,37,不明,不明,車的狀態,向前直行中,機車,前車頭,機車,前車頭,駕駛人,未注意車前狀態,否,121.485198,24.993454
2021,9,20210929,110500,A1,新北市政府警察局,新北市中和區和城路1段 / 新北市中和區中正路,晴,日間自然光線,市區道路,50,交岔路,三岔路,交叉路口,交叉路口內,柏油,乾燥,無缺陷,無障礙物,良好,良好,行車管制號誌,正常,中央分向島,寛式(50公分以上),未繪設車道線,未繪設快慢車道分隔線,有,車與車,側撞,駕駛人,違反號誌管制或指揮,死亡1;受傷0,1,小客車,自用,女,52,不明,不明,車的狀態,左轉彎,汽車,右側車身,汽車,右側車身,駕駛人,違反號誌管制或指揮,否,121.485198,24.993454
2021,9,20210929,180000,A1,高雄市政府警察局,高雄市小港區沿海二路山明1012路燈號前0.0公尺,晴,夜間(或隧道、地下道、涵洞)有照明,市區道路,60,單路部分,直路,路段,快車道,柏油,乾燥,無缺陷,無障礙物,良好,良好,無號誌,無號誌,中央分向島,寛式(50公分以上),車道線(附標記),窄式快慢車道分隔島(無柵欄),無,車與車,追撞,駕駛人,未注意車前狀態,死亡1;受傷2,1,半聯結車,營業用,男,32,戴安全帽或繫安全帶(使用幼童安全椅),未使用,車的狀態,向前直行中,汽車,前車頭,汽車,前車頭,駕駛人,未注意車前狀態,否,120.364441,22.551337
2021,9,20210929,180000,A1,高雄市政府警察局,高雄市小港區沿海二路山明1012路燈號前0.0公尺,晴,夜間(或隧道、地下道、涵洞)有照明,市區道路,60,單路部分,直路,路段,快車道,柏油,乾燥,無缺陷,無障礙物,良好,良好,無號誌,無號誌,中央分向島,寛式(50公分以上),車道線(附標記),窄式快慢車道分隔島(無柵欄),無,車與車,追撞,駕駛人,未注意車前狀態,死亡1;受傷2,2,小客車,租賃車,男,28,戴安全帽或繫安全帶(使用幼童安全椅),未使用,車的狀態,等待(引擎未熄火),汽車,後車尾,汽車,前車頭,無(車輛駕駛人因素),尚未發現肇事因素,否,120.364441,22.551337
2021,9,20210929,180000,A1,高雄市政府警察局,高雄市小港區沿海二路山明1012路燈號前0.0公尺,晴,夜間(或隧道、地下道、涵洞)有照明,市區道路,60,單路部分,直路,路段,快車道,柏油,乾燥,無缺陷,無障礙物,良好,良好,無號誌,無號誌,中央分向島,寛式(50公分以上),車道線(附標記),窄式快慢車道分隔島(無柵欄),無,車與車,追撞,駕駛人,未注意車前狀態,死亡1;受傷2,3,半聯結車,營業用,男,61,戴安全帽或繫安全帶(使用幼童安全椅),未使用,車的狀態,等待(引擎未熄火),汽車,後車尾,汽車,前車頭,無(車輛駕駛人因素),尚未發現肇事因素,否,120.364441,22.551337
2021,9,20210929,180000,A1,高雄市政府警察局,高雄市小港區沿海二路山明1012路燈號前0.0公尺,晴,夜間(或隧道、地下道、涵洞)有照明,市區道路,60,單路部分,直路,路段,快車道,柏油,乾燥,無缺陷,無障礙物,良好,良好,無號誌,無號誌,中央分向島,寛式(50公分以上),車道線(附標記),窄式快慢車道分隔島(無柵欄),無,車與車,追撞,駕駛人,未注意車前狀態,死亡1;受傷2,5,半聯結車,營業用,男,64,戴安全帽或繫安全帶(使用幼童安全椅),未使用,車的狀態,等待(引擎未熄火),汽車,後車尾,汽車,後車尾,無(車輛駕駛人因素),尚未發現肇事因素,否,120.364441,22.551337
2021,9,20210929,180000,A1,高雄市政府警察局,高雄市小港區沿海二路山明1012路燈號前0.0公尺,晴,夜間(或隧道、地下道、涵洞)有照明,市區道路,60,單路部分,直路,路段,快車道,柏油,乾燥,無缺陷,無障礙物,良好,良好,無號誌,無號誌,中央分向島,寛式(50公分以上),車道線(附標記),窄式快慢車道分隔島(無柵欄),無,車與車,追撞,駕駛人,未注意車前狀態,死亡1;受傷2,4,小貨車(含客、貨兩用),自用,男,38,戴安全帽或繫安全帶(使用幼童安全椅),未使用,車的狀態,等待(引擎未熄火),汽車,後車尾,汽車,前車頭,無(車輛駕駛人因素),尚未發現肇事因素,否,120.364441,22.551337
2021,9,20210929,234849,A1,國道公路警察局,苗栗縣苗栗市國道1號 130公里400.0公尺處南側向外側,晴,夜間(或隧道、地下道、涵洞)無照明,國道,100,單路部分,直路,路段,快車道,柏油,乾燥,無缺陷,無障礙物,良好,良好,無號誌,無號誌,中央分向島,寛式(50公分以上),車道線(附標記),未繪設快慢車道分隔線,有,車與車,追撞,駕駛人,未注意車前狀態,死亡1;受傷2,1,大貨車,營業用,男,33,戴安全帽或繫安全帶(使用幼童安全椅),未使用,車的狀態,向前直行中,汽車,前車頭,,,駕駛人,未注意車前狀態,否,120.83109,24.540256
2021,9,20210929,234849,A1,國道公路警察局,苗栗縣苗栗市國道1號 130公里400.0公尺處南側向外側,晴,夜間(或隧道、地下道、涵洞)無照明,國道,100,單路部分,直路,路段,快車道,柏油,乾燥,無缺陷,無障礙物,良好,良好,無號誌,無號誌,中央分向島,寛式(50公分以上),車道線(附標記),未繪設快慢車道分隔線,有,車與車,追撞,駕駛人,未注意車前狀態,死亡1;受傷2,5,人,乘客,女,40,戴安全帽或繫安全帶(使用幼童安全椅),未使用,人的狀態,其他,其他,非汽(機)車,,,無(非車輛駕駛人因素),尚未發現肇事因素,否,120.83109,24.540256
2021,9,20210929,234849,A1,國道公路警察局,苗栗縣苗栗市國道1號 130公里400.0公尺處南側向外側,晴,夜間(或隧道、地下道、涵洞)無照明,國道,100,單路部分,直路,路段,快車道,柏油,乾燥,無缺陷,無障礙物,良好,良好,無號誌,無號誌,中央分向島,寛式(50公分以上),車道線(附標記),未繪設快慢車道分隔線,有,車與車,追撞,駕駛人,未注意車前狀態,死亡1;受傷2,2,小貨車(含客、貨兩用),自用,男,44,戴安全帽或繫安全帶(使用幼童安全椅),不明,人的狀態,不明,汽車,後車尾,,,無(車輛駕駛人因素),尚未發現肇事因素,否,120.83109,24.540256
2021,9,20210929,234849,A1,國道公路警察局,苗栗縣苗栗市國道1號 130公里400.0公尺處南側向外側,晴,夜間(或隧道、地下道、涵洞)無照明,國道,100,單路部分,直路,路段,快車道,柏油,乾燥,無缺陷,無障礙物,良好,良好,無號誌,無號誌,中央分向島,寛式(50公分以上),車道線(附標記),未繪設快慢車道分隔線,有,車與車,追撞,駕駛人,未注意車前狀態,死亡1;受傷2,4,小客車,自用,男,35,戴安全帽或繫安全帶(使用幼童安全椅),未使用,車的狀態,向前直行中,汽車,右前車頭(身),,,無(車輛駕駛人因素),尚未發現肇事因素,否,120.83109,24.540256
2021,9,20210929,234849,A1,國道公路警察局,苗栗縣苗栗市國道1號 130公里400.0公尺處南側向外側,晴,夜間(或隧道、地下道、涵洞)無照明,國道,100,單路部分,直路,路段,快車道,柏油,乾燥,無缺陷,無障礙物,良好,良好,無號誌,無號誌,中央分向島,寛式(50公分以上),車道線(附標記),未繪設快慢車道分隔線,有,車與車,追撞,駕駛人,未注意車前狀態,死亡1;受傷2,6,小客車,自用,男,25,戴安全帽或繫安全帶(使用幼童安全椅),未使用,車的狀態,向前直行中,汽車,前車頭,汽車,車底,無(車輛駕駛人因素),尚未發現肇事因素,否,120.83109,24.540256
2021,9,20210929,234849,A1,國道公路警察局,苗栗縣苗栗市國道1號 130公里400.0公尺處南側向外側,晴,夜間(或隧道、地下道、涵洞)無照明,國道,100,單路部分,直路,路段,快車道,柏油,乾燥,無缺陷,無障礙物,良好,良好,無號誌,無號誌,中央分向島,寛式(50公分以上),車道線(附標記),未繪設快慢車道分隔線,有,車與車,追撞,駕駛人,未注意車前狀態,死亡1;受傷2,3,小貨車(含客、貨兩用),自用,男,33,戴安全帽或繫安全帶(使用幼童安全椅),未使用,車的狀態,向前直行中,汽車,前車頭,汽車,右前車頭(身),駕駛人,未注意車前狀態,否,120.83109,24.540256
2021,9,20210930,75900,A1,臺中市政府警察局,臺中市龍井區南寮里向上路六段 / 臺中市龍井區南寮里中沙路,晴,日間自然光線,市區道路,50,交岔路,四岔路,交叉路口,交叉口附近,柏油,乾燥,無缺陷,無障礙物,良好,良好,行車管制號誌,正常,中央分向島,窄式無柵欄,車道線(無標記),窄式快慢車道分隔島(無柵欄),有,車與車,側撞,駕駛人,變換車道或方向不當,死亡1;受傷0,2,機車,普通重型,男,20,不明,不明,車的狀態,向前直行中,機車,前車頭,,,駕駛人,未注意車前狀態,否,120.582425,24.172672
2021,9,20210930,75900,A1,臺中市政府警察局,臺中市龍井區南寮里向上路六段 / 臺中市龍井區南寮里中沙路,晴,日間自然光線,市區道路,50,交岔路,四岔路,交叉路口,交叉口附近,柏油,乾燥,無缺陷,無障礙物,良好,良好,行車管制號誌,正常,中央分向島,窄式無柵欄,車道線(無標記),窄式快慢車道分隔島(無柵欄),有,車與車,側撞,駕駛人,變換車道或方向不當,死亡1;受傷0,1,小客車,自用,女,37,不明,不明,車的狀態,向右變換車道,汽車,右前車頭(身),,,駕駛人,變換車道或方向不當,否,120.582425,24.172672
2021,9,20210930,133400,A1,臺中市政府警察局,臺中市西屯區港尾里廣福路89之3號前0.0公尺,晴,日間自然光線,市區道路,50,單路部分,直路,路段,慢車道,柏油,乾燥,無缺陷,無障礙物,良好,良好,無號誌,無號誌,行車分向線,無標記,車道線(無標記),快慢車道分隔線,無,車與車,側撞,駕駛人,迴轉未依規定,死亡1;受傷0,2,機車,普通重型,男,54,不明,不明,車的狀態,向前直行中,機車,前車頭,,,駕駛人,未注意車前狀態,否,120.643846,24.195296
2021,9,20210930,133400,A1,臺中市政府警察局,臺中市西屯區港尾里廣福路89之3號前0.0公尺,晴,日間自然光線,市區道路,50,單路部分,直路,路段,慢車道,柏油,乾燥,無缺陷,無障礙物,良好,良好,無號誌,無號誌,行車分向線,無標記,車道線(無標記),快慢車道分隔線,無,車與車,側撞,駕駛人,迴轉未依規定,死亡1;受傷0,1,小客車,自用,男,31,不明,不明,車的狀態,迴轉或橫越道路中,汽車,右前車頭(身),,,駕駛人,迴轉未依規定,否,120.643846,24.195296
2021,9,20210930,184000,A1,臺北市政府警察局,臺北市信義區市民大道6段 / 臺北市信義區基隆路1段,晴,夜間(或隧道、地下道、涵洞)有照明,市區道路,40,交岔路,多岔路,交叉路口,交叉口附近,柏油,乾燥,無缺陷,無障礙物,良好,良好,行車管制號誌,正常,無,無分向設施,車道線(無標記),未繪設快慢車道分隔線,無,車與車,同向擦撞,駕駛人,未保持行車安全間隔,死亡1;受傷0,2,機車,普通重型,女,56,戴安全帽或繫安全帶(使用幼童安全椅),未使用,車的狀態,向前直行中,機車,左側車身,機車,左側車身,駕駛人,未保持行車安全間隔,否,121.569486,25.049098
2021,9,20210930,184000,A1,臺北市政府警察局,臺北市信義區市民大道6段 / 臺北市信義區基隆路1段,晴,夜間(或隧道、地下道、涵洞)有照明,市區道路,40,交岔路,多岔路,交叉路口,交叉口附近,柏油,乾燥,無缺陷,無障礙物,良好,良好,行車管制號誌,正常,無,無分向設施,車道線(無標記),未繪設快慢車道分隔線,無,車與車,同向擦撞,駕駛人,未保持行車安全間隔,死亡1;受傷0,1,小貨車(含客、貨兩用),自用,男,53,戴安全帽或繫安全帶(使用幼童安全椅),未使用,車的狀態,向前直行中,汽車,右側車身,汽車,右側車身,駕駛人,未保持行車安全間隔,否,121.569486,25.049098
2021,9,20210930,190400,A1,臺中市政府警察局,臺中市新社區東興里興社街一段301號前0.0公尺,晴,夜間(或隧道、地下道、涵洞)有照明,市區道路,50,單路部分,直路,路段,一般車道(未劃分快慢車道),柏油,乾燥,無缺陷,無障礙物,良好,良好,無號誌,無號誌,行車分向線,無標記,車道線(無標記),未繪設快慢車道分隔線,有,人與汽(機)車,穿越道路中,駕駛人,未注意車前狀態,死亡1;受傷0,1,小貨車(含客、貨兩用),自用,男,62,戴安全帽或繫安全帶(使用幼童安全椅),未使用,車的狀態,向前直行中,汽車,前車頭,,,駕駛人,未注意車前狀態,否,120.821235,24.207848
2021,9,20210930,190400,A1,臺中市政府警察局,臺中市新社區東興里興社街一段301號前0.0公尺,晴,夜間(或隧道、地下道、涵洞)有照明,市區道路,50,單路部分,直路,路段,一般車道(未劃分快慢車道),柏油,乾燥,無缺陷,無障礙物,良好,良好,無號誌,無號誌,行車分向線,無標記,車道線(無標記),未繪設快慢車道分隔線,有,人與汽(機)車,穿越道路中,駕駛人,未注意車前狀態,死亡1;受傷0,2,人,行人,女,77,其他(無需使用保護裝備之人),非駕駛人,人的狀態,步行,其他,非汽(機)車,,,行人(或乘客),未依規定行走行人穿越道、地下道、天橋而穿越道路,否,120.821235,24.207848
2021,9,20210930,190654,A1,花蓮縣警察局,花蓮縣瑞穗鄉中正南路1段520號前0.0公尺南側,陰,夜間(或隧道、地下道、涵洞)無照明,村里道路,40,單路部分,直路,路段,機車優先道,柏油,乾燥,無缺陷,無障礙物,良好,良好,無號誌,無號誌,行車分向線,附標記,車道線(無標記),快慢車道分隔線,有,人與汽(機)車,同向通行中,駕駛人,酒醉(後)駕駛失控,死亡1;受傷1,1,機車,普通重型,男,65,戴安全帽或繫安全帶(使用幼童安全椅),不明,車的狀態,向前直行中,機車,前車頭,,,駕駛人,酒醉(後)駕駛失控,否,121.368121,23.482471
2021,9,20210930,190654,A1,花蓮縣警察局,花蓮縣瑞穗鄉中正南路1段520號前0.0公尺南側,陰,夜間(或隧道、地下道、涵洞)無照明,村里道路,40,單路部分,直路,路段,機車優先道,柏油,乾燥,無缺陷,無障礙物,良好,良好,無號誌,無號誌,行車分向線,附標記,車道線(無標記),快慢車道分隔線,有,人與汽(機)車,同向通行中,駕駛人,酒醉(後)駕駛失控,死亡1;受傷1,2,人,行人,男,57,其他(無需使用保護裝備之人),非駕駛人,人的狀態,其他,其他,非汽(機)車,,,行人(或乘客),其他引起事故之疏失或行為,否,121.368121,23.482471
2021,10,20211001,53339,A1,苗栗縣警察局,苗栗縣頭份市東側引道與牛埔街口,晴,晨或暮光,市區道路,60,單路部分,直路,路段,一般車道(未劃分快慢車道),柏油,乾燥,無缺陷,無障礙物,良好,良好,閃光號誌,正常,中央分向島,寛式(50公分以上),車道線(無標記),未繪設快慢車道分隔線,有,人與汽(機)車,穿越道路中,行人(或乘客),未依規定行走行人穿越道、地下道、天橋而穿越道路,死亡1;受傷0,2,小客車,自用,男,52,戴安全帽或繫安全帶(使用幼童安全椅),未使用,車的狀態,向前直行中,汽車,左前車頭(身),,,無(車輛駕駛人因素),尚未發現肇事因素,否,120.925632,24.68882
2021,10,20211001,53339,A1,苗栗縣警察局,苗栗縣頭份市東側引道與牛埔街口,晴,晨或暮光,市區道路,60,單路部分,直路,路段,一般車道(未劃分快慢車道),柏油,乾燥,無缺陷,無障礙物,良好,良好,閃光號誌,正常,中央分向島,寛式(50公分以上),車道線(無標記),未繪設快慢車道分隔線,有,人與汽(機)車,穿越道路中,行人(或乘客),未依規定行走行人穿越道、地下道、天橋而穿越道路,死亡1;受傷0,1,人,行人,女,78,其他(無需使用保護裝備之人),未使用,人的狀態,步行,其他,非汽(機)車,,,行人(或乘客),未依規定行走行人穿越道、地下道、天橋而穿越道路,否,120.925632,24.68882
2021,10,20211001,80500,A1,嘉義縣警察局,嘉義縣朴子市大葛里縣168線14.45公里,晴,日間自然光線,縣道,50,單路部分,直路,路段,一般車道(未劃分快慢車道),柏油,乾燥,無缺陷,無障礙物,良好,良好,無號誌,無號誌,中央分向島,寛式(50公分以上),車道線(無標記),未繪設快慢車道分隔線,有,汽(機)車本身,撞交通島,駕駛人,未注意車前狀態,死亡1;受傷1,2,,,無或物(動物、堆置物),-1,,,,,,,,,無(非車輛駕駛人因素),尚未發現肇事因素,否,120.286144,23.461405
2021,10,20211001,80500,A1,嘉義縣警察局,嘉義縣朴子市大葛里縣168線14.45公里,晴,日間自然光線,縣道,50,單路部分,直路,路段,一般車道(未劃分快慢車道),柏油,乾燥,無缺陷,無障礙物,良好,良好,無號誌,無號誌,中央分向島,寛式(50公分以上),車道線(無標記),未繪設快慢車道分隔線,有,汽(機)車本身,撞交通島,駕駛人,未注意車前狀態,死亡1;受傷1,1,機車,普通重型,男,67,戴安全帽或繫安全帶(使用幼童安全椅),未使用,車的狀態,向前直行中,機車,左側車身,,,駕駛人,未注意車前狀態,否,120.286144,23.461405
2021,10,20211001,80500,A1,嘉義縣警察局,嘉義縣朴子市大葛里縣168線14.45公里,晴,日間自然光線,縣道,50,單路部分,直路,路段,一般車道(未劃分快慢車道),柏油,乾燥,無缺陷,無障礙物,良好,良好,無號誌,無號誌,中央分向島,寛式(50公分以上),車道線(無標記),未繪設快慢車道分隔線,有,汽(機)車本身,撞交通島,駕駛人,未注意車前狀態,死亡1;受傷1,3,人,乘客,女,66,戴安全帽或繫安全帶(使用幼童安全椅),未使用,人的狀態,其他,其他,非汽(機)車,,,無(非車輛駕駛人因素),尚未發現肇事因素,否,120.286144,23.461405
2021,10,20211001,102200,A1,新北市政府警察局,新北市板橋區大觀路3段前0.0公尺,陰,日間自然光線,市區道路,50,單路部分,直路,路段,一般車道(未劃分快慢車道),柏油,乾燥,無缺陷,無障礙物,良好,良好,閃光號誌,正常,中央分向島,寛式(50公分以上),未繪設車道線,未繪設快慢車道分隔線,有,車與車,其他,其他,其他引起事故之違規或不當行為,死亡1;受傷0,2,機車,普通重型,女,38,戴安全帽或繫安全帶(使用幼童安全椅),未使用,車的狀態,向前直行中,機車,右側車身,機車,右側車身,駕駛人,未注意車前狀態,否,121.431669,24.993532
2021,10,20211001,102200,A1,新北市政府警察局,新北市板橋區大觀路3段前0.0公尺,陰,日間自然光線,市區道路,50,單路部分,直路,路段,一般車道(未劃分快慢車道),柏油,乾燥,無缺陷,無障礙物,良好,良好,閃光號誌,正常,中央分向島,寛式(50公分以上),未繪設車道線,未繪設快慢車道分隔線,有,車與車,其他,其他,其他引起事故之違規或不當行為,死亡1;受傷0,3,曳引車,自用,男,40,戴安全帽或繫安全帶(使用幼童安全椅),未使用,車的狀態,向前直行中,汽車,右後車尾(身),汽車,右後車尾(身),無(車輛駕駛人因素),尚未發現肇事因素,否,121.431669,24.993532
2021,10,20211001,102200,A1,新北市政府警察局,新北市板橋區大觀路3段前0.0公尺,陰,日間自然光線,市區道路,50,單路部分,直路,路段,一般車道(未劃分快慢車道),柏油,乾燥,無缺陷,無障礙物,良好,良好,閃光號誌,正常,中央分向島,寛式(50公分以上),未繪設車道線,未繪設快慢車道分隔線,有,車與車,其他,其他,其他引起事故之違規或不當行為,死亡1;受傷0,1,小貨車(含客、貨兩用),自用,男,43,戴安全帽或繫安全帶(使用幼童安全椅),未使用,車的狀態,靜止(引擎熄火),汽車,左側車身,汽車,左側車身,其他,其他引起事故之違規或不當行為,否,121.431669,24.993532
2021,10,20211001,213500,A1,高雄市政府警察局,高雄市鳳山區過埤路 / 高雄市鳳山區高鳳一路,晴,夜間(或隧道、地下道、涵洞)有照明,市區道路,50,交岔路,四岔路,交叉路口,交叉路口內,柏油,乾燥,無缺陷,無障礙物,良好,良好,行車管制號誌,正常,無,無分向設施,未繪設車道線,未繪設快慢車道分隔線,無,車與車,側撞,駕駛人,未依規定讓車,死亡1;受傷0,1,曳引車,營業用,男,36,戴安全帽或繫安全帶(使用幼童安全椅),未使用,車的狀態,右轉彎,汽車,前車頭,汽車,前車頭,駕駛人,未依規定讓車,否,120.3753,22.58859
2021,10,20211001,213500,A1,高雄市政府警察局,高雄市鳳山區過埤路 / 高雄市鳳山區高鳳一路,晴,夜間(或隧道、地下道、涵洞)有照明,市區道路,50,交岔路,四岔路,交叉路口,交叉路口內,柏油,乾燥,無缺陷,無障礙物,良好,良好,行車管制號誌,正常,無,無分向設施,未繪設車道線,未繪設快慢車道分隔線,無,車與車,側撞,駕駛人,未依規定讓車,死亡1;受傷0,2,慢車,腳踏自行車,男,59,其他(無需使用保護裝備之人),非駕駛人,車的狀態,向前直行中,其他,非汽(機)車,其他,非汽(機)車,無(車輛駕駛人因素),尚未發現肇事因素,否,120.3753,22.58859
2021,10,20211002,11800,A1,高雄市政府警察局,高雄市永安區新華路5702-19燈號前0.0公尺,晴,夜間(或隧道、地下道、涵洞)有照明,市區道路,50,單路部分,直路,路段,一般車道(未劃分快慢車道),柏油,乾燥,無缺陷,無障礙物,良好,良好,無號誌,無號誌,中央分向島,寛式(50公分以上),車道線(附標記),未繪設快慢車道分隔線,有,汽(機)車本身,撞交通島,駕駛人,未注意車前狀態,死亡1;受傷0,2,,,無或物(動物、堆置物),110,,,,,,,,,無(非車輛駕駛人因素),尚未發現肇事因素,否,120.240516,22.808184
2021,10,20211002,11800,A1,高雄市政府警察局,高雄市永安區新華路5702-19燈號前0.0公尺,晴,夜間(或隧道、地下道、涵洞)有照明,市區道路,50,單路部分,直路,路段,一般車道(未劃分快慢車道),柏油,乾燥,無缺陷,無障礙物,良好,良好,無號誌,無號誌,中央分向島,寛式(50公分以上),車道線(附標記),未繪設快慢車道分隔線,有,汽(機)車本身,撞交通島,駕駛人,未注意車前狀態,死亡1;受傷0,1,機車,普通重型,男,15,戴安全帽或繫安全帶(使用幼童安全椅),未使用,車的狀態,向前直行中,機車,左側車身,機車,左側車身,駕駛人,未注意車前狀態,否,120.240516,22.808184
2021,10,20211002,74300,A1,臺南市政府警察局,臺南市鹽水區台19線105公里處(大莊1之12號),晴,日間自然光線,市區道路,50,單路部分,直路,路段,路肩、路緣,柏油,乾燥,無缺陷,無障礙物,良好,良好,無號誌,無號誌,中央分向島,寛式(50公分以上),車道線(無標記),快慢車道分隔線,有,汽(機)車本身,衝出路外,駕駛人,未注意車前狀態,死亡1;受傷0,2,,,無或物(動物、堆置物),-1,,,,,,,,,無(非車輛駕駛人因素),尚未發現肇事因素,否,120.261801,23.307363
2021,10,20211002,74300,A1,臺南市政府警察局,臺南市鹽水區台19線105公里處(大莊1之12號),晴,日間自然光線,市區道路,50,單路部分,直路,路段,路肩、路緣,柏油,乾燥,無缺陷,無障礙物,良好,良好,無號誌,無號誌,中央分向島,寛式(50公分以上),車道線(無標記),快慢車道分隔線,有,汽(機)車本身,衝出路外,駕駛人,未注意車前狀態,死亡1;受傷0,1,機車,普通重型,男,50,戴安全帽或繫安全帶(使用幼童安全椅),未使用,車的狀態,向前直行中,機車,前車頭,,,駕駛人,未注意車前狀態,否,120.261801,23.307363
2021,10,20211002,90300,A1,新竹市警察局,新竹市東區光復路一段525巷內燈桿E-11-13-26前,晴,日間自然光線,市區道路,30,單路部分,彎曲路及附近,路段,一般車道(未劃分快慢車道),柏油,乾燥,無缺陷,無障礙物,良好,良好,無號誌,無號誌,雙向禁止超車線,無標記,未繪設車道線,未繪設快慢車道分隔線,無,車與車,對向擦撞,其他,其他引起事故之違規或不當行為,死亡1;受傷0,1,機車,普通重型,男,27,戴安全帽或繫安全帶(使用幼童安全椅),未使用,車的狀態,向前直行中,機車,後車尾,,,其他,其他引起事故之違規或不當行為,否,121.015395,24.78026
2021,10,20211002,90300,A1,新竹市警察局,新竹市東區光復路一段525巷內燈桿E-11-13-26前,晴,日間自然光線,市區道路,30,單路部分,彎曲路及附近,路段,一般車道(未劃分快慢車道),柏油,乾燥,無缺陷,無障礙物,良好,良好,無號誌,無號誌,雙向禁止超車線,無標記,未繪設車道線,未繪設快慢車道分隔線,無,車與車,對向擦撞,其他,其他引起事故之違規或不當行為,死亡1;受傷0,2,小客車,自用,女,67,戴安全帽或繫安全帶(使用幼童安全椅),未使用,車的狀態,向前直行中,汽車,左前車頭(身),,,無(車輛駕駛人因素),尚未發現肇事因素,否,121.015395,24.78026
2021,10,20211002,90300,A1,新竹市警察局,新竹市東區光復路一段525巷內燈桿E-11-13-26前,晴,日間自然光線,市區道路,30,單路部分,彎曲路及附近,路段,一般車道(未劃分快慢車道),柏油,乾燥,無缺陷,無障礙物,良好,良好,無號誌,無號誌,雙向禁止超車線,無標記,未繪設車道線,未繪設快慢車道分隔線,無,車與車,對向擦撞,其他,其他引起事故之違規或不當行為,死亡1;受傷0,3,小客車,自用,女,44,戴安全帽或繫安全帶(使用幼童安全椅),未使用,車的狀態,向前直行中,汽車,左後車尾(身),,,無(車輛駕駛人因素),尚未發現肇事因素,否,121.015395,24.78026
2021,10,20211002,114800,A1,臺北市政府警察局,臺北市北投區中興路前0.0公尺,晴,日間自然光線,市區道路,30,單路部分,直路,路段,一般車道(未劃分快慢車道),柏油,乾燥,無缺陷,無障礙物,良好,良好,無號誌,無號誌,無,無分向設施,未繪設車道線,未繪設快慢車道分隔線,無,汽(機)車本身,撞路樹、電桿,駕駛人,酒醉(後)駕駛失控,死亡1;受傷0,2,,,無或物(動物、堆置物),0,,,,,,,,,無(非車輛駕駛人因素),尚未發現肇事因素,否,121.540395,25.160701
2021,10,20211002,114800,A1,臺北市政府警察局,臺北市北投區中興路前0.0公尺,晴,日間自然光線,市區道路,30,單路部分,直路,路段,一般車道(未劃分快慢車道),柏油,乾燥,無缺陷,無障礙物,良好,良好,無號誌,無號誌,無,無分向設施,未繪設車道線,未繪設快慢車道分隔線,無,汽(機)車本身,撞路樹、電桿,駕駛人,酒醉(後)駕駛失控,死亡1;受傷0,1,機車,普通重型,男,71,戴安全帽或繫安全帶(使用幼童安全椅),未使用,車的狀態,向前直行中,機車,前車頭,機車,前車頭,駕駛人,酒醉(後)駕駛失控,否,121.540395,25.160701
2021,10,20211002,142300,A1,高雄市政府警察局,高雄市燕巢區深興路2之3號前0.0公尺,陰,日間自然光線,市區道路,50,單路部分,坡路,路段,一般車道(未劃分快慢車道),柏油,乾燥,無缺陷,無障礙物,良好,良好,無號誌,無號誌,雙向禁止超車線,附標記,車道線(附標記),未繪設快慢車道分隔線,有,汽(機)車本身,撞交通島,駕駛人,未依規定減速,死亡1;受傷0,2,,,無或物(動物、堆置物),110,,,,,,,,,無(非車輛駕駛人因素),尚未發現肇事因素,否,120.393109,22.773087