發生年度,發生月份,發生日期,發生時間,事故類別名稱,處理單位名稱警局層,發生地點,天候名稱,光線名稱,道路類別-第1當事者-名稱,速限-第1當事者,道路型態大類別名稱,道路型態子類別名稱,事故位置大類別名稱,事故位置子類別名稱,路面狀況-路面鋪裝名稱,路面狀況-路面狀態名稱,路面狀況-路面缺陷名稱,道路障礙-障礙物名稱,道路障礙-視距品質名稱,道路障礙-視距名稱,號誌-號誌種類名稱,號誌-號誌動作名稱,車道劃分設施-分向設施大類別名稱,車道劃分設施-分向設施子類別名稱,車道劃分設施-分道設施-快車道或一般車道間名稱,車道劃分設施-分道設施-快慢車道間名稱,車道劃分設施-分道設施-路面邊線名稱,事故類型及型態大類別名稱,事故類型及型態子類別名稱,肇因研判大類別名稱-主要,肇因研判子類別名稱-主要,死亡受傷人數,當事者順位,當事者區分-類別-大類別名稱-車種,當事者區分-類別-子類別名稱-車種,當事者屬-性-別名稱,當事者事故發生時年齡,保護裝備名稱,行動電話或電腦或其他相類功能裝置名稱,當事者行動狀態大類別名稱,當事者行動狀態子類別名稱,車輛撞擊部位大類別名稱-最初,車輛撞擊部位子類別名稱-最初,車輛撞擊部位大類別名稱-其他,車輛撞擊部位子類別名稱-其他,肇因研判大類別名稱-個別,肇因研判子類別名稱-個別,肇事逃逸類別名稱-是否肇逃,經度,緯度
2021,10,20211014,224400,A1,臺北市政府警察局,臺北市大同區市民高架道前0.0公尺,晴,夜間(或隧道、地下道、涵洞)有照明,市區道路,50,單路部分,高架道路,路段,一般車道(未劃分快慢車道),柏油,乾燥,無缺陷,無障礙物,良好,良好,無號誌,無號誌,行車分向線,無標記,車道線(無標記),未繪設快慢車道分隔線,無,車與車,追撞,駕駛人,未注意車前狀態,死亡1;受傷3,2,小客車,自用,男,38,戴安全帽或繫安全帶(使用幼童安全椅),未使用,車的狀態,等待(引擎未熄火),汽車,後車尾,汽車,後車尾,無(車輛駕駛人因素),尚未發現肇事因素,否,121.512047,25.04988
2021,10,20211014,224400,A1,臺北市政府警察局,臺北市大同區市民高架道前0.0公尺,晴,夜間(或隧道、地下道、涵洞)有照明,市區道路,50,單路部分,高架道路,路段,一般車道(未劃分快慢車道),柏油,乾燥,無缺陷,無障礙物,良好,良好,無號誌,無號誌,行車分向線,無標記,車道線(無標記),未繪設快慢車道分隔線,無,車與車,追撞,駕駛人,未注意車前狀態,死亡1;受傷3,3,小客車,自用,男,56,戴安全帽或繫安全帶(使用幼童安全椅),未使用,車的狀態,等待(引擎未熄火),汽車,後車尾,汽車,後車尾,無(車輛駕駛人因素),尚未發現肇事因素,否,121.512047,25.04988
2021,10,20211014,224400,A1,臺北市政府警察局,臺北市大同區市民高架道前0.0公尺,晴,夜間(或隧道、地下道、涵洞)有照明,市區道路,50,單路部分,高架道路,路段,一般車道(未劃分快慢車道),柏油,乾燥,無缺陷,無障礙物,良好,良好,無號誌,無號誌,行車分向線,無標記,車道線(無標記),未繪設快慢車道分隔線,無,車與車,追撞,駕駛人,未注意車前狀態,死亡1;受傷3,4,小貨車(含客、貨兩用),自用,男,51,戴安全帽或繫安全帶(使用幼童安全椅),未使用,車的狀態,等待(引擎未熄火),汽車,後車尾,汽車,後車尾,無(車輛駕駛人因素),尚未發現肇事因素,否,121.512047,25.04988
2021,10,20211015,65000,A1,臺東縣警察局,臺東縣臺東市知本路2段東側 / 臺東縣臺東市知本路2段,晴,日間自然光線,市區道路,60,交岔路,四岔路,交叉路口,交叉路口內,柏油,乾燥,無缺陷,無障礙物,良好,良好,無號誌,無號誌,無,無分向設施,未繪設車道線,未繪設快慢車道分隔線,無,車與車,側撞,駕駛人,左轉彎未依規定,死亡1;受傷0,2,小客車,自用,女,25,戴安全帽或繫安全帶(使用幼童安全椅),未使用,車的狀態,向前直行中,汽車,前車頭,,,駕駛人,未依規定減速,否,121.075252,22.713069
2021,10,20211015,65000,A1,臺東縣警察局,臺東縣臺東市知本路2段東側 / 臺東縣臺東市知本路2段,晴,日間自然光線,市區道路,60,交岔路,四岔路,交叉路口,交叉路口內,柏油,乾燥,無缺陷,無障礙物,良好,良好,無號誌,無號誌,無,無分向設施,未繪設車道線,未繪設快慢車道分隔線,無,車與車,側撞,駕駛人,左轉彎未依規定,死亡1;受傷0,1,機車,普通輕型,男,92,戴安全帽或繫安全帶(使用幼童安全椅),未使用,車的狀態,左轉彎,機車,左側車身,,,駕駛人,左轉彎未依規定,否,121.075252,22.713069
2021,10,20211015,115500,A1,屏東縣政府警察局,屏東縣萬丹鄉水泉村萬新路段近萬順路口(中華電信電桿興全幹35),晴,日間自然光線,村里道路,50,單路部分,直路,路段,路肩、路緣,柏油,乾燥,無缺陷,無障礙物,良好,良好,無號誌,無號誌,行車分向線,無標記,車道線(無標記),未繪設快慢車道分隔線,有,汽(機)車本身,路上翻車、摔倒,駕駛人,未注意車前狀態,死亡1;受傷0,2,,,無或物(動物、堆置物),-1,,,,,,,,,無(非車輛駕駛人因素),尚未發現肇事因素,否,120.489229,22.580037
2021,10,20211015,115500,A1,屏東縣政府警察局,屏東縣萬丹鄉水泉村萬新路段近萬順路口(中華電信電桿興全幹35),晴,日間自然光線,村里道路,50,單路部分,直路,路段,路肩、路緣,柏油,乾燥,無缺陷,無障礙物,良好,良好,無號誌,無號誌,行車分向線,無標記,車道線(無標記),未繪設快慢車道分隔線,有,汽(機)車本身,路上翻車、摔倒,駕駛人,未注意車前狀態,死亡1;受傷0,1,機車,普通重型,男,80,戴安全帽或繫安全帶(使用幼童安全椅),未使用,車的狀態,向前直行中,其他,不明,,,駕駛人,未注意車前狀態,否,120.489229,22.580037
2021,10,20211015,135700,A1,基隆市警察局,基隆市信義區仁一路59號前0.0公尺,晴,日間自然光線,市區道路,50,單路部分,直路,路段,一般車道(未劃分快慢車道),柏油,乾燥,無缺陷,無障礙物,良好,良好,無號誌,無號誌,雙向禁止超車線,附標記,車道線(無標記),未繪設快慢車道分隔線,有,人與汽(機)車,穿越道路中,行人(或乘客),未依規定行走行人穿越道、地下道、天橋而穿越道路,死亡1;受傷0,2,小貨車(含客、貨兩用),自用,男,57,不明,未使用,車的狀態,向前直行中,汽車,前車頭,汽車,前車頭,駕駛人,未注意車前狀態,否,121.754532,25.127795
2021,10,20211015,135700,A1,基隆市警察局,基隆市信義區仁一路59號前0.0公尺,晴,日間自然光線,市區道路,50,單路部分,直路,路段,一般車道(未劃分快慢車道),柏油,乾燥,無缺陷,無障礙物,良好,良好,無號誌,無號誌,雙向禁止超車線,附標記,車道線(無標記),未繪設快慢車道分隔線,有,人與汽(機)車,穿越道路中,行人(或乘客),未依規定行走行人穿越道、地下道、天橋而穿越道路,死亡1;受傷0,1,人,行人,男,91,其他(無需使用保護裝備之人),非駕駛人,人的狀態,步行,其他,非汽(機)車,其他,非汽(機)車,行人(或乘客),未依規定行走行人穿越道、地下道、天橋而穿越道路,否,121.754532,25.127795
2021,10,20211015,175100,A1,高雄市政府警察局,高雄市林園區東林西路158號前0.0公尺前,晴,夜間(或隧道、地下道、涵洞)有照明,市區道路,50,單路部分,直路,路段,一般車道(未劃分快慢車道),柏油,乾燥,無缺陷,無障礙物,良好,良好,無號誌,無號誌,雙向禁止超車線,無標記,未繪設車道線,未繪設快慢車道分隔線,有,人與汽(機)車,穿越道路中,駕駛人,迴轉未依規定,死亡1;受傷0,2,人,行人,男,57,其他(無需使用保護裝備之人),非駕駛人,人的狀態,步行,其他,非汽(機)車,其他,非汽(機)車,行人(或乘客),穿越道路未注意左右來車,否,120.39145,22.503309
2021,10,20211015,175100,A1,高雄市政府警察局,高雄市林園區東林西路158號前0.0公尺前,晴,夜間(或隧道、地下道、涵洞)有照明,市區道路,50,單路部分,直路,路段,一般車道(未劃分快慢車道),柏油,乾燥,無缺陷,無障礙物,良好,良好,無號誌,無號誌,雙向禁止超車線,無標記,未繪設車道線,未繪設快慢車道分隔線,有,人與汽(機)車,穿越道路中,駕駛人,迴轉未依規定,死亡1;受傷0,1,小客車,自用,男,31,戴安全帽或繫安全帶(使用幼童安全椅),未使用,車的狀態,迴轉或橫越道路中,汽車,左前車頭(身),汽車,左前車頭(身),駕駛人,迴轉未依規定,否,120.39145,22.503309
2021,10,20211016,71700,A1,臺中市政府警察局,臺中市東勢區粵寧里東蘭路1-1號前0.0公尺,晴,日間自然光線,市區道路,50,單路部分,直路,路段,快車道,柏油,乾燥,無缺陷,無障礙物,良好,良好,無號誌,無號誌,雙向禁止超車線,無標記,未繪設車道線,快慢車道分隔線,有,人與汽(機)車,穿越道路中,行人(或乘客),未依規定行走行人穿越道、地下道、天橋而穿越道路,死亡1;受傷1,2,機車,普通重型,男,16,戴安全帽或繫安全帶(使用幼童安全椅),未使用,車的狀態,向前直行中,機車,前車頭,,,駕駛人,未注意車前狀態,否,120.827059,24.260567
2021,10,20211016,71700,A1,臺中市政府警察局,臺中市東勢區粵寧里東蘭路1-1號前0.0公尺,晴,日間自然光線,市區道路,50,單路部分,直路,路段,快車道,柏油,乾燥,無缺陷,無障礙物,良好,良好,無號誌,無號誌,雙向禁止超車線,無標記,未繪設車道線,快慢車道分隔線,有,人與汽(機)車,穿越道路中,行人(或乘客),未依規定行走行人穿越道、地下道、天橋而穿越道路,死亡1;受傷1,1,人,行人,男,98,其他(無需使用保護裝備之人),非駕駛人,人的狀態,步行,其他,非汽(機)車,,,行人(或乘客),未依規定行走行人穿越道、地下道、天橋而穿越道路,否,120.827059,24.260567
2021,10,20211016,80100,A1,桃園市政府警察局,桃園市龜山區忠義路二段口 / 桃園市龜山區忠義路二段口,晴,日間自然光線,市區道路,50,交岔路,三岔路,交叉路口,交叉路口內,柏油,乾燥,無缺陷,無障礙物,良好,良好,行車管制號誌,正常,無,無分向設施,未繪設車道線,未繪設快慢車道分隔線,無,車與車,側撞,駕駛人,未依規定讓車,死亡1;受傷3,1,小客車,計程車,男,54,未戴案全帽或未繫安全帶(未使用幼童安全椅),未使用,車的狀態,左轉彎,汽車,右後車尾(身),,,駕駛人,未依規定讓車,否,121.359001,25.051598
2021,10,20211016,80100,A1,桃園市政府警察局,桃園市龜山區忠義路二段口 / 桃園市龜山區忠義路二段口,晴,日間自然光線,市區道路,50,交岔路,三岔路,交叉路口,交叉路口內,柏油,乾燥,無缺陷,無障礙物,良好,良好,行車管制號誌,正常,無,無分向設施,未繪設車道線,未繪設快慢車道分隔線,無,車與車,側撞,駕駛人,未依規定讓車,死亡1;受傷3,2,小貨車(含客、貨兩用),自用,男,46,未戴案全帽或未繫安全帶(未使用幼童安全椅),未使用,車的狀態,向前直行中,汽車,前車頭,,,駕駛人,超速失控,否,121.359001,25.051598
2021,10,20211016,80100,A1,桃園市政府警察局,桃園市龜山區忠義路二段口 / 桃園市龜山區忠義路二段口,晴,日間自然光線,市區道路,50,交岔路,三岔路,交叉路口,交叉路口內,柏油,乾燥,無缺陷,無障礙物,良好,良好,行車管制號誌,正常,無,無分向設施,未繪設車道線,未繪設快慢車道分隔線,無,車與車,側撞,駕駛人,未依規定讓車,死亡1;受傷3,3,人,乘客,女,69,未戴案全帽或未繫安全帶(未使用幼童安全椅),非駕駛人,人的狀態,其他,其他,非汽(機)車,,,無(非車輛駕駛人因素),尚未發現肇事因素,否,121.359001,25.051598
2021,10,20211016,80100,A1,桃園市政府警察局,桃園市龜山區忠義路二段口 / 桃園市龜山區忠義路二段口,晴,日間自然光線,市區道路,50,交岔路,三岔路,交叉路口,交叉路口內,柏油,乾燥,無缺陷,無障礙物,良好,良好,行車管制號誌,正常,無,無分向設施,未繪設車道線,未繪設快慢車道分隔線,無,車與車,側撞,駕駛人,未依規定讓車,死亡1;受傷3,4,人,乘客,女,71,未戴案全帽或未繫安全帶(未使用幼童安全椅),非駕駛人,人的狀態,其他,其他,非汽(機)車,,,無(非車輛駕駛人因素),尚未發現肇事因素,否,121.359001,25.051598
2021,10,20211016,80100,A1,桃園市政府警察局,桃園市龜山區忠義路二段口 / 桃園市龜山區忠義路二段口,晴,日間自然光線,市區道路,50,交岔路,三岔路,交叉路口,交叉路口內,柏油,乾燥,無缺陷,無障礙物,良好,良好,行車管制號誌,正常,無,無分向設施,未繪設車道線,未繪設快慢車道分隔線,無,車與車,側撞,駕駛人,未依規定讓車,死亡1;受傷3,5,人,乘客,男,17,未戴案全帽或未繫安全帶(未使用幼童安全椅),非駕駛人,人的狀態,其他,其他,非汽(機)車,,,無(非車輛駕駛人因素),尚未發現肇事因素,否,121.359001,25.051598
2021,10,20211016,80100,A1,桃園市政府警察局,桃園市龜山區忠義路二段口 / 桃園市龜山區忠義路二段口,晴,日間自然光線,市區道路,50,交岔路,三岔路,交叉路口,交叉路口內,柏油,乾燥,無缺陷,無障礙物,良好,良好,行車管制號誌,正常,無,無分向設施,未繪設車道線,未繪設快慢車道分隔線,無,車與車,側撞,駕駛人,未依規定讓車,死亡1;受傷3,6,人,乘客,女,18,未戴案全帽或未繫安全帶(未使用幼童安全椅),非駕駛人,人的狀態,其他,其他,非汽(機)車,,,無(非車輛駕駛人因素),尚未發現肇事因素,否,121.359001,25.051598
2021,10,20211016,82400,A1,臺中市政府警察局,臺中市沙鹿區晉江里東晉路 / 臺中市沙鹿區晉江里東晉東路,晴,日間自然光線,市區道路,30,交岔路,多岔路,交叉路口,交叉路口內,柏油,乾燥,無缺陷,無障礙物,良好,良好,無號誌,無號誌,無,無分向設施,車道線(無標記),快慢車道分隔線,無,車與車,路口交岔撞,駕駛人,未依規定讓車,死亡1;受傷0,1,機車,普通重型,男,84,戴安全帽或繫安全帶(使用幼童安全椅),未使用,車的狀態,向前直行中,機車,前車頭,,,駕駛人,未依規定讓車,否,120.576933,24.221804
2021,10,20211016,82400,A1,臺中市政府警察局,臺中市沙鹿區晉江里東晉路 / 臺中市沙鹿區晉江里東晉東路,晴,日間自然光線,市區道路,30,交岔路,多岔路,交叉路口,交叉路口內,柏油,乾燥,無缺陷,無障礙物,良好,良好,無號誌,無號誌,無,無分向設施,車道線(無標記),快慢車道分隔線,無,車與車,路口交岔撞,駕駛人,未依規定讓車,死亡1;受傷0,2,小客車,租賃車,男,21,戴安全帽或繫安全帶(使用幼童安全椅),未使用,車的狀態,向前直行中,汽車,右前車頭(身),,,駕駛人,未依規定減速,否,120.576933,24.221804
2021,10,20211016,165200,A1,彰化縣警察局,彰化縣秀水鄉安東村彰水路2段795-1號前0.0公尺前,晴,日間自然光線,村里道路,50,交岔路,四岔路,路段,路肩、路緣,柏油,乾燥,無缺陷,無障礙物,良好,良好,行車管制號誌,正常,中央分向島,寛式(50公分以上),車道線(無標記),未繪設快慢車道分隔線,有,車與車,追撞,其他,不明原因肇事,死亡1;受傷0,1,小客車,自用,男,66,不明,不明,車的狀態,向前直行中,汽車,前車頭,,,其他,不明原因肇事,否,120.499775,24.034304
2021,10,20211016,165200,A1,彰化縣警察局,彰化縣秀水鄉安東村彰水路2段795-1號前0.0公尺前,晴,日間自然光線,村里道路,50,交岔路,四岔路,路段,路肩、路緣,柏油,乾燥,無缺陷,無障礙物,良好,良好,行車管制號誌,正常,中央分向島,寛式(50公分以上),車道線(無標記),未繪設快慢車道分隔線,有,車與車,追撞,其他,不明原因肇事,死亡1;受傷0,2,小客車,自用,女,55,不明,不明,車的狀態,靜止(引擎熄火),汽車,後車尾,,,無(車輛駕駛人因素),尚未發現肇事因素,否,120.499775,24.034304
2021,10,20211016,165200,A1,彰化縣警察局,彰化縣秀水鄉安東村彰水路2段795-1號前0.0公尺前,晴,日間自然光線,村里道路,50,交岔路,四岔路,路段,路肩、路緣,柏油,乾燥,無缺陷,無障礙物,良好,良好,行車管制號誌,正常,中央分向島,寛式(50公分以上),車道線(無標記),未繪設快慢車道分隔線,有,車與車,追撞,其他,不明原因肇事,死亡1;受傷0,3,小客車,自用,女,41,不明,不明,車的狀態,靜止(引擎熄火),汽車,後車尾,,,無(車輛駕駛人因素),尚未發現肇事因素,否,120.499775,24.034304
2021,10,20211016,165200,A1,彰化縣警察局,彰化縣秀水鄉安東村彰水路2段795-1號前0.0公尺前,晴,日間自然光線,村里道路,50,交岔路,四岔路,路段,路肩、路緣,柏油,乾燥,無缺陷,無障礙物,良好,良好,行車管制號誌,正常,中央分向島,寛式(50公分以上),車道線(無標記),未繪設快慢車道分隔線,有,車與車,追撞,其他,不明原因肇事,死亡1;受傷0,4,機車,普通重型,男,21,不明,不明,車的狀態,靜止(引擎熄火),機車,右側車身,,,無(車輛駕駛人因素),尚未發現肇事因素,否,120.499775,24.034304
2021,10,20211016,180600,A1,新北市政府警察局,新北市八里區中華路2段201之28號前0.0公尺,雨,夜間(或隧道、地下道、涵洞)有照明,市區道路,40,單路部分,直路,路段,一般車道(未劃分快慢車道),柏油,濕潤,無缺陷,無障礙物,良好,良好,無號誌,無號誌,中央分向島,寛式(50公分以上),車道線(無標記),未繪設快慢車道分隔線,有,車與車,側撞,駕駛人,迴轉未依規定,死亡1;受傷0,2,機車,普通重型,男,46,不明,不明,車的狀態,向前直行中,機車,前車頭,機車,前車頭,駕駛人,未注意車前狀態,否,121.405487,25.149847
2021,10,20211016,180600,A1,新北市政府警察局,新北市八里區中華路2段201之28號前0.0公尺,雨,夜間(或隧道、地下道、涵洞)有照明,市區道路,40,單路部分,直路,路段,一般車道(未劃分快慢車道),柏油,濕潤,無缺陷,無障礙物,良好,良好,無號誌,無號誌,中央分向島,寛式(50公分以上),車道線(無標記),未繪設快慢車道分隔線,有,車與車,側撞,駕駛人,迴轉未依規定,死亡1;受傷0,1,小貨車(含客、貨兩用),自用,男,58,不明,不明,車的狀態,迴轉或橫越道路中,汽車,右後車尾(身),汽車,右後車尾(身),駕駛人,迴轉未依規定,否,121.405487,25.149847
2021,10,20211016,184500,A1,花蓮縣警察局,花蓮縣玉里鎮台9線 268公里200.0公尺處北側向機、慢車道,晴,夜間(或隧道、地下道、涵洞)有照明,省道,60,單路部分,直路,路段,慢車道,柏油,乾燥,無缺陷,無障礙物,良好,良好,無號誌,無號誌,行車分向線,附標記,未繪設車道線,快慢車道分隔線,有,人與汽(機)車,同向通行中,駕駛人,未注意車前狀態,死亡1;受傷1,1,機車,普通重型,男,54,戴安全帽或繫安全帶(使用幼童安全椅),未使用,車的狀態,向前直行中,機車,前車頭,,,駕駛人,未注意車前狀態,否,121.320216,23.336378
2021,10,20211016,184500,A1,花蓮縣警察局,花蓮縣玉里鎮台9線 268公里200.0公尺處北側向機、慢車道,晴,夜間(或隧道、地下道、涵洞)有照明,省道,60,單路部分,直路,路段,慢車道,柏油,乾燥,無缺陷,無障礙物,良好,良好,無號誌,無號誌,行車分向線,附標記,未繪設車道線,快慢車道分隔線,有,人與汽(機)車,同向通行中,駕駛人,未注意車前狀態,死亡1;受傷1,2,人,行人,男,45,其他(無需使用保護裝備之人),非駕駛人,人的狀態,步行,其他,非汽(機)車,,,行人(或乘客),其他引起事故之疏失或行為,否,121.320216,23.336378
2021,10,20211016,210700,A1,臺中市政府警察局,臺中市沙鹿區六路里臺灣大道六段1018號前0.0公尺,晴,夜間(或隧道、地下道、涵洞)有照明,市區道路,40,單路部分,直路,路段,慢車道,柏油,乾燥,無缺陷,無障礙物,良好,良好,行車管制號誌(附設行人專用號誌),正常,中央分向島,寛式(50公分以上),禁止變換車道線(附標記),寛式快慢車道分隔島(50公分以上),有,人與汽(機)車,穿越道路中,駕駛人,違反號誌管制或指揮,死亡1;受傷1,2,人,行人,女,16,其他(無需使用保護裝備之人),非駕駛人,人的狀態,步行,其他,非汽(機)車,,,無(非車輛駕駛人因素),尚未發現肇事因素,否,120.580667,24.217177
2021,10,20211016,210700,A1,臺中市政府警察局,臺中市沙鹿區六路里臺灣大道六段1018號前0.0公尺,晴,夜間(或隧道、地下道、涵洞)有照明,市區道路,40,單路部分,直路,路段,慢車道,柏油,乾燥,無缺陷,無障礙物,良好,良好,行車管制號誌(附設行人專用號誌),正常,中央分向島,寛式(50公分以上),禁止變換車道線(附標記),寛式快慢車道分隔島(50公分以上),有,人與汽(機)車,穿越道路中,駕駛人,違反號誌管制或指揮,死亡1;受傷1,1,機車,普通重型,男,34,戴安全帽或繫安全帶(使用幼童安全椅),未使用,車的狀態,向前直行中,機車,前車頭,,,駕駛人,違反號誌管制或指揮,否,120.580667,24.217177
2021,10,20211016,221400,A1,臺中市政府警察局,臺中市和平區南勢里東關路三段前0.0公尺,晴,夜間(或隧道、地下道、涵洞)無照明,市區道路,50,交岔路,四岔路,交叉路口,交叉路口內,柏油,乾燥,無缺陷,無障礙物,不良,其他,無號誌,無號誌,雙向禁止超車線,附標記,車道線(附標記),未繪設快慢車道分隔線,有,車與車,側撞,駕駛人,酒醉(後)駕駛失控,死亡1;受傷1,1,機車,普通重型,男,54,不明,未使用,車的狀態,左轉彎,機車,左側車身,,,駕駛人,酒醉(後)駕駛失控,否,120.891702,24.173629
2021,10,20211016,221400,A1,臺中市政府警察局,臺中市和平區南勢里東關路三段前0.0公尺,晴,夜間(或隧道、地下道、涵洞)無照明,市區道路,50,交岔路,四岔路,交叉路口,交叉路口內,柏油,乾燥,無缺陷,無障礙物,不良,其他,無號誌,無號誌,雙向禁止超車線,附標記,車道線(附標記),未繪設快慢車道分隔線,有,車與車,側撞,駕駛人,酒醉(後)駕駛失控,死亡1;受傷1,2,機車,普通重型,男,29,不明,未使用,車的狀態,向前直行中,機車,前車頭,,,駕駛人,酒醉(後)駕駛失控,否,120.891702,24.173629
2021,10,20211017,42500,A1,新北市政府警察局,新北市五股區新五路2段 / 新北市五股區自強路,陰,夜間(或隧道、地下道、涵洞)有照明,市區道路,40,交岔路,三岔路,交叉路口,交叉路口內,柏油,乾燥,無缺陷,無障礙物,良好,良好,行車管制號誌,正常,中央分向島,寛式(50公分以上),車道線(無標記),寛式快慢車道分隔島(50公分以上),無,車與車,側撞,駕駛人,違反號誌管制或指揮,死亡1;受傷2,1,小客車,自用,男,26,不明,不明,車的狀態,左轉彎,汽車,右側車身,汽車,右側車身,駕駛人,違反號誌管制或指揮,否,121.439864,25.081941
2021,10,20211017,42500,A1,新北市政府警察局,新北市五股區新五路2段 / 新北市五股區自強路,陰,夜間(或隧道、地下道、涵洞)有照明,市區道路,40,交岔路,三岔路,交叉路口,交叉路口內,柏油,乾燥,無缺陷,無障礙物,良好,良好,行車管制號誌,正常,中央分向島,寛式(50公分以上),車道線(無標記),寛式快慢車道分隔島(50公分以上),無,車與車,側撞,駕駛人,違反號誌管制或指揮,死亡1;受傷2,2,小客車,自用,女,27,不明,不明,車的狀態,向前直行中,汽車,前車頭,汽車,前車頭,無(車輛駕駛人因素),尚未發現肇事因素,否,121.439864,25.081941
2021,10,20211017,42500,A1,新北市政府警察局,新北市五股區新五路2段 / 新北市五股區自強路,陰,夜間(或隧道、地下道、涵洞)有照明,市區道路,40,交岔路,三岔路,交叉路口,交叉路口內,柏油,乾燥,無缺陷,無障礙物,良好,良好,行車管制號誌,正常,中央分向島,寛式(50公分以上),車道線(無標記),寛式快慢車道分隔島(50公分以上),無,車與車,側撞,駕駛人,違反號誌管制或指揮,死亡1;受傷2,3,人,乘客,女,25,不明,非駕駛人,人的狀態,其他,其他,非汽(機)車,其他,非汽(機)車,無(非車輛駕駛人因素),尚未發現肇事因素,否,121.439864,25.081941
2021,10,20211017,120610,A1,屏東縣政府警察局,屏東縣九如鄉後庄村南二高下平面道路東寧路24巷旁路口,晴,日間自然光線,村里道路,50,交岔路,多岔路,交叉路口,交叉路口內,柏油,乾燥,無缺陷,無障礙物,良好,良好,無號誌,無號誌,行車分向線,無標記,車道線(無標記),快慢車道分隔線,有,車與車,路口交岔撞,駕駛人,酒醉(後)駕駛失控,死亡1;受傷0,3,人,乘客,女,78,不明,非駕駛人,人的狀態,其他,其他,非汽(機)車,,,無(非車輛駕駛人因素),尚未發現肇事因素,否,120.503183,22.741311
2021,10,20211017,120610,A1,屏東縣政府警察局,屏東縣九如鄉後庄村南二高下平面道路東寧路24巷旁路口,晴,日間自然光線,村里道路,50,交岔路,多岔路,交叉路口,交叉路口內,柏油,乾燥,無缺陷,無障礙物,良好,良好,無號誌,無號誌,行車分向線,無標記,車道線(無標記),快慢車道分隔線,有,車與車,路口交岔撞,駕駛人,酒醉(後)駕駛失控,死亡1;受傷0,1,機車,普通重型,男,57,戴安全帽或繫安全帶(使用幼童安全椅),未使用,車的狀態,向前直行中,機車,前車頭,,,駕駛人,酒醉(後)駕駛失控,否,120.503183,22.741311
2021,10,20211017,120610,A1,屏東縣政府警察局,屏東縣九如鄉後庄村南二高下平面道路東寧路24巷旁路口,晴,日間自然光線,村里道路,50,交岔路,多岔路,交叉路口,交叉路口內,柏油,乾燥,無缺陷,無障礙物,良好,良好,無號誌,無號誌,行車分向線,無標記,車道線(無標記),快慢車道分隔線,有,車與車,路口交岔撞,駕駛人,酒醉(後)駕駛失控,死亡1;受傷0,2,小客車,自用,男,78,戴安全帽或繫安全帶(使用幼童安全椅),未使用,車的狀態,向前直行中,汽車,左前車頭(身),,,駕駛人,未注意車前狀態,否,120.503183,22.741311
2021,10,20211017,144400,A1,屏東縣政府警察局,屏東縣恆春鎮南灣路段(台26線28.3公里處),晴,日間自然光線,省道,60,單路部分,直路,路段,慢車道,柏油,乾燥,無缺陷,無障礙物,良好,良好,無號誌,無號誌,行車分向線,無標記,未繪設車道線,快慢車道分隔線,有,車與車,同向擦撞,駕駛人,違規超車,死亡1;受傷1,1,機車,普通重型,男,61,戴安全帽或繫安全帶(使用幼童安全椅),未使用,車的狀態,超車(含超越),機車,左側車身,,,駕駛人,違規超車,否,120.747848,21.989901
2021,10,20211017,144400,A1,屏東縣政府警察局,屏東縣恆春鎮南灣路段(台26線28.3公里處),晴,日間自然光線,省道,60,單路部分,直路,路段,慢車道,柏油,乾燥,無缺陷,無障礙物,良好,良好,無號誌,無號誌,行車分向線,無標記,未繪設車道線,快慢車道分隔線,有,車與車,同向擦撞,駕駛人,違規超車,死亡1;受傷1,2,機車,普通重型,男,31,戴安全帽或繫安全帶(使用幼童安全椅),未使用,車的狀態,向前直行中,機車,右側車身,,,駕駛人,未保持行車安全間隔,否,120.747848,21.989901
2021,10,20211017,210515,A1,國道公路警察局,臺北市南港區國道3號 15公里北側向交流道,雨,夜間(或隧道、地下道、涵洞)有照明,國道,50,單路部分,直路,交流道,直線匝道,柏油,濕潤,無缺陷,無障礙物,良好,良好,無號誌,無號誌,無,無分向設施,車道線(附標記),未繪設快慢車道分隔線,有,汽(機)車本身,撞護欄(樁),駕駛人,未注意車前狀態,死亡1;受傷2,2,,,無或物(動物、堆置物),-1,,,,,,,,,無(非車輛駕駛人因素),尚未發現肇事因素,否,121.611768,25.030421
2021,10,20211017,210515,A1,國道公路警察局,臺北市南港區國道3號 15公里北側向交流道,雨,夜間(或隧道、地下道、涵洞)有照明,國道,50,單路部分,直路,交流道,直線匝道,柏油,濕潤,無缺陷,無障礙物,良好,良好,無號誌,無號誌,無,無分向設施,車道線(附標記),未繪設快慢車道分隔線,有,汽(機)車本身,撞護欄(樁),駕駛人,未注意車前狀態,死亡1;受傷2,1,小客車,自用,男,51,未戴案全帽或未繫安全帶(未使用幼童安全椅),不明,車的狀態,向前直行中,汽車,左後車尾(身),,,駕駛人,未注意車前狀態,否,121.611768,25.030421