發生年度,發生月份,發生日期,發生時間,事故類別名稱,處理單位名稱警局層,發生地點,天候名稱,光線名稱,道路類別-第1當事者-名稱,速限-第1當事者,道路型態大類別名稱,道路型態子類別名稱,事故位置大類別名稱,事故位置子類別名稱,路面狀況-路面鋪裝名稱,路面狀況-路面狀態名稱,路面狀況-路面缺陷名稱,道路障礙-障礙物名稱,道路障礙-視距品質名稱,道路障礙-視距名稱,號誌-號誌種類名稱,號誌-號誌動作名稱,車道劃分設施-分向設施大類別名稱,車道劃分設施-分向設施子類別名稱,車道劃分設施-分道設施-快車道或一般車道間名稱,車道劃分設施-分道設施-快慢車道間名稱,車道劃分設施-分道設施-路面邊線名稱,事故類型及型態大類別名稱,事故類型及型態子類別名稱,肇因研判大類別名稱-主要,肇因研判子類別名稱-主要,死亡受傷人數,當事者順位,當事者區分-類別-大類別名稱-車種,當事者區分-類別-子類別名稱-車種,當事者屬-性-別名稱,當事者事故發生時年齡,保護裝備名稱,行動電話或電腦或其他相類功能裝置名稱,當事者行動狀態大類別名稱,當事者行動狀態子類別名稱,車輛撞擊部位大類別名稱-最初,車輛撞擊部位子類別名稱-最初,車輛撞擊部位大類別名稱-其他,車輛撞擊部位子類別名稱-其他,肇因研判大類別名稱-個別,肇因研判子類別名稱-個別,肇事逃逸類別名稱-是否肇逃,經度,緯度
2021,10,20211025,193300,A1,臺中市政府警察局,臺中市清水區菁埔里臨港路七段 / 臺中市清水區菁埔里中華北路,晴,日間自然光線,市區道路,60,交岔路,三岔路,交叉路口,交叉路口內,柏油,乾燥,無缺陷,無障礙物,良好,良好,行車管制號誌,正常,無,無分向設施,未繪設車道線,未繪設快慢車道分隔線,有,車與車,側撞,駕駛人,違反號誌管制或指揮,死亡1;受傷0,1,機車,大型重型2(250-550C.C.),男,20,不明,不明,車的狀態,向前直行中,機車,前車頭,,,駕駛人,違反號誌管制或指揮,否,120.596263,24.303834
2021,10,20211025,214100,A1,桃園市政府警察局,桃園市桃園區寶慶路478號前0.0公尺,晴,夜間(或隧道、地下道、涵洞)有照明,市區道路,50,單路部分,直路,路段,一般車道(未劃分快慢車道),柏油,乾燥,無缺陷,無障礙物,良好,良好,無號誌,無號誌,雙向禁止超車線,無標記,未繪設車道線,未繪設快慢車道分隔線,有,車與車,側撞,駕駛人,違反特定標誌(線)禁制,死亡1;受傷0,1,機車,普通重型,男,29,戴安全帽或繫安全帶(使用幼童安全椅),不明,車的狀態,左轉彎,機車,後車尾,,,駕駛人,違反特定標誌(線)禁制,否,121.29006,25.019093
2021,10,20211025,214100,A1,桃園市政府警察局,桃園市桃園區寶慶路478號前0.0公尺,晴,夜間(或隧道、地下道、涵洞)有照明,市區道路,50,單路部分,直路,路段,一般車道(未劃分快慢車道),柏油,乾燥,無缺陷,無障礙物,良好,良好,無號誌,無號誌,雙向禁止超車線,無標記,未繪設車道線,未繪設快慢車道分隔線,有,車與車,側撞,駕駛人,違反特定標誌(線)禁制,死亡1;受傷0,2,機車,普通重型,男,18,戴安全帽或繫安全帶(使用幼童安全椅),不明,車的狀態,向前直行中,機車,前車頭,,,其他,其他引起事故之違規或不當行為,否,121.29006,25.019093
2021,10,20211026,180500,A1,桃園市政府警察局,桃園市平鎮區龍南路167號前0.0公尺附近,晴,夜間(或隧道、地下道、涵洞)有照明,市區道路,50,單路部分,直路,路段,一般車道(未劃分快慢車道),柏油,乾燥,無缺陷,無障礙物,良好,良好,無號誌,無號誌,行車分向線,無標記,未繪設車道線,未繪設快慢車道分隔線,有,人與汽(機)車,穿越道路中,駕駛人,未注意車前狀態,死亡1;受傷1,2,人,行人,女,73,其他(無需使用保護裝備之人),非駕駛人,人的狀態,步行,其他,非汽(機)車,,,行人(或乘客),穿越道路未注意左右來車,否,121.247744,24.9235
2021,10,20211026,180500,A1,桃園市政府警察局,桃園市平鎮區龍南路167號前0.0公尺附近,晴,夜間(或隧道、地下道、涵洞)有照明,市區道路,50,單路部分,直路,路段,一般車道(未劃分快慢車道),柏油,乾燥,無缺陷,無障礙物,良好,良好,無號誌,無號誌,行車分向線,無標記,未繪設車道線,未繪設快慢車道分隔線,有,人與汽(機)車,穿越道路中,駕駛人,未注意車前狀態,死亡1;受傷1,1,機車,大型重型2(250-550C.C.),男,19,戴安全帽或繫安全帶(使用幼童安全椅),不明,車的狀態,向前直行中,機車,前車頭,,,駕駛人,未注意車前狀態,否,121.247744,24.9235
2021,10,20211026,180500,A1,桃園市政府警察局,桃園市平鎮區龍南路167號前0.0公尺附近,晴,夜間(或隧道、地下道、涵洞)有照明,市區道路,50,單路部分,直路,路段,一般車道(未劃分快慢車道),柏油,乾燥,無缺陷,無障礙物,良好,良好,無號誌,無號誌,行車分向線,無標記,未繪設車道線,未繪設快慢車道分隔線,有,人與汽(機)車,穿越道路中,駕駛人,未注意車前狀態,死亡1;受傷1,3,大貨車,自用,男,35,戴安全帽或繫安全帶(使用幼童安全椅),未使用,車的狀態,向前直行中,汽車,左前車頭(身),,,無(車輛駕駛人因素),尚未發現肇事因素,否,121.247744,24.9235
2021,10,20211027,84000,A1,彰化縣警察局,彰化縣埔鹽鄉好修村光明路2段860弄前0.0公尺,晴,日間自然光線,村里道路,30,交岔路,四岔路,交叉路口,交叉路口內,柏油,乾燥,無缺陷,無障礙物,良好,良好,無號誌,無號誌,無,無分向設施,未繪設車道線,未繪設快慢車道分隔線,有,車與車,側撞,駕駛人,未依規定讓車,死亡1;受傷0,2,機車,普通重型,男,76,戴安全帽或繫安全帶(使用幼童安全椅),未使用,車的狀態,向前直行中,機車,左側車身,,,駕駛人,未依規定減速,否,120.462712,24.009885
2021,10,20211027,84000,A1,彰化縣警察局,彰化縣埔鹽鄉好修村光明路2段860弄前0.0公尺,晴,日間自然光線,村里道路,30,交岔路,四岔路,交叉路口,交叉路口內,柏油,乾燥,無缺陷,無障礙物,良好,良好,無號誌,無號誌,無,無分向設施,未繪設車道線,未繪設快慢車道分隔線,有,車與車,側撞,駕駛人,未依規定讓車,死亡1;受傷0,1,小貨車(含客、貨兩用),自用,男,65,戴安全帽或繫安全帶(使用幼童安全椅),未使用,車的狀態,向前直行中,汽車,前車頭,,,駕駛人,未依規定讓車,否,120.462712,24.009885
2021,10,20211027,105007,A1,南投縣政府警察局,南投縣埔里鎮牛眠里西安路二段296號前0.0公尺,晴,日間自然光線,省道,40,單路部分,直路,其他,其他,柏油,乾燥,無缺陷,無障礙物,良好,良好,無號誌,無號誌,行車分向線,無標記,未繪設車道線,未繪設快慢車道分隔線,有,汽(機)車本身,衝出路外,其他,不明原因肇事,死亡1;受傷0,2,,,無或物(動物、堆置物),-1,,,,,,,,,無(非車輛駕駛人因素),尚未發現肇事因素,否,120.968577,23.997162
2021,10,20211027,105007,A1,南投縣政府警察局,南投縣埔里鎮牛眠里西安路二段296號前0.0公尺,晴,日間自然光線,省道,40,單路部分,直路,其他,其他,柏油,乾燥,無缺陷,無障礙物,良好,良好,無號誌,無號誌,行車分向線,無標記,未繪設車道線,未繪設快慢車道分隔線,有,汽(機)車本身,衝出路外,其他,不明原因肇事,死亡1;受傷0,1,小客車,自用,女,69,不明,不明,車的狀態,其他,汽車,前車頭,汽車,右前車頭(身),其他,不明原因肇事,否,120.968577,23.997162
2021,10,20211027,110700,A1,新北市政府警察局,新北市三峽區新北市三峽區溪東路辭修高中前,晴,日間自然光線,市區道路,30,單路部分,直路,路段,一般車道(未劃分快慢車道),柏油,乾燥,無缺陷,無障礙物,良好,良好,無號誌,無號誌,行車分向線,無標記,未繪設車道線,未繪設快慢車道分隔線,有,汽(機)車本身,撞路樹、電桿,其他,不明原因肇事,死亡1;受傷0,2,,,無或物(動物、堆置物),0,,,,,,,,,無(非車輛駕駛人因素),尚未發現肇事因素,否,121.406118,24.93297
2021,10,20211027,110700,A1,新北市政府警察局,新北市三峽區新北市三峽區溪東路辭修高中前,晴,日間自然光線,市區道路,30,單路部分,直路,路段,一般車道(未劃分快慢車道),柏油,乾燥,無缺陷,無障礙物,良好,良好,無號誌,無號誌,行車分向線,無標記,未繪設車道線,未繪設快慢車道分隔線,有,汽(機)車本身,撞路樹、電桿,其他,不明原因肇事,死亡1;受傷0,1,機車,普通重型,男,54,不明,不明,車的狀態,其他,機車,前車頭,機車,前車頭,其他,不明原因肇事,否,121.406118,24.93297
2021,10,20211027,180000,A1,嘉義縣警察局,嘉義縣中埔鄉社口村內埔6A電附近,晴,日間自然光線,鄉道,30,單路部分,直路,路段,一般車道(未劃分快慢車道),柏油,乾燥,無缺陷,無障礙物,良好,良好,無號誌,無號誌,無,無分向設施,未繪設車道線,未繪設快慢車道分隔線,有,車與車,對撞,駕駛人,酒醉(後)駕駛失控,死亡1;受傷0,2,機車,普通重型,女,72,不明,未使用,車的狀態,向前直行中,機車,前車頭,,,無(車輛駕駛人因素),尚未發現肇事因素,否,120.548309,23.443095
2021,10,20211027,180000,A1,嘉義縣警察局,嘉義縣中埔鄉社口村內埔6A電附近,晴,日間自然光線,鄉道,30,單路部分,直路,路段,一般車道(未劃分快慢車道),柏油,乾燥,無缺陷,無障礙物,良好,良好,無號誌,無號誌,無,無分向設施,未繪設車道線,未繪設快慢車道分隔線,有,車與車,對撞,駕駛人,酒醉(後)駕駛失控,死亡1;受傷0,1,小貨車(含客、貨兩用),自用,男,42,戴安全帽或繫安全帶(使用幼童安全椅),未使用,車的狀態,向前直行中,汽車,前車頭,,,駕駛人,酒醉(後)駕駛失控,否,120.548309,23.443095
2021,10,20211027,194231,A1,臺南市政府警察局,臺南市安南區本田路二段口 / 臺南市安南區安明路三段口,晴,夜間(或隧道、地下道、涵洞)有照明,市區道路,50,交岔路,四岔路,交叉路口,交叉路口內,柏油,乾燥,無缺陷,無障礙物,良好,良好,行車管制號誌,正常,無,無分向設施,未繪設車道線,未繪設快慢車道分隔線,無,車與車,側撞,駕駛人,未依規定讓車,死亡1;受傷1,2,機車,普通重型,男,38,戴安全帽或繫安全帶(使用幼童安全椅),不明,車的狀態,向前直行中,機車,前車頭,,,駕駛人,未注意車前狀態,否,120.158348,23.040327
2021,10,20211027,194231,A1,臺南市政府警察局,臺南市安南區本田路二段口 / 臺南市安南區安明路三段口,晴,夜間(或隧道、地下道、涵洞)有照明,市區道路,50,交岔路,四岔路,交叉路口,交叉路口內,柏油,乾燥,無缺陷,無障礙物,良好,良好,行車管制號誌,正常,無,無分向設施,未繪設車道線,未繪設快慢車道分隔線,無,車與車,側撞,駕駛人,未依規定讓車,死亡1;受傷1,1,小客車,自用,男,24,未戴案全帽或未繫安全帶(未使用幼童安全椅),不明,車的狀態,左轉彎,汽車,右前車頭(身),,,駕駛人,未依規定讓車,否,120.158348,23.040327
2021,10,20211027,194231,A1,臺南市政府警察局,臺南市安南區本田路二段口 / 臺南市安南區安明路三段口,晴,夜間(或隧道、地下道、涵洞)有照明,市區道路,50,交岔路,四岔路,交叉路口,交叉路口內,柏油,乾燥,無缺陷,無障礙物,良好,良好,行車管制號誌,正常,無,無分向設施,未繪設車道線,未繪設快慢車道分隔線,無,車與車,側撞,駕駛人,未依規定讓車,死亡1;受傷1,3,人,乘客,女,31,戴安全帽或繫安全帶(使用幼童安全椅),使用手持或有礙駕駛安全,人的狀態,其他,其他,非汽(機)車,,,無(非車輛駕駛人因素),尚未發現肇事因素,否,120.158348,23.040327
2021,10,20211027,214300,A1,臺中市政府警察局,臺中市沙鹿區埔子里臺灣大道六段 / 臺中市沙鹿區埔子里鎮南路一段,晴,夜間(或隧道、地下道、涵洞)有照明,市區道路,70,交岔路,三岔路,交叉路口,交叉路口內,柏油,乾燥,無缺陷,無障礙物,良好,良好,行車管制號誌(附設行人專用號誌),正常,中央分向島,寛式(50公分以上),禁止變換車道線(無標記),寛式快慢車道分隔島(50公分以上),有,車與車,側撞,駕駛人,違反特定標誌(線)禁制,死亡1;受傷0,1,小客車,自用,女,30,戴安全帽或繫安全帶(使用幼童安全椅),未使用,車的狀態,右轉彎,汽車,右側車身,,,駕駛人,違反特定標誌(線)禁制,否,120.580758,24.201702
2021,10,20211027,214300,A1,臺中市政府警察局,臺中市沙鹿區埔子里臺灣大道六段 / 臺中市沙鹿區埔子里鎮南路一段,晴,夜間(或隧道、地下道、涵洞)有照明,市區道路,70,交岔路,三岔路,交叉路口,交叉路口內,柏油,乾燥,無缺陷,無障礙物,良好,良好,行車管制號誌(附設行人專用號誌),正常,中央分向島,寛式(50公分以上),禁止變換車道線(無標記),寛式快慢車道分隔島(50公分以上),有,車與車,側撞,駕駛人,違反特定標誌(線)禁制,死亡1;受傷0,2,機車,普通重型,女,20,戴安全帽或繫安全帶(使用幼童安全椅),未使用,車的狀態,向前直行中,機車,前車頭,,,無(車輛駕駛人因素),尚未發現肇事因素,否,120.580758,24.201702
2021,10,20211027,214400,A1,雲林縣警察局,雲林縣水林鄉順興村雲146線公路2公里850公尺處,晴,夜間(或隧道、地下道、涵洞)有照明,鄉道,50,交岔路,三岔路,交叉路口,交叉口附近,柏油,乾燥,無缺陷,無障礙物,不良,彎道,閃光號誌,正常,雙向禁止超車線,無標記,禁止變換車道線(無標記),未繪設快慢車道分隔線,有,汽(機)車本身,衝出路外,駕駛人,超速失控,死亡1;受傷2,2,,,無或物(動物、堆置物),-1,,,,,,,,,無(非車輛駕駛人因素),尚未發現肇事因素,否,120.207231,23.556812
2021,10,20211027,214400,A1,雲林縣警察局,雲林縣水林鄉順興村雲146線公路2公里850公尺處,晴,夜間(或隧道、地下道、涵洞)有照明,鄉道,50,交岔路,三岔路,交叉路口,交叉口附近,柏油,乾燥,無缺陷,無障礙物,不良,彎道,閃光號誌,正常,雙向禁止超車線,無標記,禁止變換車道線(無標記),未繪設快慢車道分隔線,有,汽(機)車本身,衝出路外,駕駛人,超速失控,死亡1;受傷2,1,小客車,自用,男,23,不明,不明,車的狀態,向前直行中,汽車,前車頭,汽車,右側車身,駕駛人,超速失控,否,120.207231,23.556812
2021,10,20211027,214400,A1,雲林縣警察局,雲林縣水林鄉順興村雲146線公路2公里850公尺處,晴,夜間(或隧道、地下道、涵洞)有照明,鄉道,50,交岔路,三岔路,交叉路口,交叉口附近,柏油,乾燥,無缺陷,無障礙物,不良,彎道,閃光號誌,正常,雙向禁止超車線,無標記,禁止變換車道線(無標記),未繪設快慢車道分隔線,有,汽(機)車本身,衝出路外,駕駛人,超速失控,死亡1;受傷2,3,人,乘客,男,25,不明,不明,人的狀態,其他,其他,非汽(機)車,,,無(非車輛駕駛人因素),尚未發現肇事因素,否,120.207231,23.556812
2021,10,20211027,214400,A1,雲林縣警察局,雲林縣水林鄉順興村雲146線公路2公里850公尺處,晴,夜間(或隧道、地下道、涵洞)有照明,鄉道,50,交岔路,三岔路,交叉路口,交叉口附近,柏油,乾燥,無缺陷,無障礙物,不良,彎道,閃光號誌,正常,雙向禁止超車線,無標記,禁止變換車道線(無標記),未繪設快慢車道分隔線,有,汽(機)車本身,衝出路外,駕駛人,超速失控,死亡1;受傷2,4,人,乘客,男,21,不明,不明,人的狀態,其他,其他,非汽(機)車,,,無(非車輛駕駛人因素),尚未發現肇事因素,否,120.207231,23.556812
2021,10,20211027,221800,A1,臺中市政府警察局,臺中市南屯區鎮平里黎明路一段 / 臺中市南屯區鎮平里龍富路三段,晴,夜間(或隧道、地下道、涵洞)有照明,市區道路,50,交岔路,三岔路,交叉路口,交叉路口內,柏油,乾燥,無缺陷,無障礙物,良好,良好,閃光號誌,正常,無,無分向設施,未繪設車道線,未繪設快慢車道分隔線,無,車與車,側撞,駕駛人,未依規定讓車,死亡1;受傷1,1,機車,普通重型,男,52,戴安全帽或繫安全帶(使用幼童安全椅),未使用,車的狀態,左轉彎,機車,右側車身,,,駕駛人,未依規定讓車,否,120.633024,24.12783
2021,10,20211027,221800,A1,臺中市政府警察局,臺中市南屯區鎮平里黎明路一段 / 臺中市南屯區鎮平里龍富路三段,晴,夜間(或隧道、地下道、涵洞)有照明,市區道路,50,交岔路,三岔路,交叉路口,交叉路口內,柏油,乾燥,無缺陷,無障礙物,良好,良好,閃光號誌,正常,無,無分向設施,未繪設車道線,未繪設快慢車道分隔線,無,車與車,側撞,駕駛人,未依規定讓車,死亡1;受傷1,2,機車,普通重型,男,21,戴安全帽或繫安全帶(使用幼童安全椅),未使用,車的狀態,向前直行中,機車,前車頭,,,其他,其他引起事故之違規或不當行為,否,120.633024,24.12783
2021,10,20211028,51000,A1,基隆市警察局,基隆市中山區中山二路95號前0.0公尺,晴,晨或暮光,市區道路,50,單路部分,直路,路段,一般車道(未劃分快慢車道),柏油,乾燥,無缺陷,無障礙物,良好,良好,行車管制號誌(附設行人專用號誌),正常,中央分向島,寛式(50公分以上),車道線(無標記),未繪設快慢車道分隔線,有,人與汽(機)車,穿越道路中,行人(或乘客),未依標誌、標線、號誌或手勢指揮穿越道路,死亡1;受傷1,2,機車,普通重型,男,15,戴安全帽或繫安全帶(使用幼童安全椅),未使用,車的狀態,向前直行中,機車,前車頭,機車,前車頭,駕駛人,未注意車前狀態,否,121.739451,25.140112
2021,10,20211028,51000,A1,基隆市警察局,基隆市中山區中山二路95號前0.0公尺,晴,晨或暮光,市區道路,50,單路部分,直路,路段,一般車道(未劃分快慢車道),柏油,乾燥,無缺陷,無障礙物,良好,良好,行車管制號誌(附設行人專用號誌),正常,中央分向島,寛式(50公分以上),車道線(無標記),未繪設快慢車道分隔線,有,人與汽(機)車,穿越道路中,行人(或乘客),未依標誌、標線、號誌或手勢指揮穿越道路,死亡1;受傷1,1,人,行人,女,79,其他(無需使用保護裝備之人),非駕駛人,人的狀態,步行,其他,非汽(機)車,其他,非汽(機)車,行人(或乘客),未依標誌、標線、號誌或手勢指揮穿越道路,否,121.739451,25.140112
2021,10,20211028,81200,A1,嘉義縣警察局,嘉義縣新港鄉宮前村縣道164線22.9公里處東向慢車道,晴,日間自然光線,縣道,40,單路部分,直路,路段,慢車道,柏油,乾燥,無缺陷,無障礙物,良好,良好,無號誌,無號誌,中央分向島,寛式(50公分以上),車道線(無標記),寛式快慢車道分隔島(50公分以上),有,車與車,追撞,駕駛人,未保持行車安全距離,死亡1;受傷1,1,機車,普通重型,男,28,戴安全帽或繫安全帶(使用幼童安全椅),未使用,車的狀態,向前直行中,機車,前車頭,,,駕駛人,未保持行車安全距離,否,120.357147,23.555675
2021,10,20211028,81200,A1,嘉義縣警察局,嘉義縣新港鄉宮前村縣道164線22.9公里處東向慢車道,晴,日間自然光線,縣道,40,單路部分,直路,路段,慢車道,柏油,乾燥,無缺陷,無障礙物,良好,良好,無號誌,無號誌,中央分向島,寛式(50公分以上),車道線(無標記),寛式快慢車道分隔島(50公分以上),有,車與車,追撞,駕駛人,未保持行車安全距離,死亡1;受傷1,2,慢車,腳踏自行車,女,52,其他(無需使用保護裝備之人),未使用,車的狀態,向前直行中,其他,非汽(機)車,,,無(車輛駕駛人因素),尚未發現肇事因素,否,120.357147,23.555675
2021,10,20211028,102724,A1,臺南市政府警察局,臺南市下營區紅甲里台19甲線7.6K處往南533266燈桿前,晴,日間自然光線,省道,60,單路部分,直路,路段,路肩、路緣,柏油,乾燥,無缺陷,道路工事(程)中,良好,良好,無號誌,無號誌,行車分向線,無標記,車道線(無標記),快慢車道分隔線,有,汽(機)車本身,撞路樹、電桿,駕駛人,未注意車前狀態,死亡1;受傷0,2,,,無或物(動物、堆置物),-1,,,,,,,,,無(非車輛駕駛人因素),尚未發現肇事因素,否,120.273565,23.254175
2021,10,20211028,102724,A1,臺南市政府警察局,臺南市下營區紅甲里台19甲線7.6K處往南533266燈桿前,晴,日間自然光線,省道,60,單路部分,直路,路段,路肩、路緣,柏油,乾燥,無缺陷,道路工事(程)中,良好,良好,無號誌,無號誌,行車分向線,無標記,車道線(無標記),快慢車道分隔線,有,汽(機)車本身,撞路樹、電桿,駕駛人,未注意車前狀態,死亡1;受傷0,1,機車,普通重型,男,19,戴安全帽或繫安全帶(使用幼童安全椅),未使用,車的狀態,向前直行中,機車,前車頭,,,駕駛人,未注意車前狀態,否,120.273565,23.254175
2021,10,20211028,111500,A1,臺中市政府警察局,臺中市霧峰區丁台里峰東路 / 臺中市霧峰區丁台里丁台路,晴,日間自然光線,市區道路,30,交岔路,四岔路,交叉路口,交叉路口內,柏油,乾燥,無缺陷,無障礙物,良好,良好,無號誌,無號誌,無,無分向設施,未繪設車道線,未繪設快慢車道分隔線,無,車與車,路口交岔撞,駕駛人,未依規定讓車,死亡1;受傷0,1,小客車,自用,男,31,戴安全帽或繫安全帶(使用幼童安全椅),未使用,車的狀態,向前直行中,汽車,前車頭,,,駕駛人,未依規定讓車,否,120.674438,24.035375
2021,10,20211028,111500,A1,臺中市政府警察局,臺中市霧峰區丁台里峰東路 / 臺中市霧峰區丁台里丁台路,晴,日間自然光線,市區道路,30,交岔路,四岔路,交叉路口,交叉路口內,柏油,乾燥,無缺陷,無障礙物,良好,良好,無號誌,無號誌,無,無分向設施,未繪設車道線,未繪設快慢車道分隔線,無,車與車,路口交岔撞,駕駛人,未依規定讓車,死亡1;受傷0,2,機車,普通重型,女,59,戴安全帽或繫安全帶(使用幼童安全椅),不明,車的狀態,向前直行中,機車,左側車身,,,駕駛人,未依規定減速,否,120.674438,24.035375
2021,10,20211028,173600,A1,高雄市政府警察局,高雄市鼓山區中華一路 / 高雄市鼓山區中華一路,晴,夜間(或隧道、地下道、涵洞)有照明,市區道路,40,交岔路,四岔路,交叉路口,交叉口附近,柏油,乾燥,無缺陷,無障礙物,良好,良好,行車管制號誌,正常,中央分向島,寛式(50公分以上),未繪設車道線,未繪設快慢車道分隔線,無,車與車,同向擦撞,駕駛人,違規超車,死亡1;受傷1,1,機車,普通重型,男,26,戴安全帽或繫安全帶(使用幼童安全椅),未使用,車的狀態,超車(含超越),機車,右側車身,機車,右側車身,駕駛人,違規超車,否,120.2928,22.6628
2021,10,20211028,173600,A1,高雄市政府警察局,高雄市鼓山區中華一路 / 高雄市鼓山區中華一路,晴,夜間(或隧道、地下道、涵洞)有照明,市區道路,40,交岔路,四岔路,交叉路口,交叉口附近,柏油,乾燥,無缺陷,無障礙物,良好,良好,行車管制號誌,正常,中央分向島,寛式(50公分以上),未繪設車道線,未繪設快慢車道分隔線,無,車與車,同向擦撞,駕駛人,違規超車,死亡1;受傷1,2,機車,普通重型,女,60,戴安全帽或繫安全帶(使用幼童安全椅),未使用,車的狀態,向前直行中,機車,左側車身,機車,左側車身,無(車輛駕駛人因素),尚未發現肇事因素,否,120.2928,22.6628
2021,10,20211029,55000,A1,新竹縣政府警察局,新竹縣新埔鎮新北里4鄰29-2號旁,晴,晨或暮光,鄉道,50,單路部分,彎曲路及附近,路段,一般車道(未劃分快慢車道),柏油,乾燥,無缺陷,無障礙物,良好,良好,無號誌,無號誌,雙向禁止超車線,無標記,未繪設車道線,未繪設快慢車道分隔線,有,車與車,對撞,駕駛人,違反特定標誌(線)禁制,死亡1;受傷0,3,人,乘客,男,20,戴安全帽或繫安全帶(使用幼童安全椅),非駕駛人,人的狀態,其他,其他,非汽(機)車,,,無(非車輛駕駛人因素),尚未發現肇事因素,否,121.150992,24.854386
2021,10,20211029,55000,A1,新竹縣政府警察局,新竹縣新埔鎮新北里4鄰29-2號旁,晴,晨或暮光,鄉道,50,單路部分,彎曲路及附近,路段,一般車道(未劃分快慢車道),柏油,乾燥,無缺陷,無障礙物,良好,良好,無號誌,無號誌,雙向禁止超車線,無標記,未繪設車道線,未繪設快慢車道分隔線,有,車與車,對撞,駕駛人,違反特定標誌(線)禁制,死亡1;受傷0,2,機車,普通重型,男,74,戴安全帽或繫安全帶(使用幼童安全椅),未使用,車的狀態,向前直行中,機車,前車頭,,,無(車輛駕駛人因素),尚未發現肇事因素,否,121.150992,24.854386
2021,10,20211029,55000,A1,新竹縣政府警察局,新竹縣新埔鎮新北里4鄰29-2號旁,晴,晨或暮光,鄉道,50,單路部分,彎曲路及附近,路段,一般車道(未劃分快慢車道),柏油,乾燥,無缺陷,無障礙物,良好,良好,無號誌,無號誌,雙向禁止超車線,無標記,未繪設車道線,未繪設快慢車道分隔線,有,車與車,對撞,駕駛人,違反特定標誌(線)禁制,死亡1;受傷0,1,小客車,租賃車,男,28,戴安全帽或繫安全帶(使用幼童安全椅),未使用,車的狀態,向前直行中,汽車,右前車頭(身),汽車,左側車身,駕駛人,違反特定標誌(線)禁制,否,121.150992,24.854386
2021,10,20211029,93700,A1,新北市政府警察局,新北市三重區正義北路 / 新北市三重區大榮街,晴,日間自然光線,市區道路,50,交岔路,四岔路,交叉路口,交叉路口內,柏油,乾燥,無缺陷,無障礙物,良好,良好,行車管制號誌(附設行人專用號誌),正常,無,無分向設施,未繪設車道線,未繪設快慢車道分隔線,無,人與汽(機)車,穿越道路中,駕駛人,搶越行人穿越道,死亡1;受傷0,2,人,行人,男,67,其他(無需使用保護裝備之人),非駕駛人,人的狀態,步行,其他,非汽(機)車,其他,非汽(機)車,無(非車輛駕駛人因素),尚未發現肇事因素,否,121.497613,25.062635
2021,10,20211029,93700,A1,新北市政府警察局,新北市三重區正義北路 / 新北市三重區大榮街,晴,日間自然光線,市區道路,50,交岔路,四岔路,交叉路口,交叉路口內,柏油,乾燥,無缺陷,無障礙物,良好,良好,行車管制號誌(附設行人專用號誌),正常,無,無分向設施,未繪設車道線,未繪設快慢車道分隔線,無,人與汽(機)車,穿越道路中,駕駛人,搶越行人穿越道,死亡1;受傷0,1,小貨車(含客、貨兩用),自用,男,44,戴安全帽或繫安全帶(使用幼童安全椅),未使用,車的狀態,左轉彎,汽車,前車頭,汽車,前車頭,駕駛人,搶越行人穿越道,否,121.497613,25.062635
2021,10,20211029,174700,A1,新北市政府警察局,新北市新莊區瓊林路182之5號前0.0公尺,晴,夜間(或隧道、地下道、涵洞)有照明,市區道路,40,單路部分,直路,路段,一般車道(未劃分快慢車道),柏油,乾燥,無缺陷,無障礙物,良好,良好,無號誌,無號誌,雙向禁止超車線,無標記,未繪設車道線,未繪設快慢車道分隔線,無,車與車,對向擦撞,駕駛人,違反特定標誌(線)禁制,死亡1;受傷2,1,機車,普通重型,男,13,戴安全帽或繫安全帶(使用幼童安全椅),未使用,車的狀態,超車(含超越),機車,前車頭,機車,前車頭,駕駛人,違反特定標誌(線)禁制,否,121.440054,25.022038
2021,10,20211029,174700,A1,新北市政府警察局,新北市新莊區瓊林路182之5號前0.0公尺,晴,夜間(或隧道、地下道、涵洞)有照明,市區道路,40,單路部分,直路,路段,一般車道(未劃分快慢車道),柏油,乾燥,無缺陷,無障礙物,良好,良好,無號誌,無號誌,雙向禁止超車線,無標記,未繪設車道線,未繪設快慢車道分隔線,無,車與車,對向擦撞,駕駛人,違反特定標誌(線)禁制,死亡1;受傷2,4,小客車,自用,男,49,戴安全帽或繫安全帶(使用幼童安全椅),未使用,車的狀態,向前直行中,其他,不明,其他,不明,無(車輛駕駛人因素),尚未發現肇事因素,否,121.440054,25.022038
2021,10,20211029,174700,A1,新北市政府警察局,新北市新莊區瓊林路182之5號前0.0公尺,晴,夜間(或隧道、地下道、涵洞)有照明,市區道路,40,單路部分,直路,路段,一般車道(未劃分快慢車道),柏油,乾燥,無缺陷,無障礙物,良好,良好,無號誌,無號誌,雙向禁止超車線,無標記,未繪設車道線,未繪設快慢車道分隔線,無,車與車,對向擦撞,駕駛人,違反特定標誌(線)禁制,死亡1;受傷2,2,機車,普通重型,男,37,戴安全帽或繫安全帶(使用幼童安全椅),未使用,車的狀態,向前直行中,其他,不明,其他,不明,無(車輛駕駛人因素),尚未發現肇事因素,否,121.440054,25.022038