發生年度,發生月份,發生日期,發生時間,事故類別名稱,處理單位名稱警局層,發生地點,天候名稱,光線名稱,道路類別-第1當事者-名稱,速限-第1當事者,道路型態大類別名稱,道路型態子類別名稱,事故位置大類別名稱,事故位置子類別名稱,路面狀況-路面鋪裝名稱,路面狀況-路面狀態名稱,路面狀況-路面缺陷名稱,道路障礙-障礙物名稱,道路障礙-視距品質名稱,道路障礙-視距名稱,號誌-號誌種類名稱,號誌-號誌動作名稱,車道劃分設施-分向設施大類別名稱,車道劃分設施-分向設施子類別名稱,車道劃分設施-分道設施-快車道或一般車道間名稱,車道劃分設施-分道設施-快慢車道間名稱,車道劃分設施-分道設施-路面邊線名稱,事故類型及型態大類別名稱,事故類型及型態子類別名稱,肇因研判大類別名稱-主要,肇因研判子類別名稱-主要,死亡受傷人數,當事者順位,當事者區分-類別-大類別名稱-車種,當事者區分-類別-子類別名稱-車種,當事者屬-性-別名稱,當事者事故發生時年齡,保護裝備名稱,行動電話或電腦或其他相類功能裝置名稱,當事者行動狀態大類別名稱,當事者行動狀態子類別名稱,車輛撞擊部位大類別名稱-最初,車輛撞擊部位子類別名稱-最初,車輛撞擊部位大類別名稱-其他,車輛撞擊部位子類別名稱-其他,肇因研判大類別名稱-個別,肇因研判子類別名稱-個別,肇事逃逸類別名稱-是否肇逃,經度,緯度
2021,11,20211105,183700,A1,新竹市警察局,新竹市北區延平路一段495號對面,晴,夜間(或隧道、地下道、涵洞)有照明,市區道路,50,單路部分,直路,路段,一般車道(未劃分快慢車道),柏油,乾燥,無缺陷,無障礙物,良好,良好,無號誌,無號誌,行車分向線,無標記,未繪設車道線,未繪設快慢車道分隔線,有,車與車,追撞,駕駛人,未注意車前狀態,死亡1;受傷0,2,小貨車(含客、貨兩用),自用,男,52,不明,不明,車的狀態,靜止(引擎熄火),汽車,左後車尾(身),,,無(車輛駕駛人因素),尚未發現肇事因素,否,120.945324,24.805088
2021,11,20211106,62600,A1,臺中市政府警察局,臺中市霧峰區四德里四德路 / 臺中市霧峰區四德里中投東路二段,晴,日間自然光線,市區道路,60,交岔路,四岔路,交叉路口,交叉路口內,柏油,乾燥,無缺陷,無障礙物,良好,良好,行車管制號誌,正常,中央分向島,寛式(50公分以上),未繪設車道線,未繪設快慢車道分隔線,無,車與車,側撞,駕駛人,未注意車前狀態,死亡1;受傷0,1,曳引車,營業用,男,26,不明,不明,車的狀態,右轉彎,汽車,右前車頭(身),,,駕駛人,未注意車前狀態,否,120.662997,24.059765
2021,11,20211106,62600,A1,臺中市政府警察局,臺中市霧峰區四德里四德路 / 臺中市霧峰區四德里中投東路二段,晴,日間自然光線,市區道路,60,交岔路,四岔路,交叉路口,交叉路口內,柏油,乾燥,無缺陷,無障礙物,良好,良好,行車管制號誌,正常,中央分向島,寛式(50公分以上),未繪設車道線,未繪設快慢車道分隔線,無,車與車,側撞,駕駛人,未注意車前狀態,死亡1;受傷0,2,慢車,腳踏自行車,男,56,其他(無需使用保護裝備之人),非駕駛人,車的狀態,向前直行中,其他,非汽(機)車,,,無(車輛駕駛人因素),尚未發現肇事因素,否,120.662997,24.059765
2021,11,20211106,111100,A1,屏東縣政府警察局,屏東縣林邊鄉中正路37號對面,晴,日間自然光線,村里道路,40,單路部分,彎曲路及附近,路段,一般車道(未劃分快慢車道),柏油,乾燥,無缺陷,無障礙物,良好,良好,無號誌,無號誌,行車分向線,無標記,未繪設車道線,未繪設快慢車道分隔線,有,汽(機)車本身,撞路樹、電桿,駕駛人,未注意車前狀態,死亡1;受傷0,2,,,無或物(動物、堆置物),-1,,,,,,,,,無(非車輛駕駛人因素),尚未發現肇事因素,否,120.505079,22.45892
2021,11,20211106,111100,A1,屏東縣政府警察局,屏東縣林邊鄉中正路37號對面,晴,日間自然光線,村里道路,40,單路部分,彎曲路及附近,路段,一般車道(未劃分快慢車道),柏油,乾燥,無缺陷,無障礙物,良好,良好,無號誌,無號誌,行車分向線,無標記,未繪設車道線,未繪設快慢車道分隔線,有,汽(機)車本身,撞路樹、電桿,駕駛人,未注意車前狀態,死亡1;受傷0,1,機車,普通重型,女,44,戴安全帽或繫安全帶(使用幼童安全椅),未使用,車的狀態,向前直行中,機車,前車頭,,,駕駛人,未注意車前狀態,否,120.505079,22.45892
2021,11,20211106,111300,A1,彰化縣警察局,彰化縣福興鄉橋頭村彰鹿路7段204巷205弄2號前0.0公尺前,晴,日間自然光線,村里道路,30,交岔路,四岔路,交叉路口,交叉路口內,柏油,乾燥,無缺陷,無障礙物,良好,良好,無號誌,無號誌,無,無分向設施,未繪設車道線,未繪設快慢車道分隔線,有,車與車,路口交岔撞,駕駛人,未依規定讓車,死亡1;受傷0,1,機車,普通重型,女,70,戴安全帽或繫安全帶(使用幼童安全椅),未使用,車的狀態,向前直行中,機車,右側車身,,,駕駛人,未依規定讓車,否,120.43394,24.057166
2021,11,20211106,111300,A1,彰化縣警察局,彰化縣福興鄉橋頭村彰鹿路7段204巷205弄2號前0.0公尺前,晴,日間自然光線,村里道路,30,交岔路,四岔路,交叉路口,交叉路口內,柏油,乾燥,無缺陷,無障礙物,良好,良好,無號誌,無號誌,無,無分向設施,未繪設車道線,未繪設快慢車道分隔線,有,車與車,路口交岔撞,駕駛人,未依規定讓車,死亡1;受傷0,2,小客車,自用,男,40,戴安全帽或繫安全帶(使用幼童安全椅),未使用,車的狀態,向前直行中,汽車,左前車頭(身),,,駕駛人,未依規定減速,否,120.43394,24.057166
2021,11,20211106,114800,A1,屏東縣政府警察局,屏東縣長治鄉信義路1348號,晴,日間自然光線,村里道路,40,單路部分,直路,路段,一般車道(未劃分快慢車道),柏油,乾燥,無缺陷,無障礙物,良好,良好,無號誌,無號誌,雙向禁止超車線,附標記,未繪設車道線,未繪設快慢車道分隔線,有,車與車,追撞,駕駛人,未注意車前狀態,死亡1;受傷0,1,機車,普通重型,女,74,戴安全帽或繫安全帶(使用幼童安全椅),未使用,車的狀態,向前直行中,機車,前車頭,,,駕駛人,未注意車前狀態,否,120.59166,22.691033
2021,11,20211106,114800,A1,屏東縣政府警察局,屏東縣長治鄉信義路1348號,晴,日間自然光線,村里道路,40,單路部分,直路,路段,一般車道(未劃分快慢車道),柏油,乾燥,無缺陷,無障礙物,良好,良好,無號誌,無號誌,雙向禁止超車線,附標記,未繪設車道線,未繪設快慢車道分隔線,有,車與車,追撞,駕駛人,未注意車前狀態,死亡1;受傷0,2,小貨車(含客、貨兩用),自用,男,27,戴安全帽或繫安全帶(使用幼童安全椅),未使用,車的狀態,等待(引擎未熄火),汽車,左後車尾(身),,,其他,違規停車或暫停不當而肇事,否,120.59166,22.691033
2021,11,20211106,145000,A1,臺中市政府警察局,臺中市清水區高西里港埠路五段 / 臺中市清水區高西里高美路,晴,日間自然光線,市區道路,60,交岔路,四岔路,交叉路口,交叉路口內,柏油,乾燥,無缺陷,無障礙物,良好,良好,行車管制號誌,正常,中央分向島,寛式(50公分以上),未繪設車道線,未繪設快慢車道分隔線,有,車與車,側撞,駕駛人,違反號誌管制或指揮,死亡1;受傷0,1,機車,普通重型,男,22,戴安全帽或繫安全帶(使用幼童安全椅),未使用,車的狀態,向前直行中,機車,前車頭,,,駕駛人,違反號誌管制或指揮,否,120.558385,24.309995
2021,11,20211106,145000,A1,臺中市政府警察局,臺中市清水區高西里港埠路五段 / 臺中市清水區高西里高美路,晴,日間自然光線,市區道路,60,交岔路,四岔路,交叉路口,交叉路口內,柏油,乾燥,無缺陷,無障礙物,良好,良好,行車管制號誌,正常,中央分向島,寛式(50公分以上),未繪設車道線,未繪設快慢車道分隔線,有,車與車,側撞,駕駛人,違反號誌管制或指揮,死亡1;受傷0,2,小客車,自用,女,26,戴安全帽或繫安全帶(使用幼童安全椅),未使用,車的狀態,左轉彎,汽車,右側車身,,,無(車輛駕駛人因素),尚未發現肇事因素,否,120.558385,24.309995
2021,11,20211106,160000,A1,高雄市政府警察局,高雄市左營區華夏路 / 高雄市左營區新莊一路,晴,日間自然光線,市區道路,50,交岔路,四岔路,交叉路口,交叉路口內,柏油,乾燥,無缺陷,無障礙物,良好,良好,行車管制號誌,正常,無,無分向設施,未繪設車道線,未繪設快慢車道分隔線,無,車與車,同向擦撞,駕駛人,未保持行車安全間隔,死亡1;受傷0,2,機車,普通重型,女,77,戴安全帽或繫安全帶(使用幼童安全椅),未使用,車的狀態,向前直行中,機車,左側車身,機車,左側車身,駕駛人,未保持行車安全間隔,否,120.298141,22.6727
2021,11,20211106,160000,A1,高雄市政府警察局,高雄市左營區華夏路 / 高雄市左營區新莊一路,晴,日間自然光線,市區道路,50,交岔路,四岔路,交叉路口,交叉路口內,柏油,乾燥,無缺陷,無障礙物,良好,良好,行車管制號誌,正常,無,無分向設施,未繪設車道線,未繪設快慢車道分隔線,無,車與車,同向擦撞,駕駛人,未保持行車安全間隔,死亡1;受傷0,1,小貨車(含客、貨兩用),自用,男,75,戴安全帽或繫安全帶(使用幼童安全椅),未使用,車的狀態,向前直行中,汽車,右側車身,汽車,右側車身,駕駛人,未保持行車安全間隔,否,120.298141,22.6727
2021,11,20211106,174200,A1,南投縣政府警察局,南投縣水里鄉台16線 26公里800.0公尺處,陰,夜間(或隧道、地下道、涵洞)有照明,省道,50,單路部分,直路,路段,一般車道(未劃分快慢車道),柏油,乾燥,無缺陷,無障礙物,良好,良好,無號誌,無號誌,雙向禁止超車線,無標記,未繪設車道線,未繪設快慢車道分隔線,有,人與汽(機)車,穿越道路中,駕駛人,未注意車前狀態,死亡1;受傷0,1,小客車,自用,男,66,戴安全帽或繫安全帶(使用幼童安全椅),未使用,車的狀態,向前直行中,汽車,前車頭,,,駕駛人,未注意車前狀態,否,120.922434,23.797197
2021,11,20211106,174200,A1,南投縣政府警察局,南投縣水里鄉台16線 26公里800.0公尺處,陰,夜間(或隧道、地下道、涵洞)有照明,省道,50,單路部分,直路,路段,一般車道(未劃分快慢車道),柏油,乾燥,無缺陷,無障礙物,良好,良好,無號誌,無號誌,雙向禁止超車線,無標記,未繪設車道線,未繪設快慢車道分隔線,有,人與汽(機)車,穿越道路中,駕駛人,未注意車前狀態,死亡1;受傷0,2,人,行人,女,79,其他(無需使用保護裝備之人),非駕駛人,人的狀態,步行,其他,非汽(機)車,,,行人(或乘客),穿越道路未注意左右來車,否,120.922434,23.797197
2021,11,20211107,65050,A1,苗栗縣警察局,苗栗縣後龍鎮外埔里苗8線1公里處附近,晴,日間自然光線,縣道,50,單路部分,直路,路段,一般車道(未劃分快慢車道),柏油,乾燥,無缺陷,無障礙物,良好,良好,無號誌,無號誌,雙向禁止超車線,無標記,禁止變換車道線(無標記),未繪設快慢車道分隔線,有,車與車,追撞,駕駛人,未注意車前狀態,死亡1;受傷0,1,小貨車(含客、貨兩用),自用,男,25,戴安全帽或繫安全帶(使用幼童安全椅),未使用,車的狀態,向前直行中,汽車,前車頭,,,駕駛人,未注意車前狀態,否,120.787662,24.648299
2021,11,20211107,65050,A1,苗栗縣警察局,苗栗縣後龍鎮外埔里苗8線1公里處附近,晴,日間自然光線,縣道,50,單路部分,直路,路段,一般車道(未劃分快慢車道),柏油,乾燥,無缺陷,無障礙物,良好,良好,無號誌,無號誌,雙向禁止超車線,無標記,禁止變換車道線(無標記),未繪設快慢車道分隔線,有,車與車,追撞,駕駛人,未注意車前狀態,死亡1;受傷0,2,慢車,腳踏自行車,男,87,戴安全帽或繫安全帶(使用幼童安全椅),未使用,車的狀態,向前直行中,其他,非汽(機)車,,,無(車輛駕駛人因素),尚未發現肇事因素,否,120.787662,24.648299
2021,11,20211107,72200,A1,新竹縣政府警察局,新竹縣新豐鄉青埔村4鄰青埔子46-1號(附近),晴,日間自然光線,村里道路,30,單路部分,直路,路段,路肩、路緣,柏油,乾燥,無缺陷,無障礙物,良好,良好,無號誌,無號誌,無,無分向設施,未繪設車道線,未繪設快慢車道分隔線,有,汽(機)車本身,撞路樹、電桿,其他,不明原因肇事,死亡1;受傷0,2,,,無或物(動物、堆置物),-1,,,,,,,,,無(非車輛駕駛人因素),尚未發現肇事因素,否,121.008759,24.919392
2021,11,20211107,72200,A1,新竹縣政府警察局,新竹縣新豐鄉青埔村4鄰青埔子46-1號(附近),晴,日間自然光線,村里道路,30,單路部分,直路,路段,路肩、路緣,柏油,乾燥,無缺陷,無障礙物,良好,良好,無號誌,無號誌,無,無分向設施,未繪設車道線,未繪設快慢車道分隔線,有,汽(機)車本身,撞路樹、電桿,其他,不明原因肇事,死亡1;受傷0,1,機車,普通重型,女,61,戴安全帽或繫安全帶(使用幼童安全椅),未使用,車的狀態,向前直行中,機車,前車頭,機車,右側車身,其他,不明原因肇事,否,121.008759,24.919392
2021,11,20211107,74019,A1,南投縣政府警察局,南投縣草屯鎮中山里太平路二段、中興路口,晴,晨或暮光,村里道路,50,交岔路,四岔路,交叉路口,交叉路口內,柏油,乾燥,無缺陷,無障礙物,良好,良好,行車管制號誌,正常,中央分向島,寛式(50公分以上),車道線(無標記),快慢車道分隔線,有,車與車,側撞,駕駛人,未注意車前狀態,死亡1;受傷0,1,小客車,自用,男,50,戴安全帽或繫安全帶(使用幼童安全椅),未使用,車的狀態,右轉彎,汽車,右前車頭(身),,,駕駛人,未注意車前狀態,否,120.683504,23.974139
2021,11,20211107,74019,A1,南投縣政府警察局,南投縣草屯鎮中山里太平路二段、中興路口,晴,晨或暮光,村里道路,50,交岔路,四岔路,交叉路口,交叉路口內,柏油,乾燥,無缺陷,無障礙物,良好,良好,行車管制號誌,正常,中央分向島,寛式(50公分以上),車道線(無標記),快慢車道分隔線,有,車與車,側撞,駕駛人,未注意車前狀態,死亡1;受傷0,2,慢車,腳踏自行車,女,81,其他(無需使用保護裝備之人),未使用,車的狀態,向前直行中,其他,非汽(機)車,,,駕駛人,違反特定標誌(線)禁制,否,120.683504,23.974139
2021,11,20211107,83128,A1,新竹縣政府警察局,新竹縣北埔鄉埔心街92巷前0.0公尺口,晴,日間自然光線,省道,50,交岔路,三岔路,交叉路口,交叉路口內,柏油,乾燥,無缺陷,無障礙物,良好,良好,無號誌,無號誌,中央分向島,寛式(50公分以上),車道線(無標記),未繪設快慢車道分隔線,有,車與車,側撞,駕駛人,未依規定讓車,死亡1;受傷1,1,機車,普通重型,男,78,戴安全帽或繫安全帶(使用幼童安全椅),未使用,車的狀態,左轉彎,機車,左側車身,,,駕駛人,未依規定讓車,否,121.050001,24.703785
2021,11,20211107,83128,A1,新竹縣政府警察局,新竹縣北埔鄉埔心街92巷前0.0公尺口,晴,日間自然光線,省道,50,交岔路,三岔路,交叉路口,交叉路口內,柏油,乾燥,無缺陷,無障礙物,良好,良好,無號誌,無號誌,中央分向島,寛式(50公分以上),車道線(無標記),未繪設快慢車道分隔線,有,車與車,側撞,駕駛人,未依規定讓車,死亡1;受傷1,2,機車,大型重型1(550C.C.以上),男,26,戴安全帽或繫安全帶(使用幼童安全椅),未使用,車的狀態,向前直行中,機車,前車頭,,,駕駛人,超速失控,否,121.050001,24.703785
2021,11,20211107,102100,A1,彰化縣警察局,彰化縣田中鎮大社里大社路2段 / 彰化縣田中鎮大社里大社路2段,晴,日間自然光線,村里道路,30,交岔路,四岔路,交叉路口,交叉路口內,柏油,乾燥,無缺陷,無障礙物,良好,良好,閃光號誌,正常,無,無分向設施,未繪設車道線,未繪設快慢車道分隔線,有,車與車,側撞,駕駛人,未依規定讓車,死亡1;受傷0,2,小客車,自用,男,31,不明,不明,車的狀態,向前直行中,汽車,前車頭,,,駕駛人,未依規定減速,否,120.5644,23.883358
2021,11,20211107,102100,A1,彰化縣警察局,彰化縣田中鎮大社里大社路2段 / 彰化縣田中鎮大社里大社路2段,晴,日間自然光線,村里道路,30,交岔路,四岔路,交叉路口,交叉路口內,柏油,乾燥,無缺陷,無障礙物,良好,良好,閃光號誌,正常,無,無分向設施,未繪設車道線,未繪設快慢車道分隔線,有,車與車,側撞,駕駛人,未依規定讓車,死亡1;受傷0,1,機車,普通重型,男,71,不明,未使用,車的狀態,向前直行中,機車,右側車身,,,駕駛人,未依規定讓車,否,120.5644,23.883358
2021,11,20211107,135300,A1,新竹縣政府警察局,新竹縣橫山鄉中豐路三段與大平地265巷口,晴,日間自然光線,其他,60,交岔路,三岔路,交叉路口,交叉口附近,柏油,乾燥,無缺陷,無障礙物,良好,良好,行車管制號誌,正常,雙向禁止超車線,無標記,未繪設車道線,未繪設快慢車道分隔線,有,汽(機)車本身,撞號誌、標誌桿,其他,不明原因肇事,死亡1;受傷0,2,,,無或物(動物、堆置物),-1,,,,,,,,,無(非車輛駕駛人因素),尚未發現肇事因素,否,121.167937,24.747354
2021,11,20211107,135300,A1,新竹縣政府警察局,新竹縣橫山鄉中豐路三段與大平地265巷口,晴,日間自然光線,其他,60,交岔路,三岔路,交叉路口,交叉口附近,柏油,乾燥,無缺陷,無障礙物,良好,良好,行車管制號誌,正常,雙向禁止超車線,無標記,未繪設車道線,未繪設快慢車道分隔線,有,汽(機)車本身,撞號誌、標誌桿,其他,不明原因肇事,死亡1;受傷0,1,小貨車(含客、貨兩用),自用,男,50,未戴案全帽或未繫安全帶(未使用幼童安全椅),未使用,車的狀態,向前直行中,汽車,前車頭,,,其他,不明原因肇事,否,121.167937,24.747354
2021,11,20211108,224700,A1,高雄市政府警察局,高雄市仁武區水管路 / 高雄市仁武區仁和街,晴,夜間(或隧道、地下道、涵洞)有照明,市區道路,50,交岔路,四岔路,交叉路口,交叉路口內,柏油,乾燥,無缺陷,無障礙物,良好,良好,行車管制號誌,正常,中央分向島,寛式(50公分以上),禁止變換車道線(附標記),寛式快慢車道分隔島(50公分以上),有,車與車,側撞,駕駛人,右轉彎未依規定,死亡1;受傷0,2,機車,普通重型,女,21,不明,不明,車的狀態,向前直行中,機車,前車頭,機車,前車頭,無(車輛駕駛人因素),尚未發現肇事因素,否,120.347489,22.705587
2021,11,20211108,224700,A1,高雄市政府警察局,高雄市仁武區水管路 / 高雄市仁武區仁和街,晴,夜間(或隧道、地下道、涵洞)有照明,市區道路,50,交岔路,四岔路,交叉路口,交叉路口內,柏油,乾燥,無缺陷,無障礙物,良好,良好,行車管制號誌,正常,中央分向島,寛式(50公分以上),禁止變換車道線(附標記),寛式快慢車道分隔島(50公分以上),有,車與車,側撞,駕駛人,右轉彎未依規定,死亡1;受傷0,1,小貨車(含客、貨兩用),自用,男,63,戴安全帽或繫安全帶(使用幼童安全椅),未使用,車的狀態,右轉彎,汽車,右前車頭(身),汽車,右前車頭(身),駕駛人,右轉彎未依規定,否,120.347489,22.705587
2021,11,20211109,100600,A1,桃園市政府警察局,桃園市八德區新興路附近 / 桃園市八德區建國路附近,晴,日間自然光線,市區道路,50,交岔路,三岔路,交叉路口,交叉口附近,柏油,乾燥,無缺陷,無障礙物,良好,良好,行車管制號誌,正常,雙向禁止超車線,無標記,未繪設車道線,未繪設快慢車道分隔線,有,車與車,其他,駕駛人,違反特定標誌(線)禁制,死亡1;受傷0,2,大貨車,營業用,男,48,不明,不明,車的狀態,起步,汽車,前車頭,,,駕駛人,未注意車前狀態,否,121.291112,24.952986
2021,11,20211109,100600,A1,桃園市政府警察局,桃園市八德區新興路附近 / 桃園市八德區建國路附近,晴,日間自然光線,市區道路,50,交岔路,三岔路,交叉路口,交叉口附近,柏油,乾燥,無缺陷,無障礙物,良好,良好,行車管制號誌,正常,雙向禁止超車線,無標記,未繪設車道線,未繪設快慢車道分隔線,有,車與車,其他,駕駛人,違反特定標誌(線)禁制,死亡1;受傷0,1,慢車,腳踏自行車,男,81,不明,不明,車的狀態,向前直行中,其他,非汽(機)車,,,駕駛人,違反特定標誌(線)禁制,否,121.291112,24.952986
2021,11,20211109,205900,A1,嘉義縣警察局,嘉義縣竹崎鄉龍山村頂枋仔林12-7號(166線50公里700公尺處),晴,夜間(或隧道、地下道、涵洞)有照明,縣道,50,單路部分,直路,路段,一般車道(未劃分快慢車道),柏油,乾燥,無缺陷,無障礙物,良好,良好,無號誌,無號誌,行車分向線,無標記,未繪設車道線,未繪設快慢車道分隔線,有,車與車,側撞,駕駛人,違規超車,死亡1;受傷3,1,小客車,自用,男,36,戴安全帽或繫安全帶(使用幼童安全椅),未使用,車的狀態,超車(含超越),汽車,前車頭,,,駕駛人,違規超車,否,120.566307,23.520301
2021,11,20211109,205900,A1,嘉義縣警察局,嘉義縣竹崎鄉龍山村頂枋仔林12-7號(166線50公里700公尺處),晴,夜間(或隧道、地下道、涵洞)有照明,縣道,50,單路部分,直路,路段,一般車道(未劃分快慢車道),柏油,乾燥,無缺陷,無障礙物,良好,良好,無號誌,無號誌,行車分向線,無標記,未繪設車道線,未繪設快慢車道分隔線,有,車與車,側撞,駕駛人,違規超車,死亡1;受傷3,3,人,行人,女,54,其他(無需使用保護裝備之人),非駕駛人,人的狀態,其他,其他,非汽(機)車,,,無(非車輛駕駛人因素),尚未發現肇事因素,否,120.566307,23.520301
2021,11,20211109,205900,A1,嘉義縣警察局,嘉義縣竹崎鄉龍山村頂枋仔林12-7號(166線50公里700公尺處),晴,夜間(或隧道、地下道、涵洞)有照明,縣道,50,單路部分,直路,路段,一般車道(未劃分快慢車道),柏油,乾燥,無缺陷,無障礙物,良好,良好,無號誌,無號誌,行車分向線,無標記,未繪設車道線,未繪設快慢車道分隔線,有,車與車,側撞,駕駛人,違規超車,死亡1;受傷3,4,人,行人,男,1,其他(無需使用保護裝備之人),非駕駛人,人的狀態,其他,其他,非汽(機)車,,,無(非車輛駕駛人因素),尚未發現肇事因素,否,120.566307,23.520301
2021,11,20211109,205900,A1,嘉義縣警察局,嘉義縣竹崎鄉龍山村頂枋仔林12-7號(166線50公里700公尺處),晴,夜間(或隧道、地下道、涵洞)有照明,縣道,50,單路部分,直路,路段,一般車道(未劃分快慢車道),柏油,乾燥,無缺陷,無障礙物,良好,良好,無號誌,無號誌,行車分向線,無標記,未繪設車道線,未繪設快慢車道分隔線,有,車與車,側撞,駕駛人,違規超車,死亡1;受傷3,5,人,行人,女,65,其他(無需使用保護裝備之人),非駕駛人,人的狀態,其他,其他,非汽(機)車,,,無(非車輛駕駛人因素),尚未發現肇事因素,否,120.566307,23.520301
2021,11,20211109,205900,A1,嘉義縣警察局,嘉義縣竹崎鄉龍山村頂枋仔林12-7號(166線50公里700公尺處),晴,夜間(或隧道、地下道、涵洞)有照明,縣道,50,單路部分,直路,路段,一般車道(未劃分快慢車道),柏油,乾燥,無缺陷,無障礙物,良好,良好,無號誌,無號誌,行車分向線,無標記,未繪設車道線,未繪設快慢車道分隔線,有,車與車,側撞,駕駛人,違規超車,死亡1;受傷3,2,機車,普通重型,男,52,戴安全帽或繫安全帶(使用幼童安全椅),未使用,車的狀態,左轉彎,機車,右側車身,,,無(車輛駕駛人因素),尚未發現肇事因素,否,120.566307,23.520301
2021,11,20211110,70300,A1,雲林縣警察局,雲林縣土庫鎮石廟里產業道路(仁和53西19電桿旁),晴,日間自然光線,村里道路,30,交岔路,四岔路,交叉路口,交叉路口內,柏油,乾燥,無缺陷,無障礙物,良好,良好,無號誌,無號誌,無,無分向設施,未繪設車道線,未繪設快慢車道分隔線,無,車與車,路口交岔撞,駕駛人,未依規定讓車,死亡1;受傷0,1,機車,普通重型,女,61,戴安全帽或繫安全帶(使用幼童安全椅),未使用,車的狀態,向前直行中,機車,前車頭,機車,前車頭,駕駛人,未依規定讓車,否,120.39269,23.694563
2021,11,20211110,70300,A1,雲林縣警察局,雲林縣土庫鎮石廟里產業道路(仁和53西19電桿旁),晴,日間自然光線,村里道路,30,交岔路,四岔路,交叉路口,交叉路口內,柏油,乾燥,無缺陷,無障礙物,良好,良好,無號誌,無號誌,無,無分向設施,未繪設車道線,未繪設快慢車道分隔線,無,車與車,路口交岔撞,駕駛人,未依規定讓車,死亡1;受傷0,2,小貨車(含客、貨兩用),自用,男,34,戴安全帽或繫安全帶(使用幼童安全椅),未使用,車的狀態,向前直行中,汽車,前車頭,汽車,左側車身,駕駛人,未注意車前狀態,否,120.39269,23.694563
2021,11,20211110,73619,A1,宜蘭縣政府警察局,宜蘭縣蘇澳鎮蘇濱路口 / 宜蘭縣蘇澳鎮馬賽路口,陰,日間自然光線,其他,70,交岔路,三岔路,交叉路口,交叉路口內,柏油,乾燥,無缺陷,道路工事(程)中,良好,良好,行車管制號誌,正常,中央分向島,寛式(50公分以上),禁止變換車道線(附標記),快慢車道分隔線,有,車與車,側撞,駕駛人,未依規定讓車,死亡1;受傷0,1,曳引車,營業用,男,44,戴安全帽或繫安全帶(使用幼童安全椅),未使用,車的狀態,右轉彎,汽車,右前車頭(身),,,駕駛人,未依規定讓車,否,121.834572,24.625834
2021,11,20211110,73619,A1,宜蘭縣政府警察局,宜蘭縣蘇澳鎮蘇濱路口 / 宜蘭縣蘇澳鎮馬賽路口,陰,日間自然光線,其他,70,交岔路,三岔路,交叉路口,交叉路口內,柏油,乾燥,無缺陷,道路工事(程)中,良好,良好,行車管制號誌,正常,中央分向島,寛式(50公分以上),禁止變換車道線(附標記),快慢車道分隔線,有,車與車,側撞,駕駛人,未依規定讓車,死亡1;受傷0,2,機車,普通重型,女,64,戴安全帽或繫安全帶(使用幼童安全椅),未使用,車的狀態,向前直行中,機車,前車頭,,,駕駛人,未注意車前狀態,否,121.834572,24.625834
2021,11,20211110,73619,A1,宜蘭縣政府警察局,宜蘭縣蘇澳鎮蘇濱路口 / 宜蘭縣蘇澳鎮馬賽路口,陰,日間自然光線,其他,70,交岔路,三岔路,交叉路口,交叉路口內,柏油,乾燥,無缺陷,道路工事(程)中,良好,良好,行車管制號誌,正常,中央分向島,寛式(50公分以上),禁止變換車道線(附標記),快慢車道分隔線,有,車與車,側撞,駕駛人,未依規定讓車,死亡1;受傷0,5,人,其他人,男,24,其他(無需使用保護裝備之人),未使用,人的狀態,靜立(止),其他,非汽(機)車,,,行人(或乘客),其他引起事故之疏失或行為,否,121.834572,24.625834
2021,11,20211110,73619,A1,宜蘭縣政府警察局,宜蘭縣蘇澳鎮蘇濱路口 / 宜蘭縣蘇澳鎮馬賽路口,陰,日間自然光線,其他,70,交岔路,三岔路,交叉路口,交叉路口內,柏油,乾燥,無缺陷,道路工事(程)中,良好,良好,行車管制號誌,正常,中央分向島,寛式(50公分以上),禁止變換車道線(附標記),快慢車道分隔線,有,車與車,側撞,駕駛人,未依規定讓車,死亡1;受傷0,3,人,其他人,男,49,其他(無需使用保護裝備之人),非駕駛人,人的狀態,靜立(止),其他,非汽(機)車,,,行人(或乘客),其他引起事故之疏失或行為,否,121.834572,24.625834
2021,11,20211110,73619,A1,宜蘭縣政府警察局,宜蘭縣蘇澳鎮蘇濱路口 / 宜蘭縣蘇澳鎮馬賽路口,陰,日間自然光線,其他,70,交岔路,三岔路,交叉路口,交叉路口內,柏油,乾燥,無缺陷,道路工事(程)中,良好,良好,行車管制號誌,正常,中央分向島,寛式(50公分以上),禁止變換車道線(附標記),快慢車道分隔線,有,車與車,側撞,駕駛人,未依規定讓車,死亡1;受傷0,4,人,其他人,男,23,其他(無需使用保護裝備之人),非駕駛人,人的狀態,靜立(止),其他,非汽(機)車,,,行人(或乘客),其他引起事故之疏失或行為,否,121.834572,24.625834
2021,11,20211110,90600,A1,高雄市政府警察局,高雄市彌陀區鹽埕大路 / 高雄市彌陀區和平路,晴,日間自然光線,市區道路,50,交岔路,三岔路,交叉路口,交叉口附近,柏油,乾燥,無缺陷,無障礙物,良好,良好,無號誌,無號誌,行車分向線,無標記,車道線(無標記),未繪設快慢車道分隔線,有,車與車,側撞,駕駛人,橫越道路不慎,死亡1;受傷1,1,機車,普通重型,女,59,戴安全帽或繫安全帶(使用幼童安全椅),未使用,車的狀態,迴轉或橫越道路中,機車,右側車身,機車,右側車身,駕駛人,橫越道路不慎,否,120.2455,22.79027