發生年度,發生月份,發生日期,發生時間,事故類別名稱,處理單位名稱警局層,發生地點,天候名稱,光線名稱,道路類別-第1當事者-名稱,速限-第1當事者,道路型態大類別名稱,道路型態子類別名稱,事故位置大類別名稱,事故位置子類別名稱,路面狀況-路面鋪裝名稱,路面狀況-路面狀態名稱,路面狀況-路面缺陷名稱,道路障礙-障礙物名稱,道路障礙-視距品質名稱,道路障礙-視距名稱,號誌-號誌種類名稱,號誌-號誌動作名稱,車道劃分設施-分向設施大類別名稱,車道劃分設施-分向設施子類別名稱,車道劃分設施-分道設施-快車道或一般車道間名稱,車道劃分設施-分道設施-快慢車道間名稱,車道劃分設施-分道設施-路面邊線名稱,事故類型及型態大類別名稱,事故類型及型態子類別名稱,肇因研判大類別名稱-主要,肇因研判子類別名稱-主要,死亡受傷人數,當事者順位,當事者區分-類別-大類別名稱-車種,當事者區分-類別-子類別名稱-車種,當事者屬-性-別名稱,當事者事故發生時年齡,保護裝備名稱,行動電話或電腦或其他相類功能裝置名稱,當事者行動狀態大類別名稱,當事者行動狀態子類別名稱,車輛撞擊部位大類別名稱-最初,車輛撞擊部位子類別名稱-最初,車輛撞擊部位大類別名稱-其他,車輛撞擊部位子類別名稱-其他,肇因研判大類別名稱-個別,肇因研判子類別名稱-個別,肇事逃逸類別名稱-是否肇逃,經度,緯度
2021,12,20211212,153000,A1,嘉義縣警察局,嘉義縣大埔鄉永樂村台三線313公里處,晴,日間自然光線,省道,40,單路部分,彎曲路及附近,路段,路肩、路緣,柏油,乾燥,無缺陷,無障礙物,良好,良好,無號誌,無號誌,行車分向線,附標記,未繪設車道線,未繪設快慢車道分隔線,有,汽(機)車本身,衝出路外,駕駛人,未依規定減速,死亡1;受傷1,3,機車,大型重型1(550C.C.以上),男,43,戴安全帽或繫安全帶(使用幼童安全椅),未使用,車的狀態,向前直行中,機車,右側車身,機車,左側車身,駕駛人,未依規定減速,否,120.587233,23.357812
2021,12,20211213,73000,A1,雲林縣警察局,雲林縣虎尾鎮建國里158公路拯民國小前路口,晴,日間自然光線,村里道路,50,交岔路,四岔路,交叉路口,交叉路口內,柏油,乾燥,無缺陷,無障礙物,良好,良好,行車管制號誌,正常,中央分向島,寛式(50公分以上),車道線(無標記),未繪設快慢車道分隔線,有,車與車,其他,駕駛人,未依規定讓車,死亡1;受傷0,1,小客車,自用,女,36,戴安全帽或繫安全帶(使用幼童安全椅),未使用,車的狀態,左轉彎,其他,不明,,,駕駛人,未依規定讓車,否,120.40643,23.710304
2021,12,20211213,73000,A1,雲林縣警察局,雲林縣虎尾鎮建國里158公路拯民國小前路口,晴,日間自然光線,村里道路,50,交岔路,四岔路,交叉路口,交叉路口內,柏油,乾燥,無缺陷,無障礙物,良好,良好,行車管制號誌,正常,中央分向島,寛式(50公分以上),車道線(無標記),未繪設快慢車道分隔線,有,車與車,其他,駕駛人,未依規定讓車,死亡1;受傷0,2,機車,普通重型,男,24,戴安全帽或繫安全帶(使用幼童安全椅),未使用,車的狀態,向前直行中,其他,不明,,,駕駛人,未注意車前狀態,否,120.40643,23.710304
2021,12,20211213,222321,A1,國道公路警察局,苗栗縣造橋鄉國道1號 121公里300.0公尺處南側向外側,晴,夜間(或隧道、地下道、涵洞)無照明,國道,100,單路部分,直路,路段,快車道,柏油,乾燥,無缺陷,無障礙物,良好,良好,無號誌,無號誌,中央分向島,寛式(50公分以上),車道線(附標記),未繪設快慢車道分隔線,有,車與車,追撞,其他,拋錨未採安全措施,死亡1;受傷1,2,大貨車,營業用,男,50,戴安全帽或繫安全帶(使用幼童安全椅),未使用,車的狀態,向前直行中,汽車,前車頭,,,駕駛人,未注意車前狀態,否,120.861374,24.597828
2021,12,20211213,222321,A1,國道公路警察局,苗栗縣造橋鄉國道1號 121公里300.0公尺處南側向外側,晴,夜間(或隧道、地下道、涵洞)無照明,國道,100,單路部分,直路,路段,快車道,柏油,乾燥,無缺陷,無障礙物,良好,良好,無號誌,無號誌,中央分向島,寛式(50公分以上),車道線(附標記),未繪設快慢車道分隔線,有,車與車,追撞,其他,拋錨未採安全措施,死亡1;受傷1,1,大貨車,營業用,男,38,戴安全帽或繫安全帶(使用幼童安全椅),未使用,車的狀態,靜止(引擎熄火),汽車,後車尾,,,其他,拋錨未採安全措施,否,120.861374,24.597828
2021,12,20211214,160700,A1,臺南市政府警察局,臺南市仁德區仁義一街西側 / 臺南市仁德區中山路,晴,日間自然光線,縣道,40,交岔路,四岔路,交叉路口,交叉路口內,柏油,乾燥,無缺陷,無障礙物,良好,良好,閃光號誌,正常,無,無分向設施,未繪設車道線,未繪設快慢車道分隔線,無,車與車,路口交岔撞,駕駛人,未依規定讓車,死亡1;受傷0,4,小客車,自用,女,49,不明,未使用,車的狀態,靜止(引擎熄火),其他,不明,,,駕駛人,違反特定標誌(線)禁制,否,120.253059,22.970414
2021,12,20211214,160700,A1,臺南市政府警察局,臺南市仁德區仁義一街西側 / 臺南市仁德區中山路,晴,日間自然光線,縣道,40,交岔路,四岔路,交叉路口,交叉路口內,柏油,乾燥,無缺陷,無障礙物,良好,良好,閃光號誌,正常,無,無分向設施,未繪設車道線,未繪設快慢車道分隔線,無,車與車,路口交岔撞,駕駛人,未依規定讓車,死亡1;受傷0,3,小貨車(含客、貨兩用),自用,男,26,不明,未使用,車的狀態,靜止(引擎熄火),其他,不明,,,駕駛人,違反特定標誌(線)禁制,否,120.253059,22.970414
2021,12,20211214,160700,A1,臺南市政府警察局,臺南市仁德區仁義一街西側 / 臺南市仁德區中山路,晴,日間自然光線,縣道,40,交岔路,四岔路,交叉路口,交叉路口內,柏油,乾燥,無缺陷,無障礙物,良好,良好,閃光號誌,正常,無,無分向設施,未繪設車道線,未繪設快慢車道分隔線,無,車與車,路口交岔撞,駕駛人,未依規定讓車,死亡1;受傷0,2,小客車,計程車,男,21,戴安全帽或繫安全帶(使用幼童安全椅),未使用,車的狀態,向前直行中,汽車,前車頭,,,駕駛人,未依規定減速,否,120.253059,22.970414
2021,12,20211214,160700,A1,臺南市政府警察局,臺南市仁德區仁義一街西側 / 臺南市仁德區中山路,晴,日間自然光線,縣道,40,交岔路,四岔路,交叉路口,交叉路口內,柏油,乾燥,無缺陷,無障礙物,良好,良好,閃光號誌,正常,無,無分向設施,未繪設車道線,未繪設快慢車道分隔線,無,車與車,路口交岔撞,駕駛人,未依規定讓車,死亡1;受傷0,1,機車,普通重型,男,93,戴安全帽或繫安全帶(使用幼童安全椅),未使用,車的狀態,向前直行中,機車,左側車身,,,駕駛人,未依規定讓車,否,120.253059,22.970414
2021,12,20211214,192300,A1,高雄市政府警察局,高雄市彌陀區光和北路光和288路燈號前0.0公尺,晴,夜間(或隧道、地下道、涵洞)有照明,市區道路,50,單路部分,直路,路段,一般車道(未劃分快慢車道),柏油,乾燥,無缺陷,無障礙物,良好,良好,無號誌,無號誌,雙向禁止超車線,無標記,車道線(無標記),未繪設快慢車道分隔線,有,人與汽(機)車,穿越道路中,駕駛人,未注意車前狀態,死亡1;受傷1,1,機車,普通重型,男,44,戴安全帽或繫安全帶(使用幼童安全椅),未使用,車的狀態,向前直行中,機車,前車頭,機車,前車頭,駕駛人,未注意車前狀態,否,120.24289,22.78413
2021,12,20211214,192300,A1,高雄市政府警察局,高雄市彌陀區光和北路光和288路燈號前0.0公尺,晴,夜間(或隧道、地下道、涵洞)有照明,市區道路,50,單路部分,直路,路段,一般車道(未劃分快慢車道),柏油,乾燥,無缺陷,無障礙物,良好,良好,無號誌,無號誌,雙向禁止超車線,無標記,車道線(無標記),未繪設快慢車道分隔線,有,人與汽(機)車,穿越道路中,駕駛人,未注意車前狀態,死亡1;受傷1,2,人,行人,男,66,其他(無需使用保護裝備之人),非駕駛人,人的狀態,步行,其他,非汽(機)車,其他,非汽(機)車,行人(或乘客),穿越道路未注意左右來車,否,120.24289,22.78413
2021,12,20211215,111200,A1,桃園市政府警察局,桃園市中壢區龍慈路635巷168號前0.0公尺,晴,日間自然光線,市區道路,30,單路部分,直路,路段,一般車道(未劃分快慢車道),柏油,乾燥,無缺陷,無障礙物,良好,良好,無號誌,無號誌,無,無分向設施,未繪設車道線,未繪設快慢車道分隔線,無,車與車,同向擦撞,駕駛人,未保持行車安全間隔,死亡1;受傷0,1,小客車,自用,男,57,不明,未使用,車的狀態,超車(含超越),汽車,右後車尾(身),,,駕駛人,未保持行車安全間隔,否,121.243133,24.934694
2021,12,20211215,111200,A1,桃園市政府警察局,桃園市中壢區龍慈路635巷168號前0.0公尺,晴,日間自然光線,市區道路,30,單路部分,直路,路段,一般車道(未劃分快慢車道),柏油,乾燥,無缺陷,無障礙物,良好,良好,無號誌,無號誌,無,無分向設施,未繪設車道線,未繪設快慢車道分隔線,無,車與車,同向擦撞,駕駛人,未保持行車安全間隔,死亡1;受傷0,2,機車,普通重型,男,82,不明,不明,車的狀態,向前直行中,機車,左側車身,,,無(車輛駕駛人因素),尚未發現肇事因素,否,121.243133,24.934694
2021,12,20211215,122600,A1,新北市政府警察局,新北市瑞芳區新北市瑞芳區臺2線道路76.5k,晴,日間自然光線,省道,50,單路部分,直路,路段,一般車道(未劃分快慢車道),柏油,乾燥,無缺陷,無障礙物,良好,良好,無號誌,無號誌,雙向禁止超車線,無標記,未繪設車道線,未繪設快慢車道分隔線,有,車與車,對撞,駕駛人,酒醉(後)駕駛失控,死亡1;受傷0,1,機車,普通重型,男,39,不明,不明,車的狀態,其他,機車,前車頭,機車,前車頭,駕駛人,酒醉(後)駕駛失控,否,121.842028,25.122113
2021,12,20211215,122600,A1,新北市政府警察局,新北市瑞芳區新北市瑞芳區臺2線道路76.5k,晴,日間自然光線,省道,50,單路部分,直路,路段,一般車道(未劃分快慢車道),柏油,乾燥,無缺陷,無障礙物,良好,良好,無號誌,無號誌,雙向禁止超車線,無標記,未繪設車道線,未繪設快慢車道分隔線,有,車與車,對撞,駕駛人,酒醉(後)駕駛失控,死亡1;受傷0,2,小貨車(含客、貨兩用),自用,男,55,不明,未使用,車的狀態,向前直行中,汽車,前車頭,汽車,前車頭,無(車輛駕駛人因素),尚未發現肇事因素,否,121.842028,25.122113
2021,12,20211215,154200,A1,桃園市政府警察局,桃園市中壢區內厝里中正路四段口 / 桃園市中壢區內厝里中正路四段口,晴,日間自然光線,市區道路,50,交岔路,三岔路,其他,行人穿越道,柏油,乾燥,無缺陷,無障礙物,良好,良好,閃光號誌,正常,行車分向線,無標記,未繪設車道線,未繪設快慢車道分隔線,無,人與汽(機)車,穿越道路中,駕駛人,搶越行人穿越道,死亡1;受傷0,1,小客車,自用,男,45,戴安全帽或繫安全帶(使用幼童安全椅),未使用,車的狀態,向前直行中,汽車,前車頭,,,駕駛人,搶越行人穿越道,否,121.177223,24.990266
2021,12,20211215,154200,A1,桃園市政府警察局,桃園市中壢區內厝里中正路四段口 / 桃園市中壢區內厝里中正路四段口,晴,日間自然光線,市區道路,50,交岔路,三岔路,其他,行人穿越道,柏油,乾燥,無缺陷,無障礙物,良好,良好,閃光號誌,正常,行車分向線,無標記,未繪設車道線,未繪設快慢車道分隔線,無,人與汽(機)車,穿越道路中,駕駛人,搶越行人穿越道,死亡1;受傷0,2,人,行人,男,80,其他(無需使用保護裝備之人),非駕駛人,人的狀態,步行,其他,非汽(機)車,,,無(非車輛駕駛人因素),尚未發現肇事因素,否,121.177223,24.990266
2021,12,20211215,170408,A1,鐵路警察局,桃園市平鎮區山線 68.0公里88.0公尺平鎮區德育路平交道,晴,日間自然光線,其他,15,平交道,有遮斷器,其他,其他,無鋪裝,乾燥,無缺陷,無障礙物,良好,良好,閃光號誌,正常,無,無分向設施,未繪設車道線,未繪設快慢車道分隔線,無,平交道事故,正越過平交道中,行人(或乘客),未依標誌、標線、號誌或手勢指揮穿越道路,死亡1;受傷0,2,其他車,火車,男,29,其他(無需使用保護裝備之人),未使用,車的狀態,向前直行中,汽車,前車頭,,,無(車輛駕駛人因素),尚未發現肇事因素,否,121.219457,24.94917
2021,12,20211215,170408,A1,鐵路警察局,桃園市平鎮區山線 68.0公里88.0公尺平鎮區德育路平交道,晴,日間自然光線,其他,15,平交道,有遮斷器,其他,其他,無鋪裝,乾燥,無缺陷,無障礙物,良好,良好,閃光號誌,正常,無,無分向設施,未繪設車道線,未繪設快慢車道分隔線,無,平交道事故,正越過平交道中,行人(或乘客),未依標誌、標線、號誌或手勢指揮穿越道路,死亡1;受傷0,1,人,行人,女,82,其他(無需使用保護裝備之人),未使用,人的狀態,步行,其他,非汽(機)車,,,行人(或乘客),未依標誌、標線、號誌或手勢指揮穿越道路,否,121.219457,24.94917
2021,12,20211215,205500,A1,臺南市政府警察局,臺南市永康區復國一路197號,晴,夜間(或隧道、地下道、涵洞)有照明,市區道路,50,交岔路,三岔路,交叉路口,交叉路口內,柏油,乾燥,無缺陷,無障礙物,良好,良好,無號誌,無號誌,無,無分向設施,未繪設車道線,未繪設快慢車道分隔線,無,人與汽(機)車,對向通行中,駕駛人,未注意車前狀態,死亡1;受傷0,2,人,行人,女,66,其他(無需使用保護裝備之人),非駕駛人,人的狀態,不明,其他,不明,,,無(非車輛駕駛人因素),尚未發現肇事因素,否,120.246185,23.007249
2021,12,20211215,205500,A1,臺南市政府警察局,臺南市永康區復國一路197號,晴,夜間(或隧道、地下道、涵洞)有照明,市區道路,50,交岔路,三岔路,交叉路口,交叉路口內,柏油,乾燥,無缺陷,無障礙物,良好,良好,無號誌,無號誌,無,無分向設施,未繪設車道線,未繪設快慢車道分隔線,無,人與汽(機)車,對向通行中,駕駛人,未注意車前狀態,死亡1;受傷0,1,小客車,自用,男,49,戴安全帽或繫安全帶(使用幼童安全椅),未使用,車的狀態,迴轉或橫越道路中,汽車,前車頭,,,駕駛人,未注意車前狀態,否,120.246185,23.007249
2021,12,20211216,101300,A1,嘉義市政府警察局,嘉義市西區導明里垂楊路 / 嘉義市西區導明里永安街,晴,日間自然光線,市區道路,50,單路部分,直路,路段,一般車道(未劃分快慢車道),柏油,乾燥,無缺陷,無障礙物,良好,良好,無號誌,無號誌,中央分向島,寛式(50公分以上),未繪設車道線,未繪設快慢車道分隔線,有,汽(機)車本身,路上翻車、摔倒,其他,不明原因肇事,死亡1;受傷1,2,,,無或物(動物、堆置物),0,,,,,,,,,無(非車輛駕駛人因素),尚未發現肇事因素,否,120.451668,23.473946
2021,12,20211216,101300,A1,嘉義市政府警察局,嘉義市西區導明里垂楊路 / 嘉義市西區導明里永安街,晴,日間自然光線,市區道路,50,單路部分,直路,路段,一般車道(未劃分快慢車道),柏油,乾燥,無缺陷,無障礙物,良好,良好,無號誌,無號誌,中央分向島,寛式(50公分以上),未繪設車道線,未繪設快慢車道分隔線,有,汽(機)車本身,路上翻車、摔倒,其他,不明原因肇事,死亡1;受傷1,1,機車,普通重型,女,77,戴安全帽或繫安全帶(使用幼童安全椅),未使用,車的狀態,向前直行中,機車,右側車身,,,其他,不明原因肇事,否,120.451668,23.473946
2021,12,20211216,101300,A1,嘉義市政府警察局,嘉義市西區導明里垂楊路 / 嘉義市西區導明里永安街,晴,日間自然光線,市區道路,50,單路部分,直路,路段,一般車道(未劃分快慢車道),柏油,乾燥,無缺陷,無障礙物,良好,良好,無號誌,無號誌,中央分向島,寛式(50公分以上),未繪設車道線,未繪設快慢車道分隔線,有,汽(機)車本身,路上翻車、摔倒,其他,不明原因肇事,死亡1;受傷1,3,人,乘客,男,78,戴安全帽或繫安全帶(使用幼童安全椅),未使用,人的狀態,其他,其他,非汽(機)車,,,無(非車輛駕駛人因素),尚未發現肇事因素,否,120.451668,23.473946
2021,12,20211216,102500,A1,屏東縣政府警察局,屏東縣新園鄉五房路365號前0.0公尺東側,晴,日間自然光線,村里道路,40,交岔路,四岔路,交叉路口,交叉路口內,柏油,乾燥,無缺陷,無障礙物,良好,良好,行車管制號誌,正常,中央分向島,寛式(50公分以上),未繪設車道線,未繪設快慢車道分隔線,有,車與車,路口交岔撞,駕駛人,違反號誌管制或指揮,死亡1;受傷0,1,機車,普通重型,女,77,戴安全帽或繫安全帶(使用幼童安全椅),未使用,車的狀態,向前直行中,機車,前車頭,,,駕駛人,違反號誌管制或指揮,否,120.437349,22.499585
2021,12,20211216,102500,A1,屏東縣政府警察局,屏東縣新園鄉五房路365號前0.0公尺東側,晴,日間自然光線,村里道路,40,交岔路,四岔路,交叉路口,交叉路口內,柏油,乾燥,無缺陷,無障礙物,良好,良好,行車管制號誌,正常,中央分向島,寛式(50公分以上),未繪設車道線,未繪設快慢車道分隔線,有,車與車,路口交岔撞,駕駛人,違反號誌管制或指揮,死亡1;受傷0,2,大貨車,營業用,男,37,戴安全帽或繫安全帶(使用幼童安全椅),未使用,車的狀態,向前直行中,汽車,右前車頭(身),,,無(車輛駕駛人因素),尚未發現肇事因素,否,120.437349,22.499585
2021,12,20211216,123400,A1,屏東縣政府警察局,屏東縣九如鄉東寧路、東寧路19巷口,晴,日間自然光線,村里道路,50,交岔路,三岔路,交叉路口,交叉路口內,柏油,乾燥,無缺陷,無障礙物,良好,良好,無號誌,無號誌,行車分向線,無標記,未繪設車道線,未繪設快慢車道分隔線,有,車與車,側撞,駕駛人,未依規定讓車,死亡1;受傷0,2,機車,普通重型,男,25,戴安全帽或繫安全帶(使用幼童安全椅),未使用,車的狀態,向前直行中,機車,前車頭,,,駕駛人,未注意車前狀態,否,120.503493,22.735725
2021,12,20211216,123400,A1,屏東縣政府警察局,屏東縣九如鄉東寧路、東寧路19巷口,晴,日間自然光線,村里道路,50,交岔路,三岔路,交叉路口,交叉路口內,柏油,乾燥,無缺陷,無障礙物,良好,良好,無號誌,無號誌,行車分向線,無標記,未繪設車道線,未繪設快慢車道分隔線,有,車與車,側撞,駕駛人,未依規定讓車,死亡1;受傷0,1,小貨車(含客、貨兩用),自用,男,60,戴安全帽或繫安全帶(使用幼童安全椅),未使用,車的狀態,右轉彎,汽車,右前車頭(身),,,駕駛人,未依規定讓車,否,120.503493,22.735725
2021,12,20211216,141900,A1,臺中市政府警察局,臺中市太平區永平里永平路一段9號前0.0公尺,晴,日間自然光線,市區道路,50,單路部分,直路,路段,一般車道(未劃分快慢車道),柏油,乾燥,無缺陷,無障礙物,良好,良好,無號誌,無號誌,行車分向線,無標記,車道線(無標記),未繪設快慢車道分隔線,無,人與汽(機)車,穿越道路中,駕駛人,未注意車前狀態,死亡1;受傷0,1,小客車,自用,男,40,戴安全帽或繫安全帶(使用幼童安全椅),未使用,車的狀態,起步,汽車,左前車頭(身),,,駕駛人,未注意車前狀態,否,120.719678,24.131212
2021,12,20211216,141900,A1,臺中市政府警察局,臺中市太平區永平里永平路一段9號前0.0公尺,晴,日間自然光線,市區道路,50,單路部分,直路,路段,一般車道(未劃分快慢車道),柏油,乾燥,無缺陷,無障礙物,良好,良好,無號誌,無號誌,行車分向線,無標記,車道線(無標記),未繪設快慢車道分隔線,無,人與汽(機)車,穿越道路中,駕駛人,未注意車前狀態,死亡1;受傷0,2,人,行人,女,64,其他(無需使用保護裝備之人),非駕駛人,人的狀態,步行,其他,非汽(機)車,,,行人(或乘客),未依規定行走行人穿越道、地下道、天橋而穿越道路,否,120.719678,24.131212
2021,12,20211217,113800,A1,新竹市警察局,新竹市東區中華路1段2巷121號,陰,日間自然光線,市區道路,40,單路部分,直路,路段,一般車道(未劃分快慢車道),柏油,乾燥,無缺陷,無障礙物,良好,良好,無號誌,無號誌,無,無分向設施,未繪設車道線,未繪設快慢車道分隔線,有,人與汽(機)車,其他,無(車輛駕駛人因素),尚未發現肇事因素,死亡1;受傷0,2,人,行人,男,58,其他(無需使用保護裝備之人),非駕駛人,人的狀態,其他,其他,非汽(機)車,,,行人(或乘客),其他引起事故之疏失或行為,否,120.996034,24.818363
2021,12,20211217,113800,A1,新竹市警察局,新竹市東區中華路1段2巷121號,陰,日間自然光線,市區道路,40,單路部分,直路,路段,一般車道(未劃分快慢車道),柏油,乾燥,無缺陷,無障礙物,良好,良好,無號誌,無號誌,無,無分向設施,未繪設車道線,未繪設快慢車道分隔線,有,人與汽(機)車,其他,無(車輛駕駛人因素),尚未發現肇事因素,死亡1;受傷0,1,小客車,自用,男,35,戴安全帽或繫安全帶(使用幼童安全椅),未使用,車的狀態,向前直行中,汽車,右後車尾(身),,,無(車輛駕駛人因素),尚未發現肇事因素,否,120.996034,24.818363
2021,12,20211217,170300,A1,新竹縣政府警察局,新竹縣新埔鎮文山里文山路亞東段255號,晴,日間自然光線,縣道,50,單路部分,直路,路段,路肩、路緣,柏油,乾燥,無缺陷,無障礙物,良好,良好,無號誌,無號誌,中央分向島,窄式無柵欄,車道線(無標記),未繪設快慢車道分隔線,有,車與車,其他,駕駛人,酒醉(後)駕駛失控,死亡2;受傷0,1,機車,普通重型,男,50,戴安全帽或繫安全帶(使用幼童安全椅),未使用,車的狀態,向前直行中,機車,前車頭,,,駕駛人,酒醉(後)駕駛失控,否,121.059598,24.824731
2021,12,20211217,170300,A1,新竹縣政府警察局,新竹縣新埔鎮文山里文山路亞東段255號,晴,日間自然光線,縣道,50,單路部分,直路,路段,路肩、路緣,柏油,乾燥,無缺陷,無障礙物,良好,良好,無號誌,無號誌,中央分向島,窄式無柵欄,車道線(無標記),未繪設快慢車道分隔線,有,車與車,其他,駕駛人,酒醉(後)駕駛失控,死亡2;受傷0,3,人,乘客,女,73,戴安全帽或繫安全帶(使用幼童安全椅),未使用,人的狀態,其他,其他,不明,,,無(非車輛駕駛人因素),尚未發現肇事因素,否,121.059598,24.824731
2021,12,20211217,170300,A1,新竹縣政府警察局,新竹縣新埔鎮文山里文山路亞東段255號,晴,日間自然光線,縣道,50,單路部分,直路,路段,路肩、路緣,柏油,乾燥,無缺陷,無障礙物,良好,良好,無號誌,無號誌,中央分向島,窄式無柵欄,車道線(無標記),未繪設快慢車道分隔線,有,車與車,其他,駕駛人,酒醉(後)駕駛失控,死亡2;受傷0,2,小客車,自用,男,34,戴安全帽或繫安全帶(使用幼童安全椅),未使用,車的狀態,靜止(引擎熄火),汽車,左後車尾(身),,,無(車輛駕駛人因素),尚未發現肇事因素,否,121.059598,24.824731
2021,12,20211217,174053,A1,雲林縣警察局,雲林縣斗南鎮新崙路東側 / 雲林縣斗南鎮新崙南路南側,晴,夜間(或隧道、地下道、涵洞)有照明,村里道路,50,交岔路,四岔路,交叉路口,交叉路口內,柏油,乾燥,無缺陷,無障礙物,良好,良好,行車管制號誌,正常,雙向禁止超車線,無標記,未繪設車道線,未繪設快慢車道分隔線,有,車與車,側撞,駕駛人,酒醉(後)駕駛失控,死亡1;受傷1,1,小客車,自用,男,52,戴安全帽或繫安全帶(使用幼童安全椅),不明,車的狀態,左轉彎,汽車,前車頭,,,駕駛人,酒醉(後)駕駛失控,否,120.4364,23.678698
2021,12,20211217,174053,A1,雲林縣警察局,雲林縣斗南鎮新崙路東側 / 雲林縣斗南鎮新崙南路南側,晴,夜間(或隧道、地下道、涵洞)有照明,村里道路,50,交岔路,四岔路,交叉路口,交叉路口內,柏油,乾燥,無缺陷,無障礙物,良好,良好,行車管制號誌,正常,雙向禁止超車線,無標記,未繪設車道線,未繪設快慢車道分隔線,有,車與車,側撞,駕駛人,酒醉(後)駕駛失控,死亡1;受傷1,2,機車,普通重型,男,19,戴安全帽或繫安全帶(使用幼童安全椅),不明,車的狀態,向前直行中,機車,前車頭,,,駕駛人,未注意車前狀態,否,120.4364,23.678698
2021,12,20211217,174500,A1,新北市政府警察局,新北市板橋區僑中二街116巷前0.0公尺附近,陰,夜間(或隧道、地下道、涵洞)有照明,市區道路,50,單路部分,直路,路段,一般車道(未劃分快慢車道),柏油,乾燥,無缺陷,無障礙物,良好,良好,無號誌,無號誌,行車分向線,無標記,未繪設車道線,未繪設快慢車道分隔線,有,人與汽(機)車,其他,駕駛人,迴轉未依規定,死亡1;受傷0,2,人,行人,女,61,其他(無需使用保護裝備之人),非駕駛人,人的狀態,步行,其他,非汽(機)車,其他,非汽(機)車,無(非車輛駕駛人因素),尚未發現肇事因素,否,121.454712,25.013643
2021,12,20211217,174500,A1,新北市政府警察局,新北市板橋區僑中二街116巷前0.0公尺附近,陰,夜間(或隧道、地下道、涵洞)有照明,市區道路,50,單路部分,直路,路段,一般車道(未劃分快慢車道),柏油,乾燥,無缺陷,無障礙物,良好,良好,無號誌,無號誌,行車分向線,無標記,未繪設車道線,未繪設快慢車道分隔線,有,人與汽(機)車,其他,駕駛人,迴轉未依規定,死亡1;受傷0,1,小貨車(含客、貨兩用),自用,女,56,戴安全帽或繫安全帶(使用幼童安全椅),未使用,車的狀態,迴轉或橫越道路中,汽車,左前車頭(身),汽車,左前車頭(身),駕駛人,迴轉未依規定,否,121.454712,25.013643
2021,12,20211217,213227,A1,新竹縣政府警察局,新竹縣尖石鄉竹60線26.8K處,晴,夜間(或隧道、地下道、涵洞)無照明,村里道路,30,單路部分,彎曲路及附近,路段,一般車道(未劃分快慢車道),柏油,乾燥,無缺陷,無障礙物,良好,良好,無號誌,無號誌,雙向禁止超車線,附標記,車道線(附標記),未繪設快慢車道分隔線,有,汽(機)車本身,撞路樹、電桿,駕駛人,酒醉(後)駕駛失控,死亡1;受傷2,2,,,無或物(動物、堆置物),-1,,,,,,,,,無(非車輛駕駛人因素),尚未發現肇事因素,否,121.273357,24.636261
2021,12,20211217,213227,A1,新竹縣政府警察局,新竹縣尖石鄉竹60線26.8K處,晴,夜間(或隧道、地下道、涵洞)無照明,村里道路,30,單路部分,彎曲路及附近,路段,一般車道(未劃分快慢車道),柏油,乾燥,無缺陷,無障礙物,良好,良好,無號誌,無號誌,雙向禁止超車線,附標記,車道線(附標記),未繪設快慢車道分隔線,有,汽(機)車本身,撞路樹、電桿,駕駛人,酒醉(後)駕駛失控,死亡1;受傷2,3,人,乘客,男,14,未戴案全帽或未繫安全帶(未使用幼童安全椅),不明,人的狀態,其他,其他,不明,其他,不明,無(非車輛駕駛人因素),尚未發現肇事因素,否,121.273357,24.636261
2021,12,20211217,213227,A1,新竹縣政府警察局,新竹縣尖石鄉竹60線26.8K處,晴,夜間(或隧道、地下道、涵洞)無照明,村里道路,30,單路部分,彎曲路及附近,路段,一般車道(未劃分快慢車道),柏油,乾燥,無缺陷,無障礙物,良好,良好,無號誌,無號誌,雙向禁止超車線,附標記,車道線(附標記),未繪設快慢車道分隔線,有,汽(機)車本身,撞路樹、電桿,駕駛人,酒醉(後)駕駛失控,死亡1;受傷2,4,人,乘客,男,13,未戴案全帽或未繫安全帶(未使用幼童安全椅),不明,人的狀態,其他,其他,不明,其他,不明,無(非車輛駕駛人因素),尚未發現肇事因素,否,121.273357,24.636261
2021,12,20211217,213227,A1,新竹縣政府警察局,新竹縣尖石鄉竹60線26.8K處,晴,夜間(或隧道、地下道、涵洞)無照明,村里道路,30,單路部分,彎曲路及附近,路段,一般車道(未劃分快慢車道),柏油,乾燥,無缺陷,無障礙物,良好,良好,無號誌,無號誌,雙向禁止超車線,附標記,車道線(附標記),未繪設快慢車道分隔線,有,汽(機)車本身,撞路樹、電桿,駕駛人,酒醉(後)駕駛失控,死亡1;受傷2,1,小客車,自用,男,44,未戴案全帽或未繫安全帶(未使用幼童安全椅),不明,車的狀態,左轉彎,汽車,左前車頭(身),汽車,左側車身,駕駛人,酒醉(後)駕駛失控,否,121.273357,24.636261
2021,12,20211217,225900,A1,新北市政府警察局,新北市新莊區新樹路85號前0.0公尺,晴,夜間(或隧道、地下道、涵洞)有照明,市區道路,50,單路部分,直路,路段,一般車道(未劃分快慢車道),柏油,乾燥,無缺陷,無障礙物,良好,良好,無號誌,無號誌,無,無分向設施,未繪設車道線,未繪設快慢車道分隔線,有,車與車,同向擦撞,其他,不明原因肇事,死亡1;受傷0,1,機車,普通重型,男,27,戴安全帽或繫安全帶(使用幼童安全椅),未使用,車的狀態,向前直行中,機車,左側車身,機車,左側車身,其他,不明原因肇事,否,121.430955,25.020127